timestamp,hour,dayofweek,is_weekend,co2_lag1,co2_lag2,co2_lag3,co2_lag24,co2_roll3,co2_roll6,temperature_c,humidity_pct,occupancy_count,target,y
2025-06-03 00:00:00,0,1,0,769.0,851.5,944.0,420.0,854.8333333333334,987.5833333333334,25.9,81.8,0,701.0,647.6
2025-06-03 01:00:00,1,1,0,701.0,769.0,851.5,423.2,773.8333333333334,907.3166666666667,25.25,81.6,0,647.6,623.0
2025-06-03 02:00:00,2,1,0,647.6,701.0,769.0,420.6,705.8666666666667,828.5833333333334,25.02,84.9,0,623.0,576.6
2025-06-03 03:00:00,3,1,0,623.0,647.6,701.0,426.0,657.1999999999999,756.0166666666665,24.99,84.4,0,576.6,534.7
2025-06-03 04:00:00,4,1,0,576.6,623.0,647.6,425.4,615.7333333333333,694.7833333333333,25.17,83.5,0,534.7,518.6
2025-06-03 05:00:00,5,1,0,534.7,576.6,623.0,422.1,578.1,641.9833333333332,25.44,84.5,0,518.6,493.9
2025-06-03 06:00:00,6,1,0,518.6,534.7,576.6,426.3,543.3000000000001,600.25,25.77,86.2,0,493.9,478.0
2025-06-03 07:00:00,7,1,0,493.9,518.6,534.7,424.3,515.7333333333333,565.7333333333332,26.22,85.3,0,478.0,574.3
2025-06-03 08:00:00,8,1,0,478.0,493.9,518.6,517.8,496.8333333333333,537.4666666666667,26.74,83.9,14,574.3,690.2
2025-06-03 09:00:00,9,1,0,574.3,478.0,493.9,649.0,515.4,529.35,27.09,82.6,22,690.2,810.8
2025-06-03 10:00:00,10,1,0,690.2,574.3,478.0,792.7,580.8333333333334,548.2833333333333,27.46,79.7,29,810.8,918.1
2025-06-03 11:00:00,11,1,0,810.8,690.2,574.3,901.4,691.7666666666665,594.3000000000001,28.3,79.5,34,918.1,1022.9
2025-06-03 12:00:00,12,1,0,918.1,810.8,690.2,1005.9,806.3666666666668,660.8833333333333,28.41,78.3,37,1022.9,1105.9
2025-06-03 13:00:00,13,1,0,1022.9,918.1,810.8,1095.0,917.2666666666665,749.0499999999998,28.89,78.6,39,1105.9,1178.1
2025-06-03 14:00:00,14,1,0,1105.9,1022.9,918.1,1164.0,1015.6333333333333,853.6999999999999,29.18,77.6,40,1178.1,1221.3
2025-06-03 15:00:00,15,1,0,1178.1,1105.9,1022.9,1202.3,1102.3,954.3333333333334,29.1,79.1,39,1221.3,1229.8
2025-06-03 16:00:00,16,1,0,1221.3,1178.1,1105.9,1220.3,1168.4333333333334,1042.85,28.64,76.1,37,1229.8,1215.6
2025-06-03 17:00:00,17,1,0,1229.8,1221.3,1178.1,1211.9,1209.7333333333333,1112.6833333333332,28.87,77.6,34,1215.6,1185.4
2025-06-03 18:00:00,18,1,0,1215.6,1229.8,1221.3,1182.6,1222.2333333333333,1162.2666666666667,28.6,79.1,29,1185.4,1130.7
2025-06-03 19:00:00,19,1,0,1185.4,1215.6,1229.8,1120.0,1210.2666666666667,1189.3500000000001,28.14,80.0,22,1130.7,1063.1
2025-06-03 20:00:00,20,1,0,1130.7,1185.4,1215.6,1058.4,1177.2333333333333,1193.4833333333333,27.56,81.1,14,1063.1,946.8
2025-06-03 21:00:00,21,1,0,1063.1,1130.7,1185.4,944.0,1126.3999999999999,1174.3166666666666,26.87,81.8,0,946.8,850.6
2025-06-03 22:00:00,22,1,0,946.8,1063.1,1130.7,851.5,1046.8666666666666,1128.5666666666666,26.21,84.4,0,850.6,774.9
2025-06-03 23:00:00,23,1,0,850.6,946.8,1063.1,769.0,953.5,1065.3666666666666,25.86,83.5,0,774.9,701.4
2025-06-04 00:00:00,0,2,0,774.9,850.6,946.8,701.0,857.4333333333334,991.9166666666666,25.52,86.1,0,701.4,651.3
2025-06-04 01:00:00,1,2,0,701.4,774.9,850.6,647.6,775.6333333333333,911.25,25.41,85.1,0,651.3,621.0
2025-06-04 02:00:00,2,2,0,651.3,701.4,774.9,623.0,709.1999999999999,831.35,25.36,85.2,0,621.0,578.5
2025-06-04 03:00:00,3,2,0,621.0,651.3,701.4,576.6,657.9,757.6666666666666,25.6,82.2,0,578.5,559.0
2025-06-04 04:00:00,4,2,0,578.5,621.0,651.3,534.7,616.9333333333333,696.2833333333333,25.66,81.3,0,559.0,528.4
2025-06-04 05:00:00,5,2,0,559.0,578.5,621.0,518.6,586.1666666666666,647.6833333333333,26.0,83.9,0,528.4,504.3
2025-06-04 06:00:00,6,2,0,528.4,559.0,578.5,493.9,555.3000000000001,606.6,26.51,83.5,0,504.3,495.4
2025-06-04 07:00:00,7,2,0,504.3,528.4,559.0,478.0,530.5666666666667,573.75,26.61,81.1,0,495.4,572.0
2025-06-04 08:00:00,8,2,0,495.4,504.3,528.4,574.3,509.3666666666666,547.7666666666667,27.03,80.3,14,572.0,676.4
2025-06-04 09:00:00,9,2,0,572.0,495.4,504.3,690.2,523.9,539.6,27.35,81.2,22,676.4,790.8
2025-06-04 10:00:00,10,2,0,676.4,572.0,495.4,810.8,581.2666666666668,555.9166666666666,27.38,79.6,29,790.8,917.7
2025-06-04 11:00:00,11,2,0,790.8,676.4,572.0,918.1,679.7333333333332,594.5500000000001,27.93,81.2,34,917.7,1029.9
2025-06-04 12:00:00,12,2,0,917.7,790.8,676.4,1022.9,794.9666666666667,659.4333333333333,28.52,80.2,37,1029.9,1118.0
2025-06-04 13:00:00,13,2,0,1029.9,917.7,790.8,1105.9,912.8000000000001,747.0333333333333,29.32,79.5,39,1118.0,1169.3
2025-06-04 14:00:00,14,2,0,1118.0,1029.9,917.7,1178.1,1021.8666666666668,850.8000000000001,29.43,79.5,40,1169.3,1215.0
2025-06-04 15:00:00,15,2,0,1169.3,1118.0,1029.9,1221.3,1105.7333333333333,950.35,29.45,77.5,39,1215.0,1223.6
2025-06-04 16:00:00,16,2,0,1215.0,1169.3,1118.0,1229.8,1167.4333333333334,1040.1166666666666,29.54,76.7,37,1223.6,1215.6
2025-06-04 17:00:00,17,2,0,1223.6,1215.0,1169.3,1215.6,1202.6333333333332,1112.25,29.15,78.1,34,1215.6,1194.7
2025-06-04 18:00:00,18,2,0,1215.6,1223.6,1215.0,1185.4,1218.0666666666666,1161.8999999999999,28.61,78.1,29,1194.7,1132.5
2025-06-04 19:00:00,19,2,0,1194.7,1215.6,1223.6,1130.7,1211.3,1189.3666666666666,28.51,78.7,22,1132.5,1061.3
2025-06-04 20:00:00,20,2,0,1132.5,1194.7,1215.6,1063.1,1180.9333333333334,1191.7833333333333,27.76,80.2,14,1061.3,944.8
2025-06-04 21:00:00,21,2,0,1061.3,1132.5,1194.7,946.8,1129.5,1173.7833333333333,27.12,82.6,0,944.8,857.7
2025-06-04 22:00:00,22,2,0,944.8,1061.3,1132.5,850.6,1046.2,1128.75,26.83,82.5,0,857.7,785.0
2025-06-04 23:00:00,23,2,0,857.7,944.8,1061.3,774.9,954.6,1067.7666666666667,26.32,85.1,0,785.0,719.7
2025-06-05 00:00:00,0,3,0,785.0,857.7,944.8,701.4,862.5,996.0,25.65,84.8,0,719.7,662.8
2025-06-05 01:00:00,1,3,0,719.7,785.0,857.7,651.3,787.4666666666667,916.8333333333334,25.36,87.8,0,662.8,620.0
2025-06-05 02:00:00,2,3,0,662.8,719.7,785.0,621.0,722.5,838.5500000000001,25.52,86.2,0,620.0,585.7
2025-06-05 03:00:00,3,3,0,620.0,662.8,719.7,578.5,667.5,765.0,25.48,82.8,0,585.7,555.9
2025-06-05 04:00:00,4,3,0,585.7,620.0,662.8,559.0,622.8333333333334,705.15,25.28,82.3,0,555.9,534.6
2025-06-05 05:00:00,5,3,0,555.9,585.7,620.0,528.4,587.1999999999999,654.85,25.52,83.5,0,534.6,510.8
2025-06-05 06:00:00,6,3,0,534.6,555.9,585.7,504.3,558.7333333333333,613.1166666666667,25.71,84.6,0,510.8,492.2
2025-06-05 07:00:00,7,3,0,510.8,534.6,555.9,495.4,533.7666666666667,578.3000000000001,25.95,85.5,0,492.2,566.1
2025-06-05 08:00:00,8,3,0,492.2,510.8,534.6,572.0,512.5333333333334,549.8666666666667,26.41,83.0,14,566.1,680.8
2025-06-05 09:00:00,9,3,0,566.1,492.2,510.8,676.4,523.0333333333333,540.8833333333333,26.9,83.0,22,680.8,811.3
2025-06-05 10:00:00,10,3,0,680.8,566.1,492.2,790.8,579.6999999999999,556.7333333333333,27.52,83.1,29,811.3,930.6
2025-06-05 11:00:00,11,3,0,811.3,680.8,566.1,917.7,686.0666666666666,599.3,28.44,82.0,34,930.6,1024.1
2025-06-05 12:00:00,12,3,0,930.6,811.3,680.8,1029.9,807.5666666666666,665.3000000000001,28.61,82.1,37,1024.1,1112.9
2025-06-05 13:00:00,13,3,0,1024.1,930.6,811.3,1118.0,922.0,750.8499999999999,28.91,83.2,39,1112.9,1173.0
2025-06-05 14:00:00,14,3,0,1112.9,1024.1,930.6,1169.3,1022.5333333333334,854.3000000000001,29.1,81.4,40,1173.0,1220.0
2025-06-05 15:00:00,15,3,0,1173.0,1112.9,1024.1,1215.0,1103.3333333333333,955.4499999999999,29.25,81.1,39,1220.0,1224.7
2025-06-05 16:00:00,16,3,0,1220.0,1173.0,1112.9,1223.6,1168.6333333333334,1045.3166666666668,29.19,81.7,37,1224.7,1204.3
2025-06-05 17:00:00,17,3,0,1224.7,1220.0,1173.0,1215.6,1205.8999999999999,1114.2166666666667,28.94,83.1,34,1204.3,1179.8
2025-06-05 18:00:00,18,3,0,1204.3,1224.7,1220.0,1194.7,1216.3333333333333,1159.8333333333333,28.61,81.0,29,1179.8,1142.8
2025-06-05 19:00:00,19,3,0,1179.8,1204.3,1224.7,1132.5,1202.9333333333332,1185.7833333333335,27.79,82.7,22,1142.8,1058.7
2025-06-05 20:00:00,20,3,0,1142.8,1179.8,1204.3,1061.3,1175.6333333333332,1190.7666666666667,27.48,83.2,14,1058.7,936.3
2025-06-05 21:00:00,21,3,0,1058.7,1142.8,1179.8,944.8,1127.1,1171.7166666666665,26.85,83.5,0,936.3,844.9
2025-06-05 22:00:00,22,3,0,936.3,1058.7,1142.8,857.7,1045.9333333333334,1124.4333333333332,26.35,84.5,0,844.9,762.9
2025-06-05 23:00:00,23,3,0,844.9,936.3,1058.7,785.0,946.6333333333333,1061.1333333333334,26.05,84.5,0,762.9,701.9
2025-06-06 00:00:00,0,4,0,762.9,844.9,936.3,719.7,848.0333333333333,987.5666666666666,25.49,86.5,0,701.9,663.2
2025-06-06 01:00:00,1,4,0,701.9,762.9,844.9,662.8,769.9,907.9166666666666,25.41,86.5,0,663.2,618.1
2025-06-06 02:00:00,2,4,0,663.2,701.9,762.9,620.0,709.3333333333334,827.9833333333335,25.38,84.0,0,618.1,585.0
2025-06-06 03:00:00,3,4,0,618.1,663.2,701.9,585.7,661.0666666666667,754.5500000000001,25.39,84.6,0,585.0,556.3
2025-06-06 04:00:00,4,4,0,585.0,618.1,663.2,555.9,622.1,696.0,25.26,84.7,0,556.3,531.2
2025-06-06 05:00:00,5,4,0,556.3,585.0,618.1,534.6,586.4666666666666,647.9,25.6,83.2,0,531.2,518.8
2025-06-06 06:00:00,6,4,0,531.2,556.3,585.0,510.8,557.5,609.2833333333333,26.11,85.2,0,518.8,486.7
2025-06-06 07:00:00,7,4,0,518.8,531.2,556.3,492.2,535.4333333333333,578.7666666666667,26.18,81.8,0,486.7,560.8
2025-06-06 08:00:00,8,4,0,486.7,518.8,531.2,566.1,512.2333333333333,549.35,26.89,81.3,14,560.8,677.9
2025-06-06 09:00:00,9,4,0,560.8,486.7,518.8,680.8,522.1,539.8000000000001,27.39,80.9,22,677.9,808.3
2025-06-06 10:00:00,10,4,0,677.9,560.8,486.7,811.3,575.1333333333333,555.2833333333334,27.68,80.5,29,808.3,931.9
2025-06-06 11:00:00,11,4,0,808.3,677.9,560.8,930.6,682.3333333333334,597.2833333333333,28.24,79.4,34,931.9,1024.7
2025-06-06 12:00:00,12,4,0,931.9,808.3,677.9,1024.1,806.0333333333333,664.0666666666667,28.46,80.4,37,1024.7,1115.4
2025-06-06 13:00:00,13,4,0,1024.7,931.9,808.3,1112.9,921.6333333333332,748.3833333333333,28.41,79.4,39,1115.4,1174.3
2025-06-06 14:00:00,14,4,0,1115.4,1024.7,931.9,1173.0,1024.0,853.1666666666666,29.18,79.5,40,1174.3,1206.4
2025-06-06 15:00:00,15,4,0,1174.3,1115.4,1024.7,1220.0,1104.8,955.4166666666666,29.06,80.0,39,1206.4,1219.7
2025-06-06 16:00:00,16,4,0,1206.4,1174.3,1115.4,1224.7,1165.3666666666666,1043.5,29.26,78.9,37,1219.7,1210.1
2025-06-06 17:00:00,17,4,0,1219.7,1206.4,1174.3,1204.3,1200.1333333333332,1112.0666666666668,29.03,80.7,34,1210.1,1184.6
2025-06-06 18:00:00,18,4,0,1210.1,1219.7,1206.4,1179.8,1212.0666666666666,1158.4333333333332,29.0,81.1,29,1184.6,1137.2
2025-06-06 19:00:00,19,4,0,1184.6,1210.1,1219.7,1142.8,1204.8,1185.0833333333333,28.14,82.3,22,1137.2,1061.2
2025-06-06 20:00:00,20,4,0,1137.2,1184.6,1210.1,1058.7,1177.3,1188.7166666666667,28.0,84.5,14,1061.2,936.4
2025-06-06 21:00:00,21,4,0,1061.2,1137.2,1184.6,936.3,1127.6666666666667,1169.8666666666666,27.27,86.0,0,936.4,835.9
2025-06-06 22:00:00,22,4,0,936.4,1061.2,1137.2,844.9,1044.9333333333332,1124.8666666666666,26.67,84.8,0,835.9,758.6
2025-06-06 23:00:00,23,4,0,835.9,936.4,1061.2,762.9,944.5,1060.8999999999999,26.45,83.7,0,758.6,702.9
2025-06-07 00:00:00,0,5,1,758.6,835.9,936.4,701.9,843.6333333333333,985.6500000000001,25.96,87.0,0,702.9,667.9
2025-06-07 01:00:00,1,5,1,702.9,758.6,835.9,663.2,765.7999999999998,905.3666666666667,25.39,85.9,0,667.9,619.1
2025-06-07 02:00:00,2,5,1,667.9,702.9,758.6,618.1,709.8000000000001,827.15,25.23,85.4,0,619.1,585.2
2025-06-07 03:00:00,3,5,1,619.1,667.9,702.9,585.0,663.3000000000001,753.4666666666667,25.44,85.1,0,585.2,548.6
2025-06-07 04:00:00,4,5,1,585.2,619.1,667.9,556.3,624.0666666666667,694.9333333333334,25.39,85.1,0,548.6,520.8
2025-06-07 05:00:00,5,5,1,548.6,585.2,619.1,531.2,584.3000000000001,647.0500000000001,25.1,85.4,0,520.8,506.9
2025-06-07 06:00:00,6,5,1,520.8,548.6,585.2,518.8,551.5333333333333,607.4166666666666,25.4,85.9,0,506.9,476.9
2025-06-07 07:00:00,7,5,1,506.9,520.8,548.6,486.7,525.4333333333333,574.75,25.87,85.8,0,476.9,469.7
2025-06-07 08:00:00,8,5,1,476.9,506.9,520.8,560.8,501.5333333333333,542.9166666666666,26.9,85.9,0,469.7,524.1
2025-06-07 09:00:00,9,5,1,469.7,476.9,506.9,677.9,484.5,518.0166666666667,27.66,83.3,10,524.1,608.4
2025-06-07 10:00:00,10,5,1,524.1,469.7,476.9,808.3,490.2333333333333,507.8333333333333,28.12,82.8,16,608.4,684.5
2025-06-07 11:00:00,11,5,1,608.4,524.1,469.7,931.9,534.0666666666666,517.8,28.5,82.4,19,684.5,733.7
2025-06-07 12:00:00,12,5,1,684.5,608.4,524.1,1024.7,605.6666666666666,545.0833333333334,28.66,82.1,20,733.7,770.2
2025-06-07 13:00:00,13,5,1,733.7,684.5,608.4,1115.4,675.5333333333333,582.8833333333333,29.14,79.9,19,770.2,768.9
2025-06-07 14:00:00,14,5,1,770.2,733.7,684.5,1174.3,729.4666666666667,631.7666666666667,29.27,81.0,16,768.9,747.7
2025-06-07 15:00:00,15,5,1,768.9,770.2,733.7,1206.4,757.6,681.6333333333333,29.16,81.1,10,747.7,683.5
2025-06-07 16:00:00,16,5,1,747.7,768.9,770.2,1219.7,762.2666666666668,718.9,28.8,81.7,0,683.5,634.8
2025-06-07 17:00:00,17,5,1,683.5,747.7,768.9,1210.1,733.3666666666667,731.4166666666666,28.76,81.5,0,634.8,600.8
2025-06-07 18:00:00,18,5,1,634.8,683.5,747.7,1184.6,688.6666666666666,723.1333333333333,28.72,83.4,0,600.8,568.3
2025-06-07 19:00:00,19,5,1,600.8,634.8,683.5,1137.2,639.6999999999999,700.9833333333332,28.28,81.8,0,568.3,533.5
2025-06-07 20:00:00,20,5,1,568.3,600.8,634.8,1061.2,601.3,667.3333333333334,28.1,80.7,0,533.5,516.1
2025-06-07 21:00:00,21,5,1,533.5,568.3,600.8,936.4,567.5333333333333,628.1,27.74,82.8,0,516.1,499.4
2025-06-07 22:00:00,22,5,1,516.1,533.5,568.3,835.9,539.3000000000001,589.4999999999999,27.17,80.9,0,499.4,486.3
2025-06-07 23:00:00,23,5,1,499.4,516.1,533.5,758.6,516.3333333333334,558.8166666666667,26.28,83.3,0,486.3,481.1
2025-06-08 00:00:00,0,6,1,486.3,499.4,516.1,702.9,500.59999999999997,534.0666666666667,25.66,83.4,0,481.1,468.1
2025-06-08 01:00:00,1,6,1,481.1,486.3,499.4,667.9,488.93333333333334,514.1166666666667,25.28,83.4,0,468.1,462.5
2025-06-08 02:00:00,2,6,1,468.1,481.1,486.3,619.1,478.5,497.4166666666667,25.58,82.6,0,462.5,454.2
2025-06-08 03:00:00,3,6,1,462.5,468.1,481.1,585.2,470.56666666666666,485.5833333333333,25.22,83.5,0,454.2,453.4
2025-06-08 04:00:00,4,6,1,454.2,462.5,468.1,548.6,461.59999999999997,475.2666666666667,25.08,80.6,0,453.4,446.4
2025-06-08 05:00:00,5,6,1,453.4,454.2,462.5,520.8,456.7,467.59999999999997,25.3,79.1,0,446.4,440.4
2025-06-08 06:00:00,6,6,1,446.4,453.4,454.2,506.9,451.3333333333333,460.95,25.71,79.0,0,440.4,438.0
2025-06-08 07:00:00,7,6,1,440.4,446.4,453.4,476.9,446.7333333333333,454.1666666666667,26.05,81.2,0,438.0,433.6
2025-06-08 08:00:00,8,6,1,438.0,440.4,446.4,469.7,441.59999999999997,449.15000000000003,26.81,82.1,0,433.6,424.6
2025-06-08 09:00:00,9,6,1,433.6,438.0,440.4,524.1,437.3333333333333,444.3333333333333,27.49,79.8,0,424.6,419.1
2025-06-08 10:00:00,10,6,1,424.6,433.6,438.0,608.4,432.06666666666666,439.40000000000003,27.88,81.0,0,419.1,440.9
2025-06-08 11:00:00,11,6,1,419.1,424.6,433.6,684.5,425.7666666666667,433.6833333333334,28.35,77.5,0,440.9,430.0
2025-06-08 12:00:00,12,6,1,440.9,419.1,424.6,733.7,428.2,432.76666666666665,28.76,74.6,0,430.0,427.9
2025-06-08 13:00:00,13,6,1,430.0,440.9,419.1,770.2,430.0,431.0333333333333,29.03,73.0,0,427.9,425.6
2025-06-08 14:00:00,14,6,1,427.9,430.0,440.9,768.9,432.93333333333334,429.34999999999997,28.97,75.7,0,425.6,420.1
2025-06-08 15:00:00,15,6,1,425.6,427.9,430.0,747.7,427.8333333333333,428.01666666666665,29.22,73.5,0,420.1,423.8
2025-06-08 16:00:00,16,6,1,420.1,425.6,427.9,683.5,424.5333333333333,427.2666666666667,29.16,73.2,0,423.8,421.2
2025-06-08 17:00:00,17,6,1,423.8,420.1,425.6,634.8,423.1666666666667,428.04999999999995,28.8,75.3,0,421.2,415.6
2025-06-08 18:00:00,18,6,1,421.2,423.8,420.1,600.8,421.7,424.7666666666667,28.57,75.2,0,415.6,423.1
2025-06-08 19:00:00,19,6,1,415.6,421.2,423.8,568.3,420.2,422.36666666666673,28.65,78.4,0,423.1,420.2
2025-06-08 20:00:00,20,6,1,423.1,415.6,421.2,533.5,419.9666666666667,421.56666666666666,27.81,81.8,0,420.2,423.7
2025-06-08 21:00:00,21,6,1,420.2,423.1,415.6,516.1,419.6333333333334,420.6666666666667,27.41,80.9,0,423.7,428.7
2025-06-08 22:00:00,22,6,1,423.7,420.2,423.1,499.4,422.3333333333333,421.26666666666665,26.9,80.8,0,428.7,430.7
2025-06-08 23:00:00,23,6,1,428.7,423.7,420.2,486.3,424.2,422.0833333333333,26.2,82.8,0,430.7,419.3
2025-06-09 00:00:00,0,0,0,430.7,428.7,423.7,481.1,427.7,423.6666666666667,25.84,84.1,0,419.3,419.3
2025-06-09 01:00:00,1,0,0,419.3,430.7,428.7,468.1,426.23333333333335,424.2833333333333,25.19,83.6,0,419.3,424.7
2025-06-09 02:00:00,2,0,0,419.3,419.3,430.7,462.5,423.09999999999997,423.65000000000003,25.02,86.3,0,424.7,418.8
2025-06-09 03:00:00,3,0,0,424.7,419.3,419.3,454.2,421.09999999999997,424.40000000000003,24.98,86.3,0,418.8,415.8
2025-06-09 04:00:00,4,0,0,418.8,424.7,419.3,453.4,420.9333333333334,423.5833333333333,25.44,84.4,0,415.8,420.0
2025-06-09 05:00:00,5,0,0,415.8,418.8,424.7,446.4,419.76666666666665,421.43333333333334,25.63,84.4,0,420.0,419.4
2025-06-09 06:00:00,6,0,0,420.0,415.8,418.8,440.4,418.2,419.6499999999999,25.89,82.6,0,419.4,430.0
2025-06-09 07:00:00,7,0,0,419.4,420.0,415.8,438.0,418.40000000000003,419.6666666666667,26.34,81.3,0,430.0,521.9
2025-06-09 08:00:00,8,0,0,430.0,419.4,420.0,433.6,423.1333333333334,421.45,26.92,81.4,14,521.9,645.0
2025-06-09 09:00:00,9,0,0,521.9,430.0,419.4,424.6,457.09999999999997,437.65000000000003,27.61,80.9,22,645.0,784.1
2025-06-09 10:00:00,10,0,0,645.0,521.9,430.0,419.1,532.3,475.34999999999997,27.94,80.8,29,784.1,904.6
2025-06-09 11:00:00,11,0,0,784.1,645.0,521.9,440.9,650.3333333333334,536.7333333333333,27.9,80.9,34,904.6,1001.7
2025-06-09 12:00:00,12,0,0,904.6,784.1,645.0,430.0,777.9,617.5,28.51,81.3,37,1001.7,1099.9
2025-06-09 13:00:00,13,0,0,1001.7,904.6,784.1,427.9,896.8000000000001,714.5500000000001,28.79,80.3,39,1099.9,1163.1
2025-06-09 14:00:00,14,0,0,1099.9,1001.7,904.6,425.6,1002.0666666666667,826.2000000000002,29.24,80.5,40,1163.1,1205.2
2025-06-09 15:00:00,15,0,0,1163.1,1099.9,1001.7,420.1,1088.2333333333333,933.0666666666667,29.23,79.0,39,1205.2,1221.4
2025-06-09 16:00:00,16,0,0,1205.2,1163.1,1099.9,423.8,1156.0666666666666,1026.4333333333332,28.93,79.5,37,1221.4,1201.6
2025-06-09 17:00:00,17,0,0,1221.4,1205.2,1163.1,421.2,1196.5666666666666,1099.3166666666668,29.19,79.1,34,1201.6,1168.9
2025-06-09 18:00:00,18,0,0,1201.6,1221.4,1205.2,415.6,1209.3999999999999,1148.8166666666666,28.67,82.4,29,1168.9,1134.3
2025-06-09 19:00:00,19,0,0,1168.9,1201.6,1221.4,423.1,1197.3000000000002,1176.6833333333334,28.44,84.8,22,1134.3,1064.3
2025-06-09 20:00:00,20,0,0,1134.3,1168.9,1201.6,420.2,1168.2666666666667,1182.4166666666667,28.11,84.3,14,1064.3,943.0
2025-06-09 21:00:00,21,0,0,1064.3,1134.3,1168.9,423.7,1122.5,1165.95,27.48,82.5,0,943.0,845.1
2025-06-09 22:00:00,22,0,0,943.0,1064.3,1134.3,428.7,1047.2,1122.25,27.0,83.1,0,845.1,767.1
2025-06-09 23:00:00,23,0,0,845.1,943.0,1064.3,430.7,950.8000000000001,1059.5333333333333,26.37,82.9,0,767.1,697.6
2025-06-10 00:00:00,0,1,0,767.1,845.1,943.0,419.3,851.7333333333332,987.1166666666668,26.2,81.5,0,697.6,654.4
2025-06-10 01:00:00,1,1,0,697.6,767.1,845.1,419.3,769.9333333333334,908.5666666666666,26.01,82.3,0,654.4,618.7
2025-06-10 02:00:00,2,1,0,654.4,697.6,767.1,424.7,706.3666666666668,828.5833333333334,25.32,81.0,0,618.7,586.8
2025-06-10 03:00:00,3,1,0,618.7,654.4,697.6,418.8,656.9,754.3166666666667,25.23,82.7,0,586.8,560.1
2025-06-10 04:00:00,4,1,0,586.8,618.7,654.4,415.8,619.9666666666666,694.9500000000002,25.28,83.3,0,560.1,532.3
2025-06-10 05:00:00,5,1,0,560.1,586.8,618.7,420.0,588.5333333333333,647.4499999999999,25.92,80.5,0,532.3,516.6
2025-06-10 06:00:00,6,1,0,532.3,560.1,586.8,419.4,559.7333333333332,608.3166666666667,25.94,82.3,0,516.6,503.2
2025-06-10 07:00:00,7,1,0,516.6,532.3,560.1,430.0,536.3333333333334,578.15,26.38,82.4,0,503.2,576.0
2025-06-10 08:00:00,8,1,0,503.2,516.6,532.3,521.9,517.3666666666667,552.9499999999999,26.34,82.2,14,576.0,685.7
2025-06-10 09:00:00,9,1,0,576.0,503.2,516.6,645.0,531.9333333333334,545.8333333333334,27.17,81.0,22,685.7,811.8
2025-06-10 10:00:00,10,1,0,685.7,576.0,503.2,784.1,588.3000000000001,562.3166666666667,27.41,81.9,29,811.8,929.7
2025-06-10 11:00:00,11,1,0,811.8,685.7,576.0,904.6,691.1666666666666,604.2666666666668,28.32,83.4,34,929.7,1031.9
2025-06-10 12:00:00,12,1,0,929.7,811.8,685.7,1001.7,809.0666666666667,670.5,28.61,80.5,37,1031.9,1108.6
2025-06-10 13:00:00,13,1,0,1031.9,929.7,811.8,1099.9,924.4666666666668,756.3833333333333,28.74,77.9,39,1108.6,1167.9
2025-06-10 14:00:00,14,1,0,1108.6,1031.9,929.7,1163.1,1023.4000000000001,857.2833333333334,29.09,78.6,40,1167.9,1202.9
2025-06-10 15:00:00,15,1,0,1167.9,1108.6,1031.9,1205.2,1102.8,955.9333333333334,29.47,78.1,39,1202.9,1215.3
2025-06-10 16:00:00,16,1,0,1202.9,1167.9,1108.6,1221.4,1159.8,1042.1333333333332,29.47,78.5,37,1215.3,1206.8
2025-06-10 17:00:00,17,1,0,1215.3,1202.9,1167.9,1201.6,1195.3666666666668,1109.3833333333334,29.17,79.8,34,1206.8,1171.3
2025-06-10 18:00:00,18,1,0,1206.8,1215.3,1202.9,1168.9,1208.3333333333335,1155.5666666666668,29.01,80.0,29,1171.3,1126.3
2025-06-10 19:00:00,19,1,0,1171.3,1206.8,1215.3,1134.3,1197.8000000000002,1178.8,28.62,80.7,22,1126.3,1061.9
2025-06-10 20:00:00,20,1,0,1126.3,1171.3,1206.8,1064.3,1168.1333333333334,1181.75,28.11,82.1,14,1061.9,940.2
2025-06-10 21:00:00,21,1,0,1061.9,1126.3,1171.3,943.0,1119.8333333333335,1164.0833333333333,27.42,83.5,0,940.2,841.4
2025-06-10 22:00:00,22,1,0,940.2,1061.9,1126.3,845.1,1042.8000000000002,1120.3,26.38,83.7,0,841.4,762.2
2025-06-10 23:00:00,23,1,0,841.4,940.2,1061.9,767.1,947.8333333333335,1057.9833333333333,26.08,83.9,0,762.2,707.3
2025-06-11 00:00:00,0,2,0,762.2,841.4,940.2,697.6,847.9333333333334,983.8833333333333,25.47,83.8,0,707.3,649.1
2025-06-11 01:00:00,1,2,0,707.3,762.2,841.4,654.4,770.3000000000001,906.5500000000001,25.41,80.8,0,649.1,607.3
2025-06-11 02:00:00,2,2,0,649.1,707.3,762.2,618.7,706.2000000000002,827.0166666666665,25.34,81.6,0,607.3,570.4
2025-06-11 03:00:00,3,2,0,607.3,649.1,707.3,586.8,654.5666666666667,751.25,25.31,82.6,0,570.4,540.3
2025-06-11 04:00:00,4,2,0,570.4,607.3,649.1,560.1,608.9333333333334,689.6166666666667,25.37,82.5,0,540.3,524.0
2025-06-11 05:00:00,5,2,0,540.3,570.4,607.3,532.3,572.6666666666666,639.4333333333333,25.9,80.9,0,524.0,495.3
2025-06-11 06:00:00,6,2,0,524.0,540.3,570.4,516.6,544.9000000000001,599.7333333333332,26.01,82.6,0,495.3,488.0
2025-06-11 07:00:00,7,2,0,495.3,524.0,540.3,503.2,519.8666666666667,564.4,26.48,80.1,0,488.0,577.8
2025-06-11 08:00:00,8,2,0,488.0,495.3,524.0,576.0,502.4333333333334,537.5500000000001,26.85,83.4,14,577.8,688.0
2025-06-11 09:00:00,9,2,0,577.8,488.0,495.3,685.7,520.3666666666667,532.6333333333333,27.48,82.5,22,688.0,816.7
2025-06-11 10:00:00,10,2,0,688.0,577.8,488.0,811.8,584.6,552.2333333333332,28.14,80.0,29,816.7,932.9
2025-06-11 11:00:00,11,2,0,816.7,688.0,577.8,929.7,694.1666666666666,598.3000000000001,28.5,79.6,34,932.9,1022.8
2025-06-11 12:00:00,12,2,0,932.9,816.7,688.0,1031.9,812.5333333333334,666.45,28.75,79.6,37,1022.8,1107.5
2025-06-11 13:00:00,13,2,0,1022.8,932.9,816.7,1108.6,924.1333333333333,754.3666666666667,29.07,78.6,39,1107.5,1169.6
2025-06-11 14:00:00,14,2,0,1107.5,1022.8,932.9,1167.9,1021.0666666666666,857.6166666666667,29.38,81.2,40,1169.6,1200.2
2025-06-11 15:00:00,15,2,0,1169.6,1107.5,1022.8,1202.9,1099.9666666666665,956.25,29.48,80.7,39,1200.2,1204.9
2025-06-11 16:00:00,16,2,0,1200.2,1169.6,1107.5,1215.3,1159.1000000000001,1041.6166666666666,29.76,78.2,37,1204.9,1208.2
2025-06-11 17:00:00,17,2,0,1204.9,1200.2,1169.6,1206.8,1191.5666666666668,1106.3166666666666,29.15,76.2,34,1208.2,1185.0
2025-06-11 18:00:00,18,2,0,1208.2,1204.9,1200.2,1171.3,1204.4333333333334,1152.2,29.15,75.4,29,1185.0,1136.1
2025-06-11 19:00:00,19,2,0,1185.0,1208.2,1204.9,1126.3,1199.3666666666668,1179.2333333333333,28.44,80.0,22,1136.1,1061.1
2025-06-11 20:00:00,20,2,0,1136.1,1185.0,1208.2,1061.9,1176.4333333333334,1184.0,27.98,78.0,14,1061.1,941.1
2025-06-11 21:00:00,21,2,0,1061.1,1136.1,1185.0,940.2,1127.3999999999999,1165.9166666666667,27.38,78.2,0,941.1,853.0
2025-06-11 22:00:00,22,2,0,941.1,1061.1,1136.1,841.4,1046.1000000000001,1122.7333333333333,27.01,78.5,0,853.0,781.7
2025-06-11 23:00:00,23,2,0,853.0,941.1,1061.1,762.2,951.7333333333335,1064.0833333333333,26.33,80.2,0,781.7,709.2
2025-06-12 00:00:00,0,3,0,781.7,853.0,941.1,707.3,858.6,992.9999999999999,26.17,81.5,0,709.2,661.9
2025-06-12 01:00:00,1,3,0,709.2,781.7,853.0,649.1,781.3000000000002,913.7000000000002,25.77,79.1,0,661.9,612.5
2025-06-12 02:00:00,2,3,0,661.9,709.2,781.7,607.3,717.6,834.6666666666666,25.87,81.6,0,612.5,576.7
2025-06-12 03:00:00,3,3,0,612.5,661.9,709.2,570.4,661.2,759.9,25.81,82.1,0,576.7,551.4
2025-06-12 04:00:00,4,3,0,576.7,612.5,661.9,540.3,617.0333333333334,699.1666666666666,25.62,83.2,0,551.4,523.7
2025-06-12 05:00:00,5,3,0,551.4,576.7,612.5,524.0,580.2000000000002,648.9,25.91,84.2,0,523.7,500.7
2025-06-12 06:00:00,6,3,0,523.7,551.4,576.7,495.3,550.6,605.9,26.26,83.3,0,500.7,472.1
2025-06-12 07:00:00,7,3,0,500.7,523.7,551.4,488.0,525.2666666666668,571.15,26.4,81.4,0,472.1,562.6
2025-06-12 08:00:00,8,3,0,472.1,500.7,523.7,577.8,498.8333333333334,539.5166666666667,26.88,82.0,14,562.6,679.9
2025-06-12 09:00:00,9,3,0,562.6,472.1,500.7,688.0,511.8,531.1999999999999,27.52,80.7,22,679.9,806.6
2025-06-12 10:00:00,10,3,0,679.9,562.6,472.1,816.7,571.5333333333334,548.4,27.55,82.8,29,806.6,922.6
2025-06-12 11:00:00,11,3,0,806.6,679.9,562.6,932.9,683.0333333333334,590.9333333333334,27.92,77.9,34,922.6,1025.7
2025-06-12 12:00:00,12,3,0,922.6,806.6,679.9,1022.8,803.0333333333334,657.4166666666666,28.37,78.1,37,1025.7,1115.5
2025-06-12 13:00:00,13,3,0,1025.7,922.6,806.6,1107.5,918.3000000000001,744.9166666666666,28.84,80.1,39,1115.5,1174.6
2025-06-12 14:00:00,14,3,0,1115.5,1025.7,922.6,1169.6,1021.2666666666668,852.15,29.03,83.0,40,1174.6,1209.6
2025-06-12 15:00:00,15,3,0,1174.6,1115.5,1025.7,1200.2,1105.2666666666667,954.15,29.19,82.4,39,1209.6,1214.5
2025-06-12 16:00:00,16,3,0,1209.6,1174.6,1115.5,1204.9,1166.5666666666666,1042.4333333333334,29.4,81.5,37,1214.5,1195.8
2025-06-12 17:00:00,17,3,0,1214.5,1209.6,1174.6,1208.2,1199.5666666666666,1110.4166666666667,29.16,79.7,34,1195.8,1177.5
2025-06-12 18:00:00,18,3,0,1195.8,1214.5,1209.6,1185.0,1206.6333333333332,1155.95,28.97,80.1,29,1177.5,1135.2
2025-06-12 19:00:00,19,3,0,1177.5,1195.8,1214.5,1136.1,1195.9333333333334,1181.25,28.03,79.6,22,1135.2,1066.2
2025-06-12 20:00:00,20,3,0,1135.2,1177.5,1195.8,1061.1,1169.5,1184.5333333333335,27.65,82.2,14,1066.2,942.6
2025-06-12 21:00:00,21,3,0,1066.2,1135.2,1177.5,941.1,1126.3,1166.4666666666667,27.33,82.2,0,942.6,852.8
2025-06-12 22:00:00,22,3,0,942.6,1066.2,1135.2,853.0,1048.0,1121.9666666666667,26.9,81.8,0,852.8,766.8
2025-06-12 23:00:00,23,3,0,852.8,942.6,1066.2,781.7,953.8666666666667,1061.6833333333332,26.42,83.5,0,766.8,703.4
2025-06-13 00:00:00,0,4,0,766.8,852.8,942.6,709.2,854.0666666666666,990.1833333333334,25.84,84.2,0,703.4,652.3
2025-06-13 01:00:00,1,4,0,703.4,766.8,852.8,661.9,774.3333333333334,911.1666666666666,25.84,81.8,0,652.3,611.1
2025-06-13 02:00:00,2,4,0,652.3,703.4,766.8,612.5,707.5,830.6833333333333,26.04,79.8,0,611.1,584.6
2025-06-13 03:00:00,3,4,0,611.1,652.3,703.4,576.7,655.6,754.8333333333334,25.78,81.1,0,584.6,556.9
2025-06-13 04:00:00,4,4,0,584.6,611.1,652.3,551.4,616.0,695.1666666666666,26.08,80.0,0,556.9,526.2
2025-06-13 05:00:00,5,4,0,556.9,584.6,611.1,523.7,584.1999999999999,645.85,25.91,79.9,0,526.2,511.7
2025-06-13 06:00:00,6,4,0,526.2,556.9,584.6,500.7,555.9000000000001,605.75,26.17,79.8,0,511.7,492.7
2025-06-13 07:00:00,7,4,0,511.7,526.2,556.9,472.1,531.6,573.8000000000001,26.69,75.3,0,492.7,566.3
2025-06-13 08:00:00,8,4,0,492.7,511.7,526.2,562.6,510.20000000000005,547.1999999999999,27.01,76.5,14,566.3,676.6
2025-06-13 09:00:00,9,4,0,566.3,492.7,511.7,679.9,523.5666666666666,539.7333333333333,27.83,77.6,22,676.6,808.7
2025-06-13 10:00:00,10,4,0,676.6,566.3,492.7,806.6,578.5333333333333,555.0666666666667,28.23,77.5,29,808.7,930.5
2025-06-13 11:00:00,11,4,0,808.7,676.6,566.3,922.6,683.8666666666668,597.0333333333334,28.17,80.2,34,930.5,1028.3
2025-06-13 12:00:00,12,4,0,930.5,808.7,676.6,1025.7,805.2666666666668,664.4166666666666,28.69,81.3,37,1028.3,1109.1
2025-06-13 13:00:00,13,4,0,1028.3,930.5,808.7,1115.5,922.5,750.5166666666668,29.29,81.5,39,1109.1,1175.8
2025-06-13 14:00:00,14,4,0,1109.1,1028.3,930.5,1174.6,1022.6333333333332,853.25,29.86,82.0,40,1175.8,1216.8
2025-06-13 15:00:00,15,4,0,1175.8,1109.1,1028.3,1209.6,1104.3999999999999,954.8333333333334,29.81,80.6,39,1216.8,1220.7
2025-06-13 16:00:00,16,4,0,1216.8,1175.8,1109.1,1214.5,1167.2333333333333,1044.8666666666666,29.61,79.9,37,1220.7,1217.5
2025-06-13 17:00:00,17,4,0,1220.7,1216.8,1175.8,1195.8,1204.4333333333334,1113.5333333333333,29.36,78.4,34,1217.5,1193.1
2025-06-13 18:00:00,18,4,0,1217.5,1220.7,1216.8,1177.5,1218.3333333333333,1161.3666666666666,28.93,79.1,29,1193.1,1151.6
2025-06-13 19:00:00,19,4,0,1193.1,1217.5,1220.7,1135.2,1210.4333333333332,1188.8333333333333,28.66,78.9,22,1151.6,1075.6
2025-06-13 20:00:00,20,4,0,1151.6,1193.1,1217.5,1066.2,1187.3999999999999,1195.9166666666667,28.66,80.0,14,1075.6,950.4
2025-06-13 21:00:00,21,4,0,1075.6,1151.6,1193.1,942.6,1140.1,1179.2166666666665,27.93,83.0,0,950.4,860.4
2025-06-13 22:00:00,22,4,0,950.4,1075.6,1151.6,852.8,1059.2,1134.8166666666668,27.73,83.9,0,860.4,771.8
2025-06-13 23:00:00,23,4,0,860.4,950.4,1075.6,766.8,962.1333333333332,1074.7666666666667,26.87,82.1,0,771.8,700.9
2025-06-14 00:00:00,0,5,1,771.8,860.4,950.4,703.4,860.8666666666667,1000.4833333333332,26.62,80.4,0,700.9,655.5
2025-06-14 01:00:00,1,5,1,700.9,771.8,860.4,652.3,777.6999999999999,918.4499999999999,26.1,81.7,0,655.5,612.7
2025-06-14 02:00:00,2,5,1,655.5,700.9,771.8,611.1,709.4,835.7666666666665,25.78,81.8,0,612.7,572.7
2025-06-14 03:00:00,3,5,1,612.7,655.5,700.9,584.6,656.3666666666667,758.6166666666667,25.94,80.9,0,572.7,545.1
2025-06-14 04:00:00,4,5,1,572.7,612.7,655.5,556.9,613.6333333333333,695.6666666666666,25.9,82.5,0,545.1,530.2
2025-06-14 05:00:00,5,5,1,545.1,572.7,612.7,526.2,576.8333333333334,643.1166666666667,25.99,80.5,0,530.2,519.1
2025-06-14 06:00:00,6,5,1,530.2,545.1,572.7,511.7,549.3333333333334,602.85,26.08,81.4,0,519.1,504.7
2025-06-14 07:00:00,7,5,1,519.1,530.2,545.1,492.7,531.4666666666667,572.5500000000001,26.66,82.5,0,504.7,478.1
2025-06-14 08:00:00,8,5,1,504.7,519.1,530.2,566.3,518.0,547.4166666666667,27.18,81.4,0,478.1,525.8
2025-06-14 09:00:00,9,5,1,478.1,504.7,519.1,676.6,500.6333333333334,524.9833333333333,27.57,78.1,10,525.8,602.0
2025-06-14 10:00:00,10,5,1,525.8,478.1,504.7,808.7,502.8666666666666,517.1666666666666,28.1,77.2,16,602.0,669.5
2025-06-14 11:00:00,11,5,1,602.0,525.8,478.1,930.5,535.3000000000001,526.65,28.65,77.1,19,669.5,729.0
2025-06-14 12:00:00,12,5,1,669.5,602.0,525.8,1028.3,599.1,549.8666666666667,29.14,76.3,20,729.0,771.5
2025-06-14 13:00:00,13,5,1,729.0,669.5,602.0,1109.1,666.8333333333334,584.85,29.64,75.7,19,771.5,753.1
2025-06-14 14:00:00,14,5,1,771.5,729.0,669.5,1175.8,723.3333333333334,629.3166666666666,29.62,76.2,16,753.1,745.5
2025-06-14 15:00:00,15,5,1,753.1,771.5,729.0,1216.8,751.2000000000002,675.15,29.47,74.8,10,745.5,687.3
2025-06-14 16:00:00,16,5,1,745.5,753.1,771.5,1220.7,756.7000000000002,711.7666666666668,29.62,77.8,0,687.3,648.4
2025-06-14 17:00:00,17,5,1,687.3,745.5,753.1,1217.5,728.6333333333333,725.9833333333335,29.3,81.5,0,648.4,596.8
2025-06-14 18:00:00,18,5,1,648.4,687.3,745.5,1193.1,693.7333333333335,722.4666666666667,29.11,79.4,0,596.8,564.6
2025-06-14 19:00:00,19,5,1,596.8,648.4,687.3,1151.6,644.1666666666666,700.4333333333334,28.7,82.0,0,564.6,561.2
2025-06-14 20:00:00,20,5,1,564.6,596.8,648.4,1075.6,603.2666666666667,665.95,28.13,82.5,0,561.2,519.5
2025-06-14 21:00:00,21,5,1,561.2,564.6,596.8,950.4,574.2,633.9666666666666,27.59,83.7,0,519.5,500.3
2025-06-14 22:00:00,22,5,1,519.5,561.2,564.6,860.4,548.4333333333334,596.3,26.95,83.6,0,500.3,490.2
2025-06-14 23:00:00,23,5,1,500.3,519.5,561.2,771.8,527.0000000000001,565.1333333333333,26.64,81.5,0,490.2,482.5
2025-06-15 00:00:00,0,6,1,490.2,500.3,519.5,700.9,503.3333333333333,538.7666666666667,25.97,83.8,0,482.5,466.3
2025-06-15 01:00:00,1,6,1,482.5,490.2,500.3,655.5,491.0,519.7166666666667,25.63,83.7,0,466.3,456.7
2025-06-15 02:00:00,2,6,1,466.3,482.5,490.2,612.7,479.66666666666674,503.3333333333333,25.59,83.0,0,456.7,449.4
2025-06-15 03:00:00,3,6,1,456.7,466.3,482.5,572.7,468.5,485.9166666666667,25.45,83.3,0,449.4,438.7
2025-06-15 04:00:00,4,6,1,449.4,456.7,466.3,545.1,457.4666666666667,474.23333333333335,25.51,86.0,0,438.7,436.7
2025-06-15 05:00:00,5,6,1,438.7,449.4,456.7,530.2,448.2666666666667,463.96666666666664,25.93,83.8,0,436.7,438.6
2025-06-15 06:00:00,6,6,1,436.7,438.7,449.4,519.1,441.6000000000001,455.05,26.23,80.3,0,438.6,436.5
2025-06-15 07:00:00,7,6,1,438.6,436.7,438.7,504.7,438.0,447.73333333333335,26.69,80.8,0,436.5,431.8
2025-06-15 08:00:00,8,6,1,436.5,438.6,436.7,478.1,437.2666666666667,442.76666666666665,27.36,78.0,0,431.8,436.8
2025-06-15 09:00:00,9,6,1,431.8,436.5,438.6,525.8,435.6333333333334,438.61666666666673,27.93,77.9,0,436.8,427.1
2025-06-15 10:00:00,10,6,1,436.8,431.8,436.5,602.0,435.03333333333336,436.51666666666665,27.88,78.7,0,427.1,421.7
2025-06-15 11:00:00,11,6,1,427.1,436.8,431.8,669.5,431.9000000000001,434.5833333333333,28.38,76.5,0,421.7,415.9
2025-06-15 12:00:00,12,6,1,421.7,427.1,436.8,729.0,428.53333333333336,432.0833333333333,28.78,79.6,0,415.9,415.6
2025-06-15 13:00:00,13,6,1,415.9,421.7,427.1,771.5,421.56666666666666,428.3,29.27,81.4,0,415.6,423.3
2025-06-15 14:00:00,14,6,1,415.6,415.9,421.7,753.1,417.73333333333335,424.81666666666666,29.64,78.2,0,423.3,408.1
2025-06-15 15:00:00,15,6,1,423.3,415.6,415.9,745.5,418.2666666666667,423.3999999999999,29.55,78.0,0,408.1,418.0
2025-06-15 16:00:00,16,6,1,408.1,423.3,415.6,687.3,415.66666666666674,418.61666666666673,29.43,78.6,0,418.0,422.9
2025-06-15 17:00:00,17,6,1,418.0,408.1,423.3,648.4,416.4666666666667,417.1000000000001,29.72,75.6,0,422.9,428.5
2025-06-15 18:00:00,18,6,1,422.9,418.0,408.1,596.8,416.3333333333333,417.3,29.33,78.0,0,428.5,421.8
2025-06-15 19:00:00,19,6,1,428.5,422.9,418.0,564.6,423.1333333333334,419.3999999999999,28.87,79.9,0,421.8,414.0
2025-06-15 20:00:00,20,6,1,421.8,428.5,422.9,561.2,424.40000000000003,420.43333333333334,28.26,79.3,0,414.0,411.0
2025-06-15 21:00:00,21,6,1,414.0,421.8,428.5,519.5,421.4333333333334,418.8833333333334,27.71,81.4,0,411.0,410.3
2025-06-15 22:00:00,22,6,1,411.0,414.0,421.8,500.3,415.6000000000001,419.3666666666666,27.04,82.3,0,410.3,410.6
2025-06-15 23:00:00,23,6,1,410.3,411.0,414.0,490.2,411.7666666666667,418.0833333333333,26.65,81.9,0,410.6,417.6
2025-06-16 00:00:00,0,0,0,410.6,410.3,411.0,482.5,410.6333333333334,416.03333333333336,26.39,81.1,0,417.6,417.3
2025-06-16 01:00:00,1,0,0,417.6,410.6,410.3,466.3,412.8333333333334,414.21666666666664,26.39,81.1,0,417.3,420.2
2025-06-16 02:00:00,2,0,0,417.3,417.6,410.6,456.7,415.16666666666674,413.4666666666667,26.04,80.5,0,420.2,414.5
2025-06-16 03:00:00,3,0,0,420.2,417.3,417.6,449.4,418.36666666666673,414.5,25.97,79.7,0,414.5,420.6
2025-06-16 04:00:00,4,0,0,414.5,420.2,417.3,438.7,417.3333333333333,415.0833333333333,25.88,80.5,0,420.6,427.7
2025-06-16 05:00:00,5,0,0,420.6,414.5,420.2,436.7,418.4333333333334,416.8,25.88,80.4,0,427.7,428.4
2025-06-16 06:00:00,6,0,0,427.7,420.6,414.5,438.6,420.9333333333334,419.65000000000003,26.33,80.5,0,428.4,424.9
2025-06-16 07:00:00,7,0,0,428.4,427.7,420.6,436.5,425.56666666666666,421.45000000000005,26.37,82.8,0,424.9,520.0
2025-06-16 08:00:00,8,0,0,424.9,428.4,427.7,431.8,427.0,422.71666666666664,26.88,81.4,14,520.0,643.4
2025-06-16 09:00:00,9,0,0,520.0,424.9,428.4,436.8,457.76666666666665,439.3500000000001,27.75,80.6,22,643.4,782.8
2025-06-16 10:00:00,10,0,0,643.4,520.0,424.9,427.1,529.4333333333334,477.5,28.45,80.5,29,782.8,908.3
2025-06-16 11:00:00,11,0,0,782.8,643.4,520.0,421.7,648.7333333333332,537.8666666666667,29.2,81.3,34,908.3,1025.3
2025-06-16 12:00:00,12,0,0,908.3,782.8,643.4,415.9,778.1666666666666,617.9666666666666,29.6,79.3,37,1025.3,1103.6
2025-06-16 13:00:00,13,0,0,1025.3,908.3,782.8,415.6,905.4666666666666,717.4499999999999,29.74,78.6,39,1103.6,1172.0
2025-06-16 14:00:00,14,0,0,1103.6,1025.3,908.3,423.3,1012.4,830.5666666666666,29.66,77.9,40,1172.0,1201.5
2025-06-16 15:00:00,15,0,0,1172.0,1103.6,1025.3,408.1,1100.3,939.2333333333332,29.83,77.7,39,1201.5,1216.6
2025-06-16 16:00:00,16,0,0,1201.5,1172.0,1103.6,418.0,1159.0333333333333,1032.25,29.64,77.6,37,1216.6,1207.8
2025-06-16 17:00:00,17,0,0,1216.6,1201.5,1172.0,422.9,1196.7,1104.55,29.36,78.7,34,1207.8,1178.9
2025-06-16 18:00:00,18,0,0,1207.8,1216.6,1201.5,428.5,1208.6333333333332,1154.4666666666667,29.0,80.8,29,1178.9,1134.9
2025-06-16 19:00:00,19,0,0,1178.9,1207.8,1216.6,421.8,1201.1000000000001,1180.0666666666666,28.67,81.2,22,1134.9,1060.0
2025-06-16 20:00:00,20,0,0,1134.9,1178.9,1207.8,414.0,1173.8666666666668,1185.2833333333333,27.93,79.5,14,1060.0,949.3
2025-06-16 21:00:00,21,0,0,1060.0,1134.9,1178.9,411.0,1124.6000000000001,1166.6166666666668,27.71,80.1,0,949.3,853.7
2025-06-16 22:00:00,22,0,0,949.3,1060.0,1134.9,410.3,1048.0666666666668,1124.5833333333333,27.25,83.8,0,853.7,775.7
2025-06-16 23:00:00,23,0,0,853.7,949.3,1060.0,410.6,954.3333333333334,1064.1000000000001,26.96,83.9,0,775.7,704.8
2025-06-17 00:00:00,0,1,0,775.7,853.7,949.3,417.6,859.5666666666666,992.0833333333334,26.33,80.2,0,704.8,659.5
2025-06-17 01:00:00,1,1,0,704.8,775.7,853.7,417.3,778.0666666666666,913.0666666666667,26.09,80.6,0,659.5,611.6
2025-06-17 02:00:00,2,1,0,659.5,704.8,775.7,420.2,713.3333333333334,833.8333333333334,25.91,79.4,0,611.6,585.6
2025-06-17 03:00:00,3,1,0,611.6,659.5,704.8,414.5,658.6333333333333,759.0999999999999,25.81,80.4,0,585.6,563.6
2025-06-17 04:00:00,4,1,0,585.6,611.6,659.5,420.6,618.9,698.4833333333332,25.7,82.1,0,563.6,535.7
2025-06-17 05:00:00,5,1,0,563.6,585.6,611.6,427.7,586.9333333333334,650.1333333333333,25.73,82.0,0,535.7,508.9
2025-06-17 06:00:00,6,1,0,535.7,563.6,585.6,428.4,561.6333333333333,610.1333333333333,25.59,82.7,0,508.9,491.1
2025-06-17 07:00:00,7,1,0,508.9,535.7,563.6,424.9,536.0666666666667,577.4833333333332,26.36,86.1,0,491.1,570.8
2025-06-17 08:00:00,8,1,0,491.1,508.9,535.7,520.0,511.8999999999999,549.4166666666666,26.71,87.0,14,570.8,686.9
2025-06-17 09:00:00,9,1,0,570.8,491.1,508.9,643.4,523.6,542.6166666666667,27.59,85.8,22,686.9,809.6
2025-06-17 10:00:00,10,1,0,686.9,570.8,491.1,782.8,582.9333333333334,559.5,28.1,85.5,29,809.6,926.5
2025-06-17 11:00:00,11,1,0,809.6,686.9,570.8,908.3,689.1,600.5,28.69,82.9,34,926.5,1036.7
2025-06-17 12:00:00,12,1,0,926.5,809.6,686.9,1025.3,807.6666666666666,665.6333333333333,28.94,81.6,37,1036.7,1114.1
2025-06-17 13:00:00,13,1,0,1036.7,926.5,809.6,1103.6,924.2666666666668,753.6,29.26,78.5,39,1114.1,1172.3
2025-06-17 14:00:00,14,1,0,1114.1,1036.7,926.5,1172.0,1025.7666666666667,857.4333333333334,29.4,78.5,40,1172.3,1214.9
2025-06-17 15:00:00,15,1,0,1172.3,1114.1,1036.7,1201.5,1107.7,957.6833333333333,29.69,77.8,39,1214.9,1228.1
2025-06-17 16:00:00,16,1,0,1214.9,1172.3,1114.1,1216.6,1167.1,1045.6833333333334,29.63,76.7,37,1228.1,1208.9
2025-06-17 17:00:00,17,1,0,1228.1,1214.9,1172.3,1207.8,1205.1,1115.4333333333332,29.24,76.9,34,1208.9,1178.6
2025-06-17 18:00:00,18,1,0,1208.9,1228.1,1214.9,1178.9,1217.3,1162.5,29.03,77.0,29,1178.6,1129.0
2025-06-17 19:00:00,19,1,0,1178.6,1208.9,1228.1,1134.9,1205.2,1186.1499999999999,28.44,78.6,22,1129.0,1061.9
2025-06-17 20:00:00,20,1,0,1129.0,1178.6,1208.9,1060.0,1172.1666666666667,1188.6333333333332,27.91,80.2,14,1061.9,945.8
2025-06-17 21:00:00,21,1,0,1061.9,1129.0,1178.6,949.3,1123.1666666666667,1170.2333333333333,27.42,81.9,0,945.8,844.4
2025-06-17 22:00:00,22,1,0,945.8,1061.9,1129.0,853.7,1045.5666666666666,1125.3833333333332,26.88,83.1,0,844.4,766.3
2025-06-17 23:00:00,23,1,0,844.4,945.8,1061.9,775.7,950.6999999999999,1061.4333333333334,26.68,82.2,0,766.3,705.7
2025-06-18 00:00:00,0,2,0,766.3,844.4,945.8,704.8,852.1666666666666,987.6666666666666,26.56,82.7,0,705.7,658.5
2025-06-18 01:00:00,1,2,0,705.7,766.3,844.4,659.5,772.1333333333333,908.85,26.47,80.4,0,658.5,618.1
2025-06-18 02:00:00,2,2,0,658.5,705.7,766.3,611.6,710.1666666666666,830.4333333333334,25.95,81.3,0,618.1,584.4
2025-06-18 03:00:00,3,2,0,618.1,658.5,705.7,585.6,660.7666666666668,756.4666666666666,26.15,82.1,0,584.4,551.4
2025-06-18 04:00:00,4,2,0,584.4,618.1,658.5,563.6,620.3333333333334,696.2333333333332,25.99,81.1,0,551.4,524.5
2025-06-18 05:00:00,5,2,0,551.4,584.4,618.1,535.7,584.6333333333333,647.4,25.75,79.1,0,524.5,507.9
2025-06-18 06:00:00,6,2,0,524.5,551.4,584.4,508.9,553.4333333333333,607.1,26.2,78.8,0,507.9,482.5
2025-06-18 07:00:00,7,2,0,507.9,524.5,551.4,491.1,527.9333333333334,574.1333333333333,26.52,81.1,0,482.5,565.0
2025-06-18 08:00:00,8,2,0,482.5,507.9,524.5,570.8,504.9666666666667,544.8,27.08,82.3,14,565.0,676.4
2025-06-18 09:00:00,9,2,0,565.0,482.5,507.9,686.9,518.4666666666667,535.9499999999999,27.96,78.5,22,676.4,803.0
2025-06-18 10:00:00,10,2,0,676.4,565.0,482.5,809.6,574.6333333333333,551.2833333333333,28.7,77.4,29,803.0,913.8
2025-06-18 11:00:00,11,2,0,803.0,676.4,565.0,926.5,681.4666666666667,593.2166666666667,29.06,79.6,34,913.8,1012.9
2025-06-18 12:00:00,12,2,0,913.8,803.0,676.4,1036.7,797.7333333333332,658.1,29.37,80.8,37,1012.9,1104.5
2025-06-18 13:00:00,13,2,0,1012.9,913.8,803.0,1114.1,909.9,742.2666666666668,29.18,79.0,39,1104.5,1168.6
2025-06-18 14:00:00,14,2,0,1104.5,1012.9,913.8,1172.3,1010.4,845.9333333333334,29.46,79.6,40,1168.6,1205.2
2025-06-18 15:00:00,15,2,0,1168.6,1104.5,1012.9,1214.9,1095.3333333333333,946.5333333333333,29.47,82.6,39,1205.2,1219.2
2025-06-18 16:00:00,16,2,0,1205.2,1168.6,1104.5,1228.1,1159.4333333333334,1034.6666666666665,29.63,80.8,37,1219.2,1202.6
2025-06-18 17:00:00,17,2,0,1219.2,1205.2,1168.6,1208.9,1197.6666666666667,1104.0333333333335,29.69,80.3,34,1202.6,1168.5
2025-06-18 18:00:00,18,2,0,1202.6,1219.2,1205.2,1178.6,1209.0,1152.1666666666667,29.7,78.7,29,1168.5,1131.4
2025-06-18 19:00:00,19,2,0,1168.5,1202.6,1219.2,1129.0,1196.7666666666667,1178.1,29.04,82.1,22,1131.4,1054.2
2025-06-18 20:00:00,20,2,0,1131.4,1168.5,1202.6,1061.9,1167.5,1182.5833333333333,28.44,82.6,14,1054.2,938.1
2025-06-18 21:00:00,21,2,0,1054.2,1131.4,1168.5,945.8,1118.0333333333335,1163.5166666666667,27.62,81.6,0,938.1,845.5
2025-06-18 22:00:00,22,2,0,938.1,1054.2,1131.4,844.4,1041.2333333333333,1119.0,27.15,81.3,0,845.5,774.5
2025-06-18 23:00:00,23,2,0,845.5,938.1,1054.2,766.3,945.9333333333334,1056.7166666666665,26.8,82.6,0,774.5,707.3
2025-06-19 00:00:00,0,3,0,774.5,845.5,938.1,705.7,852.6999999999999,985.3666666666667,26.24,82.5,0,707.3,649.0
2025-06-19 01:00:00,1,3,0,707.3,774.5,845.5,658.5,775.7666666666668,908.5,25.81,81.6,0,649.0,614.2
2025-06-19 02:00:00,2,3,0,649.0,707.3,774.5,618.1,710.2666666666668,828.1,25.56,83.3,0,614.2,588.0
2025-06-19 03:00:00,3,3,0,614.2,649.0,707.3,584.4,656.8333333333334,754.7666666666665,25.81,80.7,0,588.0,540.6
2025-06-19 04:00:00,4,3,0,588.0,614.2,649.0,551.4,617.0666666666666,696.4166666666666,25.61,81.7,0,540.6,522.5
2025-06-19 05:00:00,5,3,0,540.6,588.0,614.2,524.5,580.9333333333333,645.6,26.17,83.1,0,522.5,506.8
2025-06-19 06:00:00,6,3,0,522.5,540.6,588.0,507.9,550.3666666666667,603.6,26.44,79.4,0,506.8,493.3
2025-06-19 07:00:00,7,3,0,506.8,522.5,540.6,482.5,523.3,570.1833333333334,26.81,81.2,0,493.3,575.8
2025-06-19 08:00:00,8,3,0,493.3,506.8,522.5,565.0,507.5333333333333,544.2333333333333,27.41,81.1,14,575.8,677.8
2025-06-19 09:00:00,9,3,0,575.8,493.3,506.8,676.4,525.3000000000001,537.8333333333334,27.66,79.7,22,677.8,803.0
2025-06-19 10:00:00,10,3,0,677.8,575.8,493.3,803.0,582.3000000000001,552.8,28.02,80.7,29,803.0,919.2
2025-06-19 11:00:00,11,3,0,803.0,677.8,575.8,913.8,685.5333333333333,596.5333333333333,28.56,80.3,34,919.2,1021.1
2025-06-19 12:00:00,12,3,0,919.2,803.0,677.8,1012.9,800.0,662.65,28.88,79.6,37,1021.1,1111.8
2025-06-19 13:00:00,13,3,0,1021.1,919.2,803.0,1104.5,914.4333333333334,748.3666666666667,29.3,79.7,39,1111.8,1177.5
2025-06-19 14:00:00,14,3,0,1111.8,1021.1,919.2,1168.6,1017.3666666666667,851.4499999999999,29.67,81.5,40,1177.5,1216.9
2025-06-19 15:00:00,15,3,0,1177.5,1111.8,1021.1,1205.2,1103.4666666666667,951.7333333333332,30.01,78.9,39,1216.9,1222.5
2025-06-19 16:00:00,16,3,0,1216.9,1177.5,1111.8,1219.2,1168.7333333333333,1041.5833333333333,29.57,80.0,37,1222.5,1212.4
2025-06-19 17:00:00,17,3,0,1222.5,1216.9,1177.5,1202.6,1205.6333333333334,1111.5,29.27,79.7,34,1212.4,1171.0
2025-06-19 18:00:00,18,3,0,1212.4,1222.5,1216.9,1168.5,1217.2666666666667,1160.3666666666666,29.32,79.5,29,1171.0,1132.7
2025-06-19 19:00:00,19,3,0,1171.0,1212.4,1222.5,1131.4,1201.9666666666667,1185.3500000000001,29.14,80.1,22,1132.7,1064.8
2025-06-19 20:00:00,20,3,0,1132.7,1171.0,1212.4,1054.2,1172.0333333333335,1188.8333333333333,28.33,78.0,14,1064.8,958.6
2025-06-19 21:00:00,21,3,0,1064.8,1132.7,1171.0,938.1,1122.8333333333333,1170.05,27.61,80.3,0,958.6,851.6
2025-06-19 22:00:00,22,3,0,958.6,1064.8,1132.7,845.5,1052.0333333333333,1127.0,27.02,82.4,0,851.6,781.2
2025-06-19 23:00:00,23,3,0,851.6,958.6,1064.8,774.5,958.3333333333334,1065.1833333333334,26.55,82.5,0,781.2,713.9
2025-06-20 00:00:00,0,4,0,781.2,851.6,958.6,707.3,863.8000000000001,993.3166666666667,26.3,81.9,0,713.9,655.2
2025-06-20 01:00:00,1,4,0,713.9,781.2,851.6,649.0,782.2333333333335,917.1333333333333,25.89,82.6,0,655.2,612.2
2025-06-20 02:00:00,2,4,0,655.2,713.9,781.2,614.2,716.7666666666668,837.5500000000001,25.79,83.5,0,612.2,578.5
2025-06-20 03:00:00,3,4,0,612.2,655.2,713.9,588.0,660.4333333333334,762.1166666666668,26.06,83.9,0,578.5,549.9
2025-06-20 04:00:00,4,4,0,578.5,612.2,655.2,540.6,615.3000000000001,698.7666666666668,25.85,84.6,0,549.9,526.3
2025-06-20 05:00:00,5,4,0,549.9,578.5,612.2,522.5,580.2,648.4833333333333,26.45,82.2,0,526.3,496.5
2025-06-20 06:00:00,6,4,0,526.3,549.9,578.5,506.8,551.5666666666667,606.0,26.21,82.4,0,496.5,485.1
2025-06-20 07:00:00,7,4,0,496.5,526.3,549.9,493.3,524.2333333333332,569.7666666666668,26.8,83.4,0,485.1,567.4
2025-06-20 08:00:00,8,4,0,485.1,496.5,526.3,575.8,502.6333333333334,541.4166666666666,27.14,81.4,14,567.4,688.1
2025-06-20 09:00:00,9,4,0,567.4,485.1,496.5,677.8,516.3333333333334,533.9499999999999,27.88,82.7,22,688.1,804.4
2025-06-20 10:00:00,10,4,0,688.1,567.4,485.1,803.0,580.1999999999999,552.2166666666667,28.13,80.2,29,804.4,930.6
2025-06-20 11:00:00,11,4,0,804.4,688.1,567.4,919.2,686.6333333333333,594.6333333333333,28.83,79.1,34,930.6,1043.4
2025-06-20 12:00:00,12,4,0,930.6,804.4,688.1,1021.1,807.6999999999999,662.0166666666667,29.15,80.3,37,1043.4,1117.7
2025-06-20 13:00:00,13,4,0,1043.4,930.6,804.4,1111.8,926.1333333333333,753.1666666666666,29.66,77.2,39,1117.7,1184.4
2025-06-20 14:00:00,14,4,0,1117.7,1043.4,930.6,1177.5,1030.5666666666666,858.6,29.95,76.7,40,1184.4,1220.7
2025-06-20 15:00:00,15,4,0,1184.4,1117.7,1043.4,1216.9,1115.1666666666667,961.4333333333334,30.0,79.2,39,1220.7,1230.2
2025-06-20 16:00:00,16,4,0,1220.7,1184.4,1117.7,1222.5,1174.2666666666667,1050.2,30.03,75.6,37,1230.2,1219.2
2025-06-20 17:00:00,17,4,0,1230.2,1220.7,1184.4,1212.4,1211.7666666666667,1121.1666666666667,29.38,76.6,34,1219.2,1171.3
2025-06-20 18:00:00,18,4,0,1219.2,1230.2,1220.7,1171.0,1223.3666666666666,1169.2666666666667,29.11,78.0,29,1171.3,1129.1
2025-06-20 19:00:00,19,4,0,1171.3,1219.2,1230.2,1132.7,1206.8999999999999,1190.5833333333335,28.57,78.1,22,1129.1,1050.9
2025-06-20 20:00:00,20,4,0,1129.1,1171.3,1219.2,1064.8,1173.2,1192.4833333333333,28.18,79.9,14,1050.9,922.2
2025-06-20 21:00:00,21,4,0,1050.9,1129.1,1171.3,958.6,1117.1000000000001,1170.2333333333333,27.83,83.7,0,922.2,828.5
2025-06-20 22:00:00,22,4,0,922.2,1050.9,1129.1,851.6,1034.0666666666666,1120.4833333333333,27.62,85.1,0,828.5,753.8
2025-06-20 23:00:00,23,4,0,828.5,922.2,1050.9,781.2,933.8666666666668,1053.5333333333333,27.01,83.1,0,753.8,698.5
2025-06-21 00:00:00,0,5,1,753.8,828.5,922.2,713.9,834.8333333333334,975.9666666666667,26.58,83.6,0,698.5,651.6
2025-06-21 01:00:00,1,5,1,698.5,753.8,828.5,655.2,760.2666666666668,897.1666666666666,26.1,83.5,0,651.6,609.9
2025-06-21 02:00:00,2,5,1,651.6,698.5,753.8,612.2,701.3000000000001,817.5833333333334,25.85,79.1,0,609.9,572.2
2025-06-21 03:00:00,3,5,1,609.9,651.6,698.5,578.5,653.3333333333334,744.0833333333334,25.84,81.5,0,572.2,543.6
2025-06-21 04:00:00,4,5,1,572.2,609.9,651.6,549.9,611.2333333333333,685.75,25.8,83.1,0,543.6,534.1
2025-06-21 05:00:00,5,5,1,543.6,572.2,609.9,526.3,575.2333333333332,638.2666666666667,26.22,83.2,0,534.1,510.6
2025-06-21 06:00:00,6,5,1,534.1,543.6,572.2,496.5,549.9666666666667,601.6500000000001,26.74,80.4,0,510.6,494.2
2025-06-21 07:00:00,7,5,1,510.6,534.1,543.6,485.1,529.4333333333334,570.3333333333334,27.1,80.7,0,494.2,498.0
2025-06-21 08:00:00,8,5,1,494.2,510.6,534.1,567.4,512.9666666666667,544.1,27.42,78.3,0,498.0,538.9
2025-06-21 09:00:00,9,5,1,498.0,494.2,510.6,688.1,500.93333333333334,525.4499999999999,28.1,79.1,10,538.9,615.9
2025-06-21 10:00:00,10,5,1,538.9,498.0,494.2,804.4,510.3666666666666,519.9,28.49,80.5,16,615.9,694.2
2025-06-21 11:00:00,11,5,1,615.9,538.9,498.0,930.6,550.9333333333333,531.95,28.85,80.5,19,694.2,743.7
2025-06-21 12:00:00,12,5,1,694.2,615.9,538.9,1043.4,616.3333333333334,558.6333333333333,29.51,80.2,20,743.7,779.5
2025-06-21 13:00:00,13,5,1,743.7,694.2,615.9,1117.7,684.6,597.4833333333333,29.91,79.0,19,779.5,771.7
2025-06-21 14:00:00,14,5,1,779.5,743.7,694.2,1184.4,739.1333333333333,645.0333333333334,29.94,77.0,16,771.7,743.6
2025-06-21 15:00:00,15,5,1,771.7,779.5,743.7,1220.7,764.9666666666668,690.6500000000001,29.6,78.5,10,743.6,680.7
2025-06-21 16:00:00,16,5,1,743.6,771.7,779.5,1230.2,764.9333333333334,724.7666666666668,29.6,79.5,0,680.7,638.6
2025-06-21 17:00:00,17,5,1,680.7,743.6,771.7,1219.2,732.0,735.5666666666666,29.31,81.6,0,638.6,588.1
2025-06-21 18:00:00,18,5,1,638.6,680.7,743.6,1171.3,687.6333333333336,726.3000000000001,29.1,82.9,0,588.1,558.3
2025-06-21 19:00:00,19,5,1,588.1,638.6,680.7,1129.1,635.8000000000001,700.3666666666667,28.68,84.5,0,558.3,540.6
2025-06-21 20:00:00,20,5,1,558.3,588.1,638.6,1050.9,595.0,663.5,28.22,83.1,0,540.6,520.1
2025-06-21 21:00:00,21,5,1,540.6,558.3,588.1,922.2,562.3333333333334,624.9833333333333,27.86,82.5,0,520.1,494.4
2025-06-21 22:00:00,22,5,1,520.1,540.6,558.3,828.5,539.6666666666666,587.7333333333335,27.27,85.1,0,494.4,473.4
2025-06-21 23:00:00,23,5,1,494.4,520.1,540.6,753.8,518.3666666666667,556.6833333333333,26.84,84.7,0,473.4,464.3
2025-06-22 00:00:00,0,6,1,473.4,494.4,520.1,698.5,495.9666666666667,529.15,26.39,88.1,0,464.3,463.7
2025-06-22 01:00:00,1,6,1,464.3,473.4,494.4,651.6,477.36666666666673,508.5166666666667,25.93,86.1,0,463.7,468.1
2025-06-22 02:00:00,2,6,1,463.7,464.3,473.4,609.9,467.1333333333334,492.75,25.87,87.2,0,468.1,455.9
2025-06-22 03:00:00,3,6,1,468.1,463.7,464.3,572.2,465.36666666666673,480.6666666666667,25.63,86.6,0,455.9,450.0
2025-06-22 04:00:00,4,6,1,455.9,468.1,463.7,543.6,462.5666666666668,469.96666666666664,25.92,84.7,0,450.0,438.2
2025-06-22 05:00:00,5,6,1,450.0,455.9,468.1,534.1,458.0,462.56666666666666,26.12,82.9,0,438.2,439.1
2025-06-22 06:00:00,6,6,1,438.2,450.0,455.9,510.6,448.03333333333336,456.7,26.47,82.6,0,439.1,436.8
2025-06-22 07:00:00,7,6,1,439.1,438.2,450.0,494.2,442.4333333333334,452.5,27.04,82.7,0,436.8,432.7
2025-06-22 08:00:00,8,6,1,436.8,439.1,438.2,498.0,438.03333333333336,448.01666666666665,27.78,85.8,0,432.7,431.1
2025-06-22 09:00:00,9,6,1,432.7,436.8,439.1,538.9,436.20000000000005,442.11666666666673,28.03,84.2,0,431.1,419.1
2025-06-22 10:00:00,10,6,1,431.1,432.7,436.8,615.9,433.53333333333336,437.98333333333335,28.72,84.8,0,419.1,422.9
2025-06-22 11:00:00,11,6,1,419.1,431.1,432.7,694.2,427.6333333333334,432.8333333333333,29.1,82.7,0,422.9,425.9
2025-06-22 12:00:00,12,6,1,422.9,419.1,431.1,743.7,424.36666666666673,430.28333333333336,29.24,79.8,0,425.9,419.9
2025-06-22 13:00:00,13,6,1,425.9,422.9,419.1,779.5,422.6333333333334,428.0833333333333,29.52,80.5,0,419.9,423.3
2025-06-22 14:00:00,14,6,1,419.9,425.9,422.9,771.7,422.90000000000003,425.26666666666665,29.92,79.4,0,423.3,418.9
2025-06-22 15:00:00,15,6,1,423.3,419.9,425.9,743.6,423.03333333333336,423.7,30.02,79.7,0,418.9,418.3
2025-06-22 16:00:00,16,6,1,418.9,423.3,419.9,680.7,420.7,421.6666666666667,29.96,79.4,0,418.3,423.7
2025-06-22 17:00:00,17,6,1,418.3,418.9,423.3,638.6,420.16666666666674,421.5333333333333,29.48,76.3,0,423.7,427.8
2025-06-22 18:00:00,18,6,1,423.7,418.3,418.9,588.1,420.3,421.6666666666667,29.36,78.3,0,427.8,424.8
2025-06-22 19:00:00,19,6,1,427.8,423.7,418.3,558.3,423.2666666666667,421.9833333333333,28.72,80.1,0,424.8,418.8
2025-06-22 20:00:00,20,6,1,424.8,427.8,423.7,540.6,425.4333333333334,422.8,28.02,79.3,0,418.8,421.8
2025-06-22 21:00:00,21,6,1,418.8,424.8,427.8,520.1,423.8,422.05,27.61,79.3,0,421.8,418.3
2025-06-22 22:00:00,22,6,1,421.8,418.8,424.8,494.4,421.8,422.5333333333333,27.51,77.7,0,418.3,419.5
2025-06-22 23:00:00,23,6,1,418.3,421.8,418.8,473.4,419.6333333333334,422.53333333333336,27.11,78.3,0,419.5,422.0
2025-06-23 00:00:00,0,0,0,419.5,418.3,421.8,464.3,419.86666666666673,421.8333333333333,26.44,81.1,0,422.0,428.5
2025-06-23 01:00:00,1,0,0,422.0,419.5,418.3,463.7,419.9333333333334,420.86666666666673,26.18,79.6,0,428.5,418.8
2025-06-23 02:00:00,2,0,0,428.5,422.0,419.5,468.1,423.3333333333334,421.48333333333335,25.8,81.3,0,418.8,423.1
2025-06-23 03:00:00,3,0,0,418.8,428.5,422.0,455.9,423.1000000000001,421.4833333333333,25.57,82.0,0,423.1,412.9
2025-06-23 04:00:00,4,0,0,423.1,418.8,428.5,450.0,423.4666666666667,421.70000000000005,25.73,79.4,0,412.9,417.6
2025-06-23 05:00:00,5,0,0,412.9,423.1,418.8,438.2,418.2666666666667,420.8,25.99,83.9,0,417.6,429.0
2025-06-23 06:00:00,6,0,0,417.6,412.9,423.1,439.1,417.86666666666673,420.48333333333335,26.22,84.2,0,429.0,433.4
2025-06-23 07:00:00,7,0,0,429.0,417.6,412.9,436.8,419.8333333333333,421.65000000000003,26.74,80.7,0,433.4,523.5
2025-06-23 08:00:00,8,0,0,433.4,429.0,417.6,432.7,426.6666666666667,422.4666666666667,27.36,79.8,14,523.5,649.6
2025-06-23 09:00:00,9,0,0,523.5,433.4,429.0,431.1,461.9666666666667,439.9166666666667,28.05,80.4,22,649.6,778.1
2025-06-23 10:00:00,10,0,0,649.6,523.5,433.4,419.1,535.5,477.6666666666667,28.75,82.2,29,778.1,915.2
2025-06-23 11:00:00,11,0,0,778.1,649.6,523.5,422.9,650.4,538.5333333333334,29.28,83.0,34,915.2,1027.4
2025-06-23 12:00:00,12,0,0,915.2,778.1,649.6,425.9,780.9666666666668,621.4666666666667,29.73,81.1,37,1027.4,1102.6
2025-06-23 13:00:00,13,0,0,1027.4,915.2,778.1,419.9,906.9000000000001,721.1999999999999,29.99,80.1,39,1102.6,1165.9
2025-06-23 14:00:00,14,0,0,1102.6,1027.4,915.2,423.3,1015.0666666666667,832.7333333333335,30.05,78.5,40,1165.9,1212.0
2025-06-23 15:00:00,15,0,0,1165.9,1102.6,1027.4,418.9,1098.6333333333334,939.8000000000001,29.9,82.2,39,1212.0,1223.5
2025-06-23 16:00:00,16,0,0,1212.0,1165.9,1102.6,418.3,1160.1666666666667,1033.5333333333333,29.96,81.2,37,1223.5,1218.8
2025-06-23 17:00:00,17,0,0,1223.5,1212.0,1165.9,423.7,1200.4666666666667,1107.7666666666667,29.65,80.2,34,1218.8,1181.3
2025-06-23 18:00:00,18,0,0,1218.8,1223.5,1212.0,427.8,1218.1000000000001,1158.3666666666666,29.42,80.8,29,1181.3,1131.3
2025-06-23 19:00:00,19,0,0,1181.3,1218.8,1223.5,424.8,1207.8666666666666,1184.0166666666667,28.87,80.7,22,1131.3,1060.3
2025-06-23 20:00:00,20,0,0,1131.3,1181.3,1218.8,418.8,1177.1333333333332,1188.8,28.42,79.8,14,1060.3,943.1
2025-06-23 21:00:00,21,0,0,1060.3,1131.3,1181.3,421.8,1124.3,1171.2,27.94,79.3,0,943.1,835.8
2025-06-23 22:00:00,22,0,0,943.1,1060.3,1131.3,418.3,1044.8999999999999,1126.3833333333334,27.45,80.9,0,835.8,764.2
2025-06-23 23:00:00,23,0,0,835.8,943.1,1060.3,419.5,946.4,1061.7666666666667,26.71,81.8,0,764.2,703.8
2025-06-24 00:00:00,0,1,0,764.2,835.8,943.1,422.0,847.6999999999999,986.0,25.77,81.1,0,703.8,643.8
2025-06-24 01:00:00,1,1,0,703.8,764.2,835.8,428.5,767.9333333333334,906.4166666666666,25.58,82.4,0,643.8,608.9
2025-06-24 02:00:00,2,1,0,643.8,703.8,764.2,418.8,703.9333333333333,825.1666666666666,25.82,83.9,0,608.9,558.1
2025-06-24 03:00:00,3,1,0,608.9,643.8,703.8,423.1,652.1666666666666,749.9333333333334,25.99,83.1,0,558.1,535.9
2025-06-24 04:00:00,4,1,0,558.1,608.9,643.8,412.9,603.5999999999999,685.7666666666665,25.97,81.9,0,535.9,509.4
2025-06-24 05:00:00,5,1,0,535.9,558.1,608.9,417.6,567.6333333333333,635.7833333333333,25.94,82.3,0,509.4,505.7
2025-06-24 06:00:00,6,1,0,509.4,535.9,558.1,429.0,534.4666666666667,593.3166666666666,26.2,83.4,0,505.7,496.2
2025-06-24 07:00:00,7,1,0,505.7,509.4,535.9,433.4,517.0,560.3000000000001,26.58,83.3,0,496.2,570.0
2025-06-24 08:00:00,8,1,0,496.2,505.7,509.4,523.5,503.76666666666665,535.6999999999999,27.52,79.9,14,570.0,679.0
2025-06-24 09:00:00,9,1,0,570.0,496.2,505.7,649.6,523.9666666666667,529.2166666666667,28.03,80.1,22,679.0,805.7
2025-06-24 10:00:00,10,1,0,679.0,570.0,496.2,778.1,581.7333333333332,549.3666666666667,28.53,80.4,29,805.7,920.8
2025-06-24 11:00:00,11,1,0,805.7,679.0,570.0,915.2,684.9000000000001,594.3333333333334,29.09,79.9,34,920.8,1029.3
2025-06-24 12:00:00,12,1,0,920.8,805.7,679.0,1027.4,801.8333333333334,662.9,29.28,81.2,37,1029.3,1112.2
2025-06-24 13:00:00,13,1,0,1029.3,920.8,805.7,1102.6,918.6,750.1666666666666,29.74,81.7,39,1112.2,1179.4
2025-06-24 14:00:00,14,1,0,1112.2,1029.3,920.8,1165.9,1020.7666666666668,852.8333333333334,29.9,81.0,40,1179.4,1219.1
2025-06-24 15:00:00,15,1,0,1179.4,1112.2,1029.3,1212.0,1106.966666666667,954.4,29.94,78.5,39,1219.1,1236.5
2025-06-24 16:00:00,16,1,0,1219.1,1179.4,1112.2,1223.5,1170.2333333333333,1044.4166666666667,30.17,77.0,37,1236.5,1227.8
2025-06-24 17:00:00,17,1,0,1236.5,1219.1,1179.4,1218.8,1211.6666666666667,1116.2166666666667,29.61,78.0,34,1227.8,1191.1
2025-06-24 18:00:00,18,1,0,1227.8,1236.5,1219.1,1181.3,1227.8,1167.3833333333334,28.99,79.2,29,1191.1,1132.5
2025-06-24 19:00:00,19,1,0,1191.1,1227.8,1236.5,1131.3,1218.4666666666667,1194.35,28.74,80.3,22,1132.5,1063.4
2025-06-24 20:00:00,20,1,0,1132.5,1191.1,1227.8,1060.3,1183.8,1197.7333333333333,28.35,81.6,14,1063.4,941.5
2025-06-24 21:00:00,21,1,0,1063.4,1132.5,1191.1,943.1,1129.0,1178.4,27.57,83.1,0,941.5,855.8
2025-06-24 22:00:00,22,1,0,941.5,1063.4,1132.5,835.8,1045.8,1132.1333333333334,27.14,83.9,0,855.8,773.9
2025-06-24 23:00:00,23,1,0,855.8,941.5,1063.4,764.2,953.5666666666666,1068.6833333333334,26.89,81.3,0,773.9,709.5
2025-06-25 00:00:00,0,2,0,773.9,855.8,941.5,703.8,857.0666666666666,993.0333333333333,26.53,83.3,0,709.5,653.2
2025-06-25 01:00:00,1,2,0,709.5,773.9,855.8,643.8,779.7333333333332,912.7666666666668,26.21,82.1,0,653.2,606.2
2025-06-25 02:00:00,2,2,0,653.2,709.5,773.9,608.9,712.1999999999999,832.8833333333333,26.05,80.4,0,606.2,567.3
2025-06-25 03:00:00,3,2,0,606.2,653.2,709.5,558.1,656.3000000000001,756.6833333333333,25.98,81.0,0,567.3,538.8
2025-06-25 04:00:00,4,2,0,567.3,606.2,653.2,535.9,608.9,694.3166666666666,25.94,81.4,0,538.8,523.4
2025-06-25 05:00:00,5,2,0,538.8,567.3,606.2,509.4,570.7666666666668,641.4833333333333,26.27,80.8,0,523.4,487.4
2025-06-25 06:00:00,6,2,0,523.4,538.8,567.3,505.7,543.1666666666666,599.7333333333332,26.71,83.1,0,487.4,482.0
2025-06-25 07:00:00,7,2,0,487.4,523.4,538.8,496.2,516.5333333333333,562.7166666666666,27.22,81.8,0,482.0,563.4
2025-06-25 08:00:00,8,2,0,482.0,487.4,523.4,570.0,497.59999999999997,534.1833333333333,27.84,81.3,14,563.4,674.9
2025-06-25 09:00:00,9,2,0,563.4,482.0,487.4,679.0,510.93333333333334,527.05,27.74,79.9,22,674.9,802.2
2025-06-25 10:00:00,10,2,0,674.9,563.4,482.0,805.7,573.4333333333334,544.9833333333333,28.48,79.9,29,802.2,915.2
2025-06-25 11:00:00,11,2,0,802.2,674.9,563.4,920.8,680.1666666666666,588.8833333333333,29.27,77.9,34,915.2,1016.4
2025-06-25 12:00:00,12,2,0,915.2,802.2,674.9,1029.3,797.4333333333334,654.1833333333333,29.67,79.2,37,1016.4,1103.7
2025-06-25 13:00:00,13,2,0,1016.4,915.2,802.2,1112.2,911.2666666666668,742.35,29.76,78.8,39,1103.7,1164.8
2025-06-25 14:00:00,14,2,0,1103.7,1016.4,915.2,1179.4,1011.7666666666668,845.9666666666667,30.04,78.1,40,1164.8,1206.6
2025-06-25 15:00:00,15,2,0,1164.8,1103.7,1016.4,1219.1,1094.9666666666665,946.1999999999999,29.82,76.7,39,1206.6,1219.4
2025-06-25 16:00:00,16,2,0,1206.6,1164.8,1103.7,1236.5,1158.3666666666668,1034.8166666666666,29.78,77.8,37,1219.4,1215.4
2025-06-25 17:00:00,17,2,0,1219.4,1206.6,1164.8,1227.8,1196.9333333333334,1104.3500000000001,29.6,81.1,34,1215.4,1185.3
2025-06-25 18:00:00,18,2,0,1215.4,1219.4,1206.6,1191.1,1213.8,1154.3833333333334,29.3,80.8,29,1185.3,1125.9
2025-06-25 19:00:00,19,2,0,1185.3,1215.4,1219.4,1132.5,1206.7,1182.5333333333333,29.08,80.9,22,1125.9,1050.4
2025-06-25 20:00:00,20,2,0,1125.9,1185.3,1215.4,1063.4,1175.5333333333333,1186.2333333333333,28.67,83.0,14,1050.4,951.0
2025-06-25 21:00:00,21,2,0,1050.4,1125.9,1185.3,941.5,1120.5333333333333,1167.1666666666667,27.93,84.5,0,951.0,862.4
2025-06-25 22:00:00,22,2,0,951.0,1050.4,1125.9,855.8,1042.4333333333334,1124.5666666666668,27.48,86.1,0,862.4,781.3
2025-06-25 23:00:00,23,2,0,862.4,951.0,1050.4,773.9,954.6,1065.0666666666666,27.22,84.5,0,781.3,717.4
2025-06-26 00:00:00,0,3,0,781.3,862.4,951.0,709.5,864.9,992.7166666666667,26.92,84.7,0,717.4,656.6
2025-06-26 01:00:00,1,3,0,717.4,781.3,862.4,653.2,787.0333333333333,914.7333333333332,26.06,84.1,0,656.6,612.3
2025-06-26 02:00:00,2,3,0,656.6,717.4,781.3,606.2,718.4333333333333,836.5166666666668,26.09,85.8,0,612.3,573.6
2025-06-26 03:00:00,3,3,0,612.3,656.6,717.4,567.3,662.1,763.5,26.03,89.0,0,573.6,549.7
2025-06-26 04:00:00,4,3,0,573.6,612.3,656.6,538.8,614.1666666666666,700.6,26.16,82.0,0,549.7,531.9
2025-06-26 05:00:00,5,3,0,549.7,573.6,612.3,523.4,578.5333333333334,648.4833333333332,26.3,83.2,0,531.9,515.9
2025-06-26 06:00:00,6,3,0,531.9,549.7,573.6,487.4,551.7333333333335,606.9166666666666,26.3,83.8,0,515.9,493.9
2025-06-26 07:00:00,7,3,0,515.9,531.9,549.7,482.0,532.5,573.3333333333334,26.89,82.7,0,493.9,565.7
2025-06-26 08:00:00,8,3,0,493.9,515.9,531.9,563.4,513.9,546.2166666666667,27.26,81.1,14,565.7,680.7
2025-06-26 09:00:00,9,3,0,565.7,493.9,515.9,674.9,525.1666666666666,538.4499999999999,27.89,82.0,22,680.7,811.2
2025-06-26 10:00:00,10,3,0,680.7,565.7,493.9,802.2,580.1,556.3000000000001,28.62,79.3,29,811.2,915.2
2025-06-26 11:00:00,11,3,0,811.2,680.7,565.7,915.2,685.8666666666668,599.8833333333333,28.79,80.8,34,915.2,1023.4
2025-06-26 12:00:00,12,3,0,915.2,811.2,680.7,1016.4,802.3666666666668,663.7666666666668,29.68,80.9,37,1023.4,1108.4
2025-06-26 13:00:00,13,3,0,1023.4,915.2,811.2,1103.7,916.6,748.35,30.13,80.4,39,1108.4,1171.5
2025-06-26 14:00:00,14,3,0,1108.4,1023.4,915.2,1164.8,1015.6666666666666,850.7666666666668,30.12,80.8,40,1171.5,1202.8
2025-06-26 15:00:00,15,3,0,1171.5,1108.4,1023.4,1206.6,1101.1000000000001,951.7333333333335,29.9,77.7,39,1202.8,1216.8
2025-06-26 16:00:00,16,3,0,1202.8,1171.5,1108.4,1219.4,1160.9,1038.75,29.62,76.6,37,1216.8,1213.1
2025-06-26 17:00:00,17,3,0,1216.8,1202.8,1171.5,1215.4,1197.0333333333335,1106.35,29.43,79.3,34,1213.1,1174.4
2025-06-26 18:00:00,18,3,0,1213.1,1216.8,1202.8,1185.3,1210.8999999999999,1156.0,28.94,79.5,29,1174.4,1123.2
2025-06-26 19:00:00,19,3,0,1174.4,1213.1,1216.8,1125.9,1201.4333333333334,1181.1666666666667,28.72,79.4,22,1123.2,1052.6
2025-06-26 20:00:00,20,3,0,1123.2,1174.4,1213.1,1050.4,1170.2333333333333,1183.6333333333332,28.45,82.1,14,1052.6,933.0
2025-06-26 21:00:00,21,3,0,1052.6,1123.2,1174.4,951.0,1116.7333333333333,1163.8166666666666,28.29,84.2,0,933.0,844.3
2025-06-26 22:00:00,22,3,0,933.0,1052.6,1123.2,862.4,1036.2666666666667,1118.8500000000001,27.33,83.7,0,844.3,757.2
2025-06-26 23:00:00,23,3,0,844.3,933.0,1052.6,781.3,943.3000000000001,1056.7666666666667,26.58,84.3,0,757.2,706.2
2025-06-27 00:00:00,0,4,0,757.2,844.3,933.0,717.4,844.8333333333334,980.7833333333333,26.41,83.2,0,706.2,643.3
2025-06-27 01:00:00,1,4,0,706.2,757.2,844.3,656.6,769.2333333333335,902.75,25.94,85.0,0,643.3,605.3
2025-06-27 02:00:00,2,4,0,643.3,706.2,757.2,612.3,702.2333333333335,822.7666666666665,25.95,86.0,0,605.3,571.6
2025-06-27 03:00:00,3,4,0,605.3,643.3,706.2,573.6,651.6,748.2166666666667,25.8,85.6,0,571.6,544.8
2025-06-27 04:00:00,4,4,0,571.6,605.3,643.3,549.7,606.7333333333335,687.9833333333332,26.02,85.7,0,544.8,523.9
2025-06-27 05:00:00,5,4,0,544.8,571.6,605.3,531.9,573.9000000000001,638.0666666666666,26.65,84.2,0,523.9,509.8
2025-06-27 06:00:00,6,4,0,523.9,544.8,571.6,515.9,546.7666666666668,599.1833333333333,26.9,87.1,0,509.8,487.4
2025-06-27 07:00:00,7,4,0,509.8,523.9,544.8,493.9,526.1666666666667,566.4499999999999,26.97,86.8,0,487.4,563.2
2025-06-27 08:00:00,8,4,0,487.4,509.8,523.9,565.7,507.0333333333335,540.4666666666666,27.64,85.2,14,563.2,678.2
2025-06-27 09:00:00,9,4,0,563.2,487.4,509.8,680.7,520.1333333333334,533.45,27.9,82.2,22,678.2,800.8
2025-06-27 10:00:00,10,4,0,678.2,563.2,487.4,811.2,576.2666666666668,551.2166666666667,28.47,82.2,29,800.8,915.0
2025-06-27 11:00:00,11,4,0,800.8,678.2,563.2,915.2,680.7333333333335,593.8833333333333,28.61,80.1,34,915.0,1027.5
2025-06-27 12:00:00,12,4,0,915.0,800.8,678.2,1023.4,798.0,659.0666666666667,29.28,79.9,37,1027.5,1114.4
2025-06-27 13:00:00,13,4,0,1027.5,915.0,800.8,1108.4,914.4333333333334,745.35,29.6,79.4,39,1114.4,1179.7
2025-06-27 14:00:00,14,4,0,1114.4,1027.5,915.0,1171.5,1018.9666666666668,849.85,29.76,78.0,40,1179.7,1214.5
2025-06-27 15:00:00,15,4,0,1179.7,1114.4,1027.5,1202.8,1107.2,952.5999999999999,29.89,79.3,39,1214.5,1218.6
2025-06-27 16:00:00,16,4,0,1214.5,1179.7,1114.4,1216.8,1169.5333333333335,1041.9833333333333,29.73,77.2,37,1218.6,1203.8
2025-06-27 17:00:00,17,4,0,1218.6,1214.5,1179.7,1213.1,1204.2666666666667,1111.6166666666668,29.58,78.5,34,1203.8,1174.5
2025-06-27 18:00:00,18,4,0,1203.8,1218.6,1214.5,1174.4,1212.3000000000002,1159.75,29.18,77.8,29,1174.5,1136.7
2025-06-27 19:00:00,19,4,0,1174.5,1203.8,1218.6,1123.2,1198.966666666667,1184.25,28.53,81.5,22,1136.7,1052.1
2025-06-27 20:00:00,20,4,0,1136.7,1174.5,1203.8,1052.6,1171.6666666666667,1187.9666666666667,28.19,82.7,14,1052.1,930.6
2025-06-27 21:00:00,21,4,0,1052.1,1136.7,1174.5,933.0,1121.1000000000001,1166.7,27.83,82.4,0,930.6,846.1
2025-06-27 22:00:00,22,4,0,930.6,1052.1,1136.7,844.3,1039.8,1119.3833333333334,27.24,81.6,0,846.1,767.1
2025-06-27 23:00:00,23,4,0,846.1,930.6,1052.1,757.2,942.9333333333334,1057.3,26.98,83.9,0,767.1,703.8
2025-06-28 00:00:00,0,5,1,767.1,846.1,930.6,706.2,847.9333333333334,984.5166666666668,26.75,82.9,0,703.8,645.4
2025-06-28 01:00:00,1,5,1,703.8,767.1,846.1,643.3,772.3333333333335,906.0666666666667,26.38,83.7,0,645.4,616.4
2025-06-28 02:00:00,2,5,1,645.4,703.8,767.1,605.3,705.4333333333334,824.1833333333333,25.87,82.7,0,616.4,564.4
2025-06-28 03:00:00,3,5,1,616.4,645.4,703.8,571.6,655.2000000000002,751.5666666666667,25.57,83.3,0,564.4,545.1
2025-06-28 04:00:00,4,5,1,564.4,616.4,645.4,544.8,608.7333333333333,690.5333333333333,26.25,80.5,0,545.1,523.0
2025-06-28 05:00:00,5,5,1,545.1,564.4,616.4,523.9,575.3000000000001,640.3666666666667,26.41,79.7,0,523.0,516.9
2025-06-28 06:00:00,6,5,1,523.0,545.1,564.4,509.8,544.1666666666666,599.6833333333333,26.78,80.8,0,516.9,492.4
2025-06-28 07:00:00,7,5,1,516.9,523.0,545.1,487.4,528.3333333333334,568.5333333333333,27.05,83.6,0,492.4,481.6
2025-06-28 08:00:00,8,5,1,492.4,516.9,523.0,563.2,510.7666666666667,543.0333333333334,28.0,84.2,0,481.6,537.6
2025-06-28 09:00:00,9,5,1,481.6,492.4,516.9,678.2,496.9666666666667,520.5666666666667,28.57,83.7,10,537.6,610.6
2025-06-28 10:00:00,10,5,1,537.6,481.6,492.4,800.8,503.8666666666668,516.1,29.11,82.0,16,610.6,685.3
2025-06-28 11:00:00,11,5,1,610.6,537.6,481.6,915.0,543.2666666666668,527.0166666666668,29.42,82.1,19,685.3,747.2
2025-06-28 12:00:00,12,5,1,685.3,610.6,537.6,1027.5,611.1666666666669,554.0666666666667,29.57,80.6,20,747.2,780.4
2025-06-28 13:00:00,13,5,1,747.2,685.3,610.6,1114.4,681.0333333333334,592.4499999999999,29.71,80.1,19,780.4,768.6
2025-06-28 14:00:00,14,5,1,780.4,747.2,685.3,1179.7,737.6333333333336,640.4499999999999,29.83,79.7,16,768.6,738.5
2025-06-28 15:00:00,15,5,1,768.6,780.4,747.2,1214.5,765.4000000000001,688.2833333333333,29.56,83.3,10,738.5,683.8
2025-06-28 16:00:00,16,5,1,738.5,768.6,780.4,1218.6,762.5000000000001,721.7666666666668,29.6,82.5,0,683.8,637.8
2025-06-28 17:00:00,17,5,1,683.8,738.5,768.6,1203.8,730.3000000000001,733.9666666666666,29.73,81.2,0,637.8,592.5
2025-06-28 18:00:00,18,5,1,637.8,683.8,738.5,1174.5,686.7000000000002,726.0500000000001,29.25,80.9,0,592.5,565.7
2025-06-28 19:00:00,19,5,1,592.5,637.8,683.8,1136.7,638.0333333333334,700.2666666666668,28.59,80.2,0,565.7,541.6
2025-06-28 20:00:00,20,5,1,565.7,592.5,637.8,1052.1,598.6666666666666,664.4833333333333,28.21,82.8,0,541.6,527.1
2025-06-28 21:00:00,21,5,1,541.6,565.7,592.5,930.6,566.6000000000001,626.65,27.69,82.9,0,527.1,496.3
2025-06-28 22:00:00,22,5,1,527.1,541.6,565.7,846.1,544.8000000000001,591.4166666666666,27.18,83.7,0,496.3,485.1
2025-06-28 23:00:00,23,5,1,496.3,527.1,541.6,767.1,521.6666666666669,560.1666666666666,26.7,82.4,0,485.1,472.0
2025-06-29 00:00:00,0,6,1,485.1,496.3,527.1,703.8,502.8333333333334,534.7166666666666,26.22,83.7,0,472.0,467.4
2025-06-29 01:00:00,1,6,1,472.0,485.1,496.3,645.4,484.46666666666675,514.6333333333333,26.15,85.1,0,467.4,453.7
2025-06-29 02:00:00,2,6,1,467.4,472.0,485.1,616.4,474.8333333333334,498.25,26.2,85.4,0,453.7,447.4
2025-06-29 03:00:00,3,6,1,453.7,467.4,472.0,564.4,464.36666666666673,483.6000000000001,26.04,87.3,0,447.4,442.3
2025-06-29 04:00:00,4,6,1,447.4,453.7,467.4,545.1,456.1666666666667,470.3166666666666,26.19,86.0,0,442.3,436.2
2025-06-29 05:00:00,5,6,1,442.3,447.4,453.7,523.0,447.8000000000001,461.31666666666666,26.08,84.5,0,436.2,442.8
2025-06-29 06:00:00,6,6,1,436.2,442.3,447.4,516.9,441.9666666666667,453.1666666666667,26.59,84.3,0,442.8,432.1
2025-06-29 07:00:00,7,6,1,442.8,436.2,442.3,492.4,440.4333333333334,448.3,26.79,81.1,0,432.1,431.3
2025-06-29 08:00:00,8,6,1,432.1,442.8,436.2,481.6,437.0333333333335,442.4166666666667,27.35,79.0,0,431.3,433.2
2025-06-29 09:00:00,9,6,1,431.3,432.1,442.8,537.6,435.4000000000001,438.6833333333334,27.91,78.0,0,433.2,422.7
2025-06-29 10:00:00,10,6,1,433.2,431.3,432.1,610.6,432.2000000000001,436.31666666666666,28.5,78.6,0,422.7,428.1
2025-06-29 11:00:00,11,6,1,422.7,433.2,431.3,685.3,429.0666666666668,433.05,28.89,81.5,0,428.1,432.0
2025-06-29 12:00:00,12,6,1,428.1,422.7,433.2,747.2,428.00000000000006,431.70000000000005,29.2,80.7,0,432.0,430.2
2025-06-29 13:00:00,13,6,1,432.0,428.1,422.7,780.4,427.6000000000001,429.90000000000003,29.61,80.5,0,430.2,422.4
2025-06-29 14:00:00,14,6,1,430.2,432.0,428.1,768.6,430.1000000000001,429.5833333333333,30.02,80.5,0,422.4,424.9
2025-06-29 15:00:00,15,6,1,422.4,430.2,432.0,738.5,428.20000000000005,428.09999999999997,30.07,80.6,0,424.9,425.4
2025-06-29 16:00:00,16,6,1,424.9,422.4,430.2,683.8,425.8333333333334,426.7166666666667,29.86,81.1,0,425.4,427.9
2025-06-29 17:00:00,17,6,1,425.4,424.9,422.4,637.8,424.23333333333335,427.1666666666667,29.68,79.0,0,427.9,426.1
2025-06-29 18:00:00,18,6,1,427.9,425.4,424.9,592.5,426.0666666666668,427.13333333333327,29.49,75.2,0,426.1,424.3
2025-06-29 19:00:00,19,6,1,426.1,427.9,425.4,565.7,426.4666666666667,426.1499999999999,28.94,78.0,0,424.3,414.0
2025-06-29 20:00:00,20,6,1,424.3,426.1,427.9,541.6,426.1000000000001,425.1666666666667,28.62,77.2,0,414.0,417.3
2025-06-29 21:00:00,21,6,1,414.0,424.3,426.1,527.1,421.4666666666667,423.76666666666665,27.87,78.8,0,417.3,420.4
2025-06-29 22:00:00,22,6,1,417.3,414.0,424.3,496.3,418.5333333333335,422.5,27.51,79.4,0,420.4,422.3
2025-06-29 23:00:00,23,6,1,420.4,417.3,414.0,485.1,417.2333333333334,421.6666666666667,27.36,78.7,0,422.3,421.4
2025-06-30 00:00:00,0,0,0,422.3,420.4,417.3,472.0,420.00000000000006,420.73333333333335,26.87,81.6,0,421.4,416.1
2025-06-30 01:00:00,1,0,0,421.4,422.3,420.4,467.4,421.3666666666668,419.95000000000005,26.41,82.4,0,416.1,403.0
2025-06-30 02:00:00,2,0,0,416.1,421.4,422.3,453.7,419.9333333333334,418.5833333333333,26.14,82.6,0,403.0,410.4
2025-06-30 03:00:00,3,0,0,403.0,416.1,421.4,447.4,413.50000000000006,416.75,25.88,82.0,0,410.4,414.6
2025-06-30 04:00:00,4,0,0,410.4,403.0,416.1,442.3,409.8333333333334,415.59999999999997,26.07,82.4,0,414.6,400.0
2025-06-30 05:00:00,5,0,0,414.6,410.4,403.0,436.2,409.3333333333334,414.6333333333334,26.26,79.8,0,400.0,417.6
2025-06-30 06:00:00,6,0,0,400.0,414.6,410.4,442.8,408.3333333333334,410.9166666666667,26.82,81.4,0,417.6,418.8
2025-06-30 07:00:00,7,0,0,417.6,400.0,414.6,432.1,410.7333333333334,410.2833333333333,27.23,79.5,0,418.8,520.7
2025-06-30 08:00:00,8,0,0,418.8,417.6,400.0,431.3,412.13333333333344,410.73333333333335,27.68,80.8,14,520.7,647.8
2025-06-30 09:00:00,9,0,0,520.7,418.8,417.6,433.2,452.3666666666668,430.3500000000001,27.86,80.6,22,647.8,788.7
2025-06-30 10:00:00,10,0,0,647.8,520.7,418.8,422.7,529.1,469.9166666666667,28.43,79.1,29,788.7,918.1
2025-06-30 11:00:00,11,0,0,788.7,647.8,520.7,428.1,652.4000000000001,532.2666666666668,29.12,77.4,34,918.1,1024.0
2025-06-30 12:00:00,12,0,0,918.1,788.7,647.8,432.0,784.8666666666668,618.6166666666667,29.66,76.3,37,1024.0,1110.0
2025-06-30 13:00:00,13,0,0,1024.0,918.1,788.7,430.2,910.2666666666668,719.6833333333334,29.66,77.3,39,1110.0,1164.9
2025-06-30 14:00:00,14,0,0,1110.0,1024.0,918.1,422.4,1017.3666666666668,834.8833333333333,29.7,74.9,40,1164.9,1215.8
2025-06-30 15:00:00,15,0,0,1164.9,1110.0,1024.0,424.9,1099.6333333333334,942.25,30.2,75.8,39,1215.8,1228.3
2025-06-30 16:00:00,16,0,0,1215.8,1164.9,1110.0,425.4,1163.5666666666668,1036.9166666666667,30.08,78.7,37,1228.3,1212.6
2025-06-30 17:00:00,17,0,0,1228.3,1215.8,1164.9,427.9,1203.0000000000002,1110.1833333333334,29.96,79.8,34,1212.6,1183.1
2025-06-30 18:00:00,18,0,0,1212.6,1228.3,1215.8,426.1,1218.9,1159.2666666666667,29.66,78.9,29,1183.1,1126.3
2025-06-30 19:00:00,19,0,0,1183.1,1212.6,1228.3,424.3,1208.0000000000002,1185.7833333333333,28.9,79.2,22,1126.3,1050.4
2025-06-30 20:00:00,20,0,0,1126.3,1183.1,1212.6,414.0,1174.0,1188.5,28.62,77.9,14,1050.4,929.0
2025-06-30 21:00:00,21,0,0,1050.4,1126.3,1183.1,417.3,1119.9333333333334,1169.4166666666667,28.42,79.3,0,929.0,845.1
2025-06-30 22:00:00,22,0,0,929.0,1050.4,1126.3,420.4,1035.2333333333336,1121.6166666666666,27.6,80.7,0,845.1,774.4
2025-06-30 23:00:00,23,0,0,845.1,929.0,1050.4,422.3,941.5000000000001,1057.75,27.58,82.1,0,774.4,713.8
2025-07-01 00:00:00,0,1,0,774.4,845.1,929.0,421.4,849.5000000000001,984.7166666666666,27.33,80.4,0,713.8,670.0
2025-07-01 01:00:00,1,1,0,713.8,774.4,845.1,416.1,777.7666666666668,906.5,26.41,82.2,0,670.0,623.8
2025-07-01 02:00:00,2,1,0,670.0,713.8,774.4,403.0,719.4000000000002,830.4499999999999,26.26,81.8,0,623.8,590.5
2025-07-01 03:00:00,3,1,0,623.8,670.0,713.8,410.4,669.2000000000002,759.35,26.04,85.1,0,590.5,551.6
2025-07-01 04:00:00,4,1,0,590.5,623.8,670.0,414.6,628.1000000000001,702.9333333333334,25.93,84.1,0,551.6,528.4
2025-07-01 05:00:00,5,1,0,551.6,590.5,623.8,400.0,588.6333333333336,654.0166666666667,26.16,84.6,0,528.4,509.0
2025-07-01 06:00:00,6,1,0,528.4,551.6,590.5,417.6,556.8333333333335,613.0166666666665,26.67,83.4,0,509.0,494.8
2025-07-01 07:00:00,7,1,0,509.0,528.4,551.6,418.8,529.6666666666669,578.8833333333333,27.24,81.1,0,494.8,573.6
2025-07-01 08:00:00,8,1,0,494.8,509.0,528.4,520.7,510.7333333333335,549.6833333333333,27.86,81.4,14,573.6,691.4
2025-07-01 09:00:00,9,1,0,573.6,494.8,509.0,647.8,525.8000000000002,541.3166666666667,27.78,78.4,22,691.4,810.4
2025-07-01 10:00:00,10,1,0,691.4,573.6,494.8,788.7,586.6000000000003,558.1333333333333,28.67,79.4,29,810.4,914.6
2025-07-01 11:00:00,11,1,0,810.4,691.4,573.6,918.1,691.8000000000002,601.2666666666667,28.95,79.8,34,914.6,1023.9
2025-07-01 12:00:00,12,1,0,914.6,810.4,691.4,1024.0,805.4666666666668,665.6333333333333,29.34,77.7,37,1023.9,1109.3
2025-07-01 13:00:00,13,1,0,1023.9,914.6,810.4,1110.0,916.3000000000002,751.4500000000002,29.6,78.7,39,1109.3,1166.9
2025-07-01 14:00:00,14,1,0,1109.3,1023.9,914.6,1164.9,1015.9333333333334,853.8666666666667,29.87,78.4,40,1166.9,1205.1
2025-07-01 15:00:00,15,1,0,1166.9,1109.3,1023.9,1215.8,1100.0333333333335,952.75,30.05,76.2,39,1205.1,1209.8
2025-07-01 16:00:00,16,1,0,1205.1,1166.9,1109.3,1228.3,1160.4333333333334,1038.3666666666666,30.34,74.3,37,1209.8,1208.9
2025-07-01 17:00:00,17,1,0,1209.8,1205.1,1166.9,1212.6,1193.9333333333334,1104.9333333333332,30.12,75.1,34,1208.9,1171.1
2025-07-01 18:00:00,18,1,0,1208.9,1209.8,1205.1,1183.1,1207.9333333333336,1153.9833333333333,29.67,76.3,29,1171.1,1137.9
2025-07-01 19:00:00,19,1,0,1171.1,1208.9,1209.8,1126.3,1196.6000000000001,1178.5166666666667,29.3,77.4,22,1137.9,1050.9
2025-07-01 20:00:00,20,1,0,1137.9,1171.1,1208.9,1050.4,1172.6333333333334,1183.2833333333335,28.89,79.5,14,1050.9,941.3
2025-07-01 21:00:00,21,1,0,1050.9,1137.9,1171.1,929.0,1119.966666666667,1163.95,28.12,80.4,0,941.3,853.5
2025-07-01 22:00:00,22,1,0,941.3,1050.9,1137.9,845.1,1043.3666666666668,1119.9833333333333,27.46,80.4,0,853.5,771.3
2025-07-01 23:00:00,23,1,0,853.5,941.3,1050.9,774.4,948.566666666667,1060.6000000000001,26.84,81.0,0,771.3,699.5
2025-07-02 00:00:00,0,2,0,771.3,853.5,941.3,713.8,855.3666666666668,987.6666666666666,26.84,81.6,0,699.5,647.5
2025-07-02 01:00:00,1,2,0,699.5,771.3,853.5,670.0,774.7666666666668,909.0666666666666,26.66,78.6,0,647.5,602.6
2025-07-02 02:00:00,2,2,0,647.5,699.5,771.3,623.8,706.1,827.3333333333334,26.11,79.9,0,602.6,576.8
2025-07-02 03:00:00,3,2,0,602.6,647.5,699.5,590.5,649.8666666666668,752.6166666666667,25.74,82.7,0,576.8,550.8
2025-07-02 04:00:00,4,2,0,576.8,602.6,647.5,551.6,608.9666666666668,691.8666666666667,26.05,83.1,0,550.8,522.6
2025-07-02 05:00:00,5,2,0,550.8,576.8,602.6,528.4,576.7333333333335,641.4166666666666,26.07,83.1,0,522.6,500.1
2025-07-02 06:00:00,6,2,0,522.6,550.8,576.8,509.0,550.0666666666668,599.9666666666667,26.63,81.6,0,500.1,488.9
2025-07-02 07:00:00,7,2,0,500.1,522.6,550.8,494.8,524.5000000000001,566.7333333333333,26.85,81.0,0,488.9,557.6
2025-07-02 08:00:00,8,2,0,488.9,500.1,522.6,573.6,503.8666666666668,540.3000000000001,27.6,82.5,14,557.6,670.6
2025-07-02 09:00:00,9,2,0,557.6,488.9,500.1,691.4,515.5333333333334,532.8000000000001,27.89,79.9,22,670.6,798.5
2025-07-02 10:00:00,10,2,0,670.6,557.6,488.9,810.4,572.3666666666669,548.4333333333333,28.1,80.9,29,798.5,911.1
2025-07-02 11:00:00,11,2,0,798.5,670.6,557.6,914.6,675.5666666666668,589.7166666666667,28.91,79.0,34,911.1,1025.2
2025-07-02 12:00:00,12,2,0,911.1,798.5,670.6,1023.9,793.4000000000001,654.4666666666666,29.47,78.9,37,1025.2,1116.5
2025-07-02 13:00:00,13,2,0,1025.2,911.1,798.5,1109.3,911.6000000000003,741.9833333333332,29.69,77.6,39,1116.5,1171.3
2025-07-02 14:00:00,14,2,0,1116.5,1025.2,911.1,1166.9,1017.6000000000003,846.5833333333334,29.84,78.6,40,1171.3,1212.8
2025-07-02 15:00:00,15,2,0,1171.3,1116.5,1025.2,1205.1,1104.3333333333337,948.8666666666667,29.73,80.5,39,1212.8,1216.2
2025-07-02 16:00:00,16,2,0,1212.8,1171.3,1116.5,1209.8,1166.8666666666668,1039.2333333333333,29.94,80.5,37,1216.2,1210.3
2025-07-02 17:00:00,17,2,0,1216.2,1212.8,1171.3,1208.9,1200.1000000000001,1108.85,29.82,81.1,34,1210.3,1185.2
2025-07-02 18:00:00,18,2,0,1210.3,1216.2,1212.8,1171.1,1213.1000000000001,1158.7166666666667,29.55,80.4,29,1185.2,1131.8
2025-07-02 19:00:00,19,2,0,1185.2,1210.3,1216.2,1137.9,1203.9000000000003,1185.3833333333334,29.09,80.3,22,1131.8,1061.8
2025-07-02 20:00:00,20,2,0,1131.8,1185.2,1210.3,1050.9,1175.7666666666669,1187.9333333333332,28.39,81.9,14,1061.8,941.5
2025-07-02 21:00:00,21,2,0,1061.8,1131.8,1185.2,941.3,1126.2666666666667,1169.6833333333334,27.93,80.6,0,941.5,845.3
2025-07-02 22:00:00,22,2,0,941.5,1061.8,1131.8,853.5,1045.0333333333335,1124.4666666666667,27.01,82.4,0,845.3,760.7
2025-07-02 23:00:00,23,2,0,845.3,941.5,1061.8,771.3,949.5333333333334,1062.6499999999999,26.83,77.9,0,760.7,700.1
2025-07-03 00:00:00,0,3,0,760.7,845.3,941.5,699.5,849.1666666666669,987.7166666666667,26.47,78.4,0,700.1,645.1
2025-07-03 01:00:00,1,3,0,700.1,760.7,845.3,647.5,768.7000000000002,906.8666666666667,26.1,78.4,0,645.1,598.4
2025-07-03 02:00:00,2,3,0,645.1,700.1,760.7,602.6,701.9666666666668,825.75,26.02,80.6,0,598.4,562.0
2025-07-03 03:00:00,3,3,0,598.4,645.1,700.1,576.8,647.8666666666668,748.5166666666665,26.03,82.9,0,562.0,536.1
2025-07-03 04:00:00,4,3,0,562.0,598.4,645.1,550.8,601.8333333333335,685.2666666666665,25.72,83.3,0,536.1,519.9
2025-07-03 05:00:00,5,3,0,536.1,562.0,598.4,522.6,565.5000000000001,633.7333333333333,26.0,83.1,0,519.9,501.2
2025-07-03 06:00:00,6,3,0,519.9,536.1,562.0,500.1,539.3333333333335,593.6,26.3,82.1,0,501.2,480.9
2025-07-03 07:00:00,7,3,0,501.2,519.9,536.1,488.9,519.0666666666667,560.4499999999999,26.64,82.8,0,480.9,555.4
2025-07-03 08:00:00,8,3,0,480.9,501.2,519.9,557.6,500.6666666666668,533.0833333333334,27.56,81.6,14,555.4,666.5
2025-07-03 09:00:00,9,3,0,555.4,480.9,501.2,670.6,512.5000000000001,525.9166666666666,27.91,80.4,22,666.5,804.9
2025-07-03 10:00:00,10,3,0,666.5,555.4,480.9,798.5,567.6,543.3333333333334,28.7,79.4,29,804.9,922.7
2025-07-03 11:00:00,11,3,0,804.9,666.5,555.4,911.1,675.6000000000001,588.1333333333333,28.91,82.0,34,922.7,1020.2
2025-07-03 12:00:00,12,3,0,922.7,804.9,666.5,1025.2,798.0333333333334,655.2666666666667,29.16,79.1,37,1020.2,1109.4
2025-07-03 13:00:00,13,3,0,1020.2,922.7,804.9,1116.5,915.9333333333334,741.7666666666668,29.28,78.9,39,1109.4,1177.4
2025-07-03 14:00:00,14,3,0,1109.4,1020.2,922.7,1171.3,1017.4333333333334,846.5166666666668,29.59,77.0,40,1177.4,1213.1
2025-07-03 15:00:00,15,3,0,1177.4,1109.4,1020.2,1212.8,1102.3333333333337,950.1833333333334,29.87,79.9,39,1213.1,1219.7
2025-07-03 16:00:00,16,3,0,1213.1,1177.4,1109.4,1216.2,1166.6333333333334,1041.2833333333335,29.77,79.0,37,1219.7,1206.1
2025-07-03 17:00:00,17,3,0,1219.7,1213.1,1177.4,1210.3,1203.4,1110.4166666666667,29.47,78.2,34,1206.1,1184.3
2025-07-03 18:00:00,18,3,0,1206.1,1219.7,1213.1,1185.2,1212.9666666666667,1157.6499999999999,29.35,79.1,29,1184.3,1136.9
2025-07-03 19:00:00,19,3,0,1184.3,1206.1,1219.7,1131.8,1203.3666666666668,1185.0,29.24,77.8,22,1136.9,1060.2
2025-07-03 20:00:00,20,3,0,1136.9,1184.3,1206.1,1061.8,1175.7666666666667,1189.5833333333333,28.68,80.7,14,1060.2,939.3
2025-07-03 21:00:00,21,3,0,1060.2,1136.9,1184.3,941.5,1127.1333333333334,1170.05,28.2,83.7,0,939.3,851.7
2025-07-03 22:00:00,22,3,0,939.3,1060.2,1136.9,845.3,1045.466666666667,1124.4166666666667,27.47,83.3,0,851.7,783.5
2025-07-03 23:00:00,23,3,0,851.7,939.3,1060.2,760.7,950.4000000000001,1063.0833333333333,26.9,83.7,0,783.5,719.2
2025-07-04 00:00:00,0,4,0,783.5,851.7,939.3,700.1,858.1666666666666,992.6500000000001,26.45,85.0,0,719.2,655.8
2025-07-04 01:00:00,1,4,0,719.2,783.5,851.7,645.1,784.8000000000002,915.1333333333333,25.88,86.0,0,655.8,624.1
2025-07-04 02:00:00,2,4,0,655.8,719.2,783.5,598.4,719.5,834.9499999999999,26.05,83.5,0,624.1,582.4
2025-07-04 03:00:00,3,4,0,624.1,655.8,719.2,562.0,666.3666666666668,762.2666666666665,25.87,85.5,0,582.4,549.2
2025-07-04 04:00:00,4,4,0,582.4,624.1,655.8,536.1,620.7666666666668,702.7833333333333,25.9,86.3,0,549.2,522.7
2025-07-04 05:00:00,5,4,0,549.2,582.4,624.1,519.9,585.2333333333335,652.3666666666667,26.24,88.8,0,522.7,506.3
2025-07-04 06:00:00,6,4,0,522.7,549.2,582.4,501.2,551.4333333333335,608.9,26.55,88.4,0,506.3,497.8
2025-07-04 07:00:00,7,4,0,506.3,522.7,549.2,480.9,526.0666666666667,573.4166666666666,26.95,86.5,0,497.8,576.3
2025-07-04 08:00:00,8,4,0,497.8,506.3,522.7,555.4,508.9333333333334,547.0833333333334,27.43,81.9,14,576.3,687.8
2025-07-04 09:00:00,9,4,0,576.3,497.8,506.3,666.5,526.8000000000001,539.1166666666667,28.25,79.3,22,687.8,800.9
2025-07-04 10:00:00,10,4,0,687.8,576.3,497.8,804.9,587.3000000000001,556.6833333333334,28.92,79.7,29,800.9,915.6
2025-07-04 11:00:00,11,4,0,800.9,687.8,576.3,922.7,688.3333333333334,598.6333333333333,29.04,79.9,34,915.6,1022.0
2025-07-04 12:00:00,12,4,0,915.6,800.9,687.8,1020.2,801.4333333333334,664.1166666666667,29.03,80.2,37,1022.0,1100.8
2025-07-04 13:00:00,13,4,0,1022.0,915.6,800.9,1109.4,912.8333333333334,750.0666666666666,29.58,80.4,39,1100.8,1173.1
2025-07-04 14:00:00,14,4,0,1100.8,1022.0,915.6,1177.4,1012.8000000000002,850.5666666666666,29.93,79.6,40,1173.1,1205.5
2025-07-04 15:00:00,15,4,0,1173.1,1100.8,1022.0,1213.1,1098.6333333333334,950.0333333333332,29.87,78.0,39,1205.5,1213.1
2025-07-04 16:00:00,16,4,0,1205.5,1173.1,1100.8,1219.7,1159.8000000000002,1036.3166666666666,29.79,79.0,37,1213.1,1212.2
2025-07-04 17:00:00,17,4,0,1213.1,1205.5,1173.1,1206.1,1197.2333333333333,1105.0166666666667,29.36,78.0,34,1212.2,1188.7
2025-07-04 18:00:00,18,4,0,1212.2,1213.1,1205.5,1184.3,1210.2666666666667,1154.45,29.11,79.7,29,1188.7,1119.1
2025-07-04 19:00:00,19,4,0,1188.7,1212.2,1213.1,1136.9,1204.6666666666667,1182.2333333333333,28.81,81.7,22,1119.1,1056.5
2025-07-04 20:00:00,20,4,0,1119.1,1188.7,1212.2,1060.2,1173.3333333333333,1185.2833333333333,28.53,79.8,14,1056.5,928.1
2025-07-04 21:00:00,21,4,0,1056.5,1119.1,1188.7,939.3,1121.4333333333334,1165.8500000000001,28.29,78.9,0,928.1,843.0
2025-07-04 22:00:00,22,4,0,928.1,1056.5,1119.1,851.7,1034.5666666666668,1119.6166666666668,27.55,80.8,0,843.0,760.7
2025-07-04 23:00:00,23,4,0,843.0,928.1,1056.5,783.5,942.5333333333334,1057.9333333333334,27.08,84.3,0,760.7,706.2
2025-07-05 00:00:00,0,5,1,760.7,843.0,928.1,719.2,843.9333333333334,982.6833333333334,26.68,86.9,0,706.2,646.1
2025-07-05 01:00:00,1,5,1,706.2,760.7,843.0,655.8,769.9666666666668,902.2666666666665,26.46,89.4,0,646.1,603.4
2025-07-05 02:00:00,2,5,1,646.1,706.2,760.7,624.1,704.3333333333335,823.4333333333334,26.43,86.7,0,603.4,576.0
2025-07-05 03:00:00,3,5,1,603.4,646.1,706.2,582.4,651.9000000000001,747.9166666666666,25.89,84.9,0,576.0,547.8
2025-07-05 04:00:00,4,5,1,576.0,603.4,646.1,549.2,608.5000000000001,689.2333333333335,26.13,86.0,0,547.8,524.2
2025-07-05 05:00:00,5,5,1,547.8,576.0,603.4,522.7,575.7333333333335,640.0333333333334,26.05,83.2,0,524.2,505.8
2025-07-05 06:00:00,6,5,1,524.2,547.8,576.0,506.3,549.3333333333334,600.6166666666667,26.59,83.5,0,505.8,486.1
2025-07-05 07:00:00,7,5,1,505.8,524.2,547.8,497.8,525.9333333333334,567.2166666666667,27.06,81.2,0,486.1,475.7
2025-07-05 08:00:00,8,5,1,486.1,505.8,524.2,576.3,505.3666666666668,540.55,27.33,82.6,0,475.7,532.9
2025-07-05 09:00:00,9,5,1,475.7,486.1,505.8,687.8,489.2000000000001,519.2666666666668,27.75,79.6,10,532.9,603.7
2025-07-05 10:00:00,10,5,1,532.9,475.7,486.1,800.9,498.2333333333334,512.0833333333334,28.66,80.2,16,603.7,674.8
2025-07-05 11:00:00,11,5,1,603.7,532.9,475.7,915.6,537.4333333333334,521.4,28.97,78.0,19,674.8,730.9
2025-07-05 12:00:00,12,5,1,674.8,603.7,532.9,1022.0,603.8000000000001,546.5,29.32,78.1,20,730.9,770.5
2025-07-05 13:00:00,13,5,1,730.9,674.8,603.7,1100.8,669.8000000000001,584.0166666666667,29.5,81.8,19,770.5,765.1
2025-07-05 14:00:00,14,5,1,770.5,730.9,674.8,1173.1,725.4000000000001,631.4166666666666,29.89,77.4,16,765.1,747.7
2025-07-05 15:00:00,15,5,1,765.1,770.5,730.9,1205.5,755.5,679.65,30.32,75.6,10,747.7,692.8
2025-07-05 16:00:00,16,5,1,747.7,765.1,770.5,1213.1,761.1,715.4499999999999,30.1,75.8,0,692.8,632.1
2025-07-05 17:00:00,17,5,1,692.8,747.7,765.1,1212.2,735.2000000000002,730.3000000000001,29.53,75.7,0,632.1,590.1
2025-07-05 18:00:00,18,5,1,632.1,692.8,747.7,1188.7,690.8666666666668,723.1833333333334,29.15,78.5,0,590.1,557.4
2025-07-05 19:00:00,19,5,1,590.1,632.1,692.8,1119.1,638.3333333333334,699.7166666666667,28.38,76.7,0,557.4,532.9
2025-07-05 20:00:00,20,5,1,557.4,590.1,632.1,1056.5,593.2000000000002,664.1999999999999,28.13,80.6,0,532.9,505.7
2025-07-05 21:00:00,21,5,1,532.9,557.4,590.1,928.1,560.1333333333334,625.5,27.84,80.8,0,505.7,498.2
2025-07-05 22:00:00,22,5,1,505.7,532.9,557.4,843.0,532.0000000000001,585.1666666666666,27.39,81.4,0,498.2,487.9
2025-07-05 23:00:00,23,5,1,498.2,505.7,532.9,760.7,512.2666666666668,552.7333333333333,26.96,80.8,0,487.9,471.8
2025-07-06 00:00:00,0,6,1,487.9,498.2,505.7,706.2,497.2666666666667,528.7,26.8,82.2,0,471.8,464.7
2025-07-06 01:00:00,1,6,1,471.8,487.9,498.2,646.1,485.9666666666667,508.9833333333333,26.18,83.0,0,464.7,457.2
2025-07-06 02:00:00,2,6,1,464.7,471.8,487.9,603.4,474.8,493.53333333333336,25.87,84.0,0,457.2,430.5
2025-07-06 03:00:00,3,6,1,457.2,464.7,471.8,576.0,464.5666666666668,480.9166666666667,26.0,83.9,0,430.5,424.3
2025-07-06 04:00:00,4,6,1,430.5,457.2,464.7,547.8,450.8000000000001,468.38333333333327,25.64,85.8,0,424.3,435.6
2025-07-06 05:00:00,5,6,1,424.3,430.5,457.2,524.2,437.3333333333334,456.06666666666666,25.9,86.9,0,435.6,431.7
2025-07-06 06:00:00,6,6,1,435.6,424.3,430.5,505.8,430.1333333333334,447.34999999999997,26.53,84.5,0,431.7,430.7
2025-07-06 07:00:00,7,6,1,431.7,435.6,424.3,486.1,430.53333333333336,440.6666666666667,26.57,85.1,0,430.7,440.3
2025-07-06 08:00:00,8,6,1,430.7,431.7,435.6,475.7,432.66666666666674,435.0,27.48,85.5,0,440.3,436.9
2025-07-06 09:00:00,9,6,1,440.3,430.7,431.7,532.9,434.2333333333334,432.18333333333334,27.6,83.4,0,436.9,428.9
2025-07-06 10:00:00,10,6,1,436.9,440.3,430.7,603.7,435.9666666666667,433.25,28.01,80.0,0,428.9,433.5
2025-07-06 11:00:00,11,6,1,428.9,436.9,440.3,674.8,435.36666666666673,434.01666666666665,28.92,77.1,0,433.5,416.9
2025-07-06 12:00:00,12,6,1,433.5,428.9,436.9,730.9,433.1000000000001,433.6666666666667,29.14,77.7,0,416.9,423.5
2025-07-06 13:00:00,13,6,1,416.9,433.5,428.9,770.5,426.4333333333334,431.20000000000005,29.39,81.8,0,423.5,428.6
2025-07-06 14:00:00,14,6,1,423.5,416.9,433.5,765.1,424.63333333333344,430.0,29.77,80.8,0,428.6,421.7
2025-07-06 15:00:00,15,6,1,428.6,423.5,416.9,747.7,423.00000000000006,428.05,29.79,79.2,0,421.7,424.1
2025-07-06 16:00:00,16,6,1,421.7,428.6,423.5,692.8,424.6000000000001,425.51666666666665,29.53,80.4,0,424.1,421.8
2025-07-06 17:00:00,17,6,1,424.1,421.7,428.6,632.1,424.8,424.7166666666667,29.57,80.8,0,421.8,426.7
2025-07-06 18:00:00,18,6,1,421.8,424.1,421.7,590.1,422.5333333333335,422.76666666666665,29.46,80.3,0,426.7,422.6
2025-07-06 19:00:00,19,6,1,426.7,421.8,424.1,557.4,424.2000000000001,424.3999999999999,29.01,81.1,0,422.6,424.1
2025-07-06 20:00:00,20,6,1,422.6,426.7,421.8,532.9,423.7000000000001,424.25,28.49,78.0,0,424.1,433.3
2025-07-06 21:00:00,21,6,1,424.1,422.6,426.7,505.7,424.46666666666675,423.5,27.67,79.0,0,433.3,428.9
2025-07-06 22:00:00,22,6,1,433.3,424.1,422.6,498.2,426.66666666666674,425.4333333333334,27.12,80.7,0,428.9,429.7
2025-07-06 23:00:00,23,6,1,428.9,433.3,424.1,487.9,428.7666666666667,426.2333333333333,26.97,80.8,0,429.7,424.7
2025-07-07 00:00:00,0,0,0,429.7,428.9,433.3,471.8,430.6333333333334,427.55,26.86,80.2,0,424.7,420.2
2025-07-07 01:00:00,1,0,0,424.7,429.7,428.9,464.7,427.7666666666667,427.2166666666667,26.42,79.3,0,420.2,416.4
2025-07-07 02:00:00,2,0,0,420.2,424.7,429.7,457.2,424.86666666666673,426.8166666666666,26.29,83.6,0,416.4,422.4
2025-07-07 03:00:00,3,0,0,416.4,420.2,424.7,430.5,420.4333333333334,425.5333333333333,26.21,80.7,0,422.4,422.0
2025-07-07 04:00:00,4,0,0,422.4,416.4,420.2,424.3,419.6666666666667,423.71666666666664,26.1,79.4,0,422.0,418.8
2025-07-07 05:00:00,5,0,0,422.0,422.4,416.4,435.6,420.2666666666667,422.56666666666666,26.21,80.8,0,418.8,420.3
2025-07-07 06:00:00,6,0,0,418.8,422.0,422.4,431.7,421.0666666666668,420.75,26.64,82.4,0,420.3,419.3
2025-07-07 07:00:00,7,0,0,420.3,418.8,422.0,430.7,420.3666666666668,420.01666666666665,26.88,78.8,0,419.3,519.4
2025-07-07 08:00:00,8,0,0,419.3,420.3,418.8,440.3,419.46666666666675,419.8666666666666,27.62,78.2,14,519.4,659.6
2025-07-07 09:00:00,9,0,0,519.4,419.3,420.3,436.9,453.00000000000006,437.0333333333333,28.05,76.2,22,659.6,779.7
2025-07-07 10:00:00,10,0,0,659.6,519.4,419.3,428.9,532.7666666666668,476.56666666666666,28.56,76.4,29,779.7,908.5
2025-07-07 11:00:00,11,0,0,779.7,659.6,519.4,433.5,652.9000000000001,536.1833333333333,28.88,74.9,34,908.5,1019.0
2025-07-07 12:00:00,12,0,0,908.5,779.7,659.6,416.9,782.6,617.8,29.25,76.3,37,1019.0,1109.2
2025-07-07 13:00:00,13,0,0,1019.0,908.5,779.7,423.5,902.4000000000001,717.5833333333334,29.51,77.3,39,1109.2,1166.2
2025-07-07 14:00:00,14,0,0,1109.2,1019.0,908.5,428.6,1012.2333333333332,832.5666666666666,29.89,78.5,40,1166.2,1201.5
2025-07-07 15:00:00,15,0,0,1166.2,1109.2,1019.0,421.7,1098.1333333333334,940.3666666666668,29.79,79.5,39,1201.5,1214.7
2025-07-07 16:00:00,16,0,0,1201.5,1166.2,1109.2,424.1,1158.9666666666667,1030.6833333333334,29.85,76.8,37,1214.7,1198.9
2025-07-07 17:00:00,17,0,0,1214.7,1201.5,1166.2,421.8,1194.1333333333334,1103.1833333333334,30.03,76.9,34,1198.9,1176.0
2025-07-07 18:00:00,18,0,0,1198.9,1214.7,1201.5,426.7,1205.0333333333335,1151.5833333333333,29.7,78.0,29,1176.0,1126.9
2025-07-07 19:00:00,19,0,0,1176.0,1198.9,1214.7,422.6,1196.5333333333335,1177.75,29.23,79.6,22,1126.9,1051.1
2025-07-07 20:00:00,20,0,0,1126.9,1176.0,1198.9,424.1,1167.2666666666667,1180.7,28.85,76.8,14,1051.1,935.8
2025-07-07 21:00:00,21,0,0,1051.1,1126.9,1176.0,433.3,1118.0,1161.5166666666667,28.05,79.2,0,935.8,837.7
2025-07-07 22:00:00,22,0,0,935.8,1051.1,1126.9,428.9,1037.9333333333334,1117.2333333333333,27.46,82.0,0,837.7,756.4
2025-07-07 23:00:00,23,0,0,837.7,935.8,1051.1,429.7,941.5333333333334,1054.3999999999999,27.13,81.4,0,756.4,702.9
2025-07-08 00:00:00,0,1,0,756.4,837.7,935.8,424.7,843.3000000000001,980.6500000000001,26.58,82.6,0,702.9,649.5
2025-07-08 01:00:00,1,1,0,702.9,756.4,837.7,420.2,765.6666666666666,901.7999999999998,25.99,81.7,0,649.5,620.8
2025-07-08 02:00:00,2,1,0,649.5,702.9,756.4,416.4,702.9333333333334,822.2333333333332,25.78,83.3,0,620.8,578.5
2025-07-08 03:00:00,3,1,0,620.8,649.5,702.9,422.4,657.7333333333333,750.5166666666668,25.68,83.2,0,578.5,554.3
2025-07-08 04:00:00,4,1,0,578.5,620.8,649.5,422.0,616.2666666666668,690.9666666666666,25.99,81.8,0,554.3,535.1
2025-07-08 05:00:00,5,1,0,554.3,578.5,620.8,418.8,584.5333333333334,643.7333333333332,26.34,80.9,0,535.1,513.9
2025-07-08 06:00:00,6,1,0,535.1,554.3,578.5,420.3,555.9666666666667,606.85,26.55,81.1,0,513.9,496.8
2025-07-08 07:00:00,7,1,0,513.9,535.1,554.3,419.3,534.4333333333334,575.3499999999999,26.97,83.4,0,496.8,574.5
2025-07-08 08:00:00,8,1,0,496.8,513.9,535.1,519.4,515.2666666666668,549.9,27.34,84.3,14,574.5,691.1
2025-07-08 09:00:00,9,1,0,574.5,496.8,513.9,659.6,528.4000000000001,542.1833333333333,27.8,85.4,22,691.1,814.8
2025-07-08 10:00:00,10,1,0,691.1,574.5,496.8,779.7,587.4666666666667,560.9499999999999,28.33,85.6,29,814.8,932.5
2025-07-08 11:00:00,11,1,0,814.8,691.1,574.5,908.5,693.4666666666667,604.3666666666667,28.99,84.5,34,932.5,1025.4
2025-07-08 12:00:00,12,1,0,932.5,814.8,691.1,1019.0,812.8000000000001,670.6,29.08,82.8,37,1025.4,1104.1
2025-07-08 13:00:00,13,1,0,1025.4,932.5,814.8,1109.2,924.2333333333335,755.85,29.07,82.3,39,1104.1,1173.3
2025-07-08 14:00:00,14,1,0,1104.1,1025.4,932.5,1166.2,1020.6666666666666,857.0666666666666,29.46,84.3,40,1173.3,1212.0
2025-07-08 15:00:00,15,1,0,1173.3,1104.1,1025.4,1201.5,1100.9333333333334,956.8666666666667,29.73,82.7,39,1212.0,1220.5
2025-07-08 16:00:00,16,1,0,1212.0,1173.3,1104.1,1214.7,1163.1333333333332,1043.6833333333332,29.69,80.8,37,1220.5,1220.0
2025-07-08 17:00:00,17,1,0,1220.5,1212.0,1173.3,1198.9,1201.9333333333334,1111.3,29.57,80.7,34,1220.0,1189.2
2025-07-08 18:00:00,18,1,0,1220.0,1220.5,1212.0,1176.0,1217.5,1159.2166666666667,29.14,81.0,29,1189.2,1130.8
2025-07-08 19:00:00,19,1,0,1189.2,1220.0,1220.5,1126.9,1209.8999999999999,1186.5166666666667,28.47,83.7,22,1130.8,1058.6
2025-07-08 20:00:00,20,1,0,1130.8,1189.2,1220.0,1051.1,1180.0,1190.9666666666665,28.28,83.9,14,1058.6,948.0
2025-07-08 21:00:00,21,1,0,1058.6,1130.8,1189.2,935.8,1126.1999999999998,1171.8500000000001,27.64,85.2,0,948.0,849.9
2025-07-08 22:00:00,22,1,0,948.0,1058.6,1130.8,837.7,1045.8,1127.8500000000001,26.86,83.4,0,849.9,771.9
2025-07-08 23:00:00,23,1,0,849.9,948.0,1058.6,756.4,952.1666666666666,1066.0833333333333,27.08,80.8,0,771.9,717.3
2025-07-09 00:00:00,0,2,0,771.9,849.9,948.0,702.9,856.6,991.4,26.81,79.5,0,717.3,650.3
2025-07-09 01:00:00,1,2,0,717.3,771.9,849.9,649.5,779.6999999999999,912.7499999999999,26.27,81.1,0,650.3,615.9
2025-07-09 02:00:00,2,2,0,650.3,717.3,771.9,620.8,713.1666666666666,832.6666666666666,25.85,81.2,0,615.9,576.6
2025-07-09 03:00:00,3,2,0,615.9,650.3,717.3,578.5,661.1666666666666,758.8833333333332,26.03,79.7,0,576.6,554.1
2025-07-09 04:00:00,4,2,0,576.6,615.9,650.3,554.3,614.2666666666667,696.9833333333332,26.13,80.5,0,554.1,524.0
2025-07-09 05:00:00,5,2,0,554.1,576.6,615.9,535.1,582.1999999999999,647.6833333333333,26.08,80.0,0,524.0,505.9
2025-07-09 06:00:00,6,2,0,524.0,554.1,576.6,513.9,551.5666666666666,606.3666666666667,26.43,79.9,0,505.9,497.4
2025-07-09 07:00:00,7,2,0,505.9,524.0,554.1,496.8,528.0,571.1333333333333,27.08,80.8,0,497.4,575.0
2025-07-09 08:00:00,8,2,0,497.4,505.9,524.0,574.5,509.1000000000001,545.65,27.76,81.1,14,575.0,671.9
2025-07-09 09:00:00,9,2,0,575.0,497.4,505.9,691.1,526.1,538.8333333333334,27.88,80.1,22,671.9,803.0
2025-07-09 10:00:00,10,2,0,671.9,575.0,497.4,814.8,581.4333333333334,554.7166666666667,28.39,81.1,29,803.0,921.6
2025-07-09 11:00:00,11,2,0,803.0,671.9,575.0,932.5,683.3000000000001,596.1999999999999,28.73,81.2,34,921.6,1006.5
2025-07-09 12:00:00,12,2,0,921.6,803.0,671.9,1025.4,798.8333333333334,662.4666666666667,29.44,78.0,37,1006.5,1096.4
2025-07-09 13:00:00,13,2,0,1006.5,921.6,803.0,1104.1,910.3666666666667,745.9,29.84,76.7,39,1096.4,1178.4
2025-07-09 14:00:00,14,2,0,1096.4,1006.5,921.6,1173.3,1008.1666666666666,845.7333333333332,29.9,78.2,40,1178.4,1212.3
2025-07-09 15:00:00,15,2,0,1178.4,1096.4,1006.5,1212.0,1093.7666666666667,946.3000000000001,30.05,78.0,39,1212.3,1216.5
2025-07-09 16:00:00,16,2,0,1212.3,1178.4,1096.4,1220.5,1162.3666666666668,1036.3666666666668,30.03,76.1,37,1216.5,1207.8
2025-07-09 17:00:00,17,2,0,1216.5,1212.3,1178.4,1220.0,1202.3999999999999,1105.2833333333335,30.02,75.0,34,1207.8,1174.6
2025-07-09 18:00:00,18,2,0,1207.8,1216.5,1212.3,1189.2,1212.2,1152.9833333333333,29.47,77.3,29,1174.6,1129.4
2025-07-09 19:00:00,19,2,0,1174.6,1207.8,1216.5,1130.8,1199.6333333333334,1181.0,28.93,77.9,22,1129.4,1058.9
2025-07-09 20:00:00,20,2,0,1129.4,1174.6,1207.8,1058.6,1170.6,1186.5,28.72,78.2,14,1058.9,937.7
2025-07-09 21:00:00,21,2,0,1058.9,1129.4,1174.6,948.0,1120.9666666666667,1166.5833333333333,27.92,78.6,0,937.7,843.7
2025-07-09 22:00:00,22,2,0,937.7,1058.9,1129.4,849.9,1042.0,1120.8166666666666,27.36,80.3,0,843.7,759.3
2025-07-09 23:00:00,23,2,0,843.7,937.7,1058.9,771.9,946.7666666666668,1058.6833333333334,26.77,81.3,0,759.3,701.6
2025-07-10 00:00:00,0,3,0,759.3,843.7,937.7,717.3,846.9,983.9333333333334,26.04,83.2,0,701.6,651.1
2025-07-10 01:00:00,1,3,0,701.6,759.3,843.7,650.3,768.1999999999999,905.1,26.24,82.4,0,651.1,610.8
2025-07-10 02:00:00,2,3,0,651.1,701.6,759.3,615.9,704.0,825.3833333333336,25.77,81.8,0,610.8,571.7
2025-07-10 03:00:00,3,3,0,610.8,651.1,701.6,576.6,654.5,750.6999999999999,25.64,82.5,0,571.7,537.5
2025-07-10 04:00:00,4,3,0,571.7,610.8,651.1,554.1,611.2,689.7000000000002,25.9,83.6,0,537.5,516.9
2025-07-10 05:00:00,5,3,0,537.5,571.7,610.8,524.0,573.3333333333334,638.6666666666666,25.94,84.4,0,516.9,503.5
2025-07-10 06:00:00,6,3,0,516.9,537.5,571.7,505.9,542.0333333333333,598.2666666666667,26.34,84.2,0,503.5,499.1
2025-07-10 07:00:00,7,3,0,503.5,516.9,537.5,497.4,519.3000000000001,565.25,26.71,84.3,0,499.1,570.8
2025-07-10 08:00:00,8,3,0,499.1,503.5,516.9,575.0,506.5,539.9166666666666,27.43,83.3,14,570.8,680.8
2025-07-10 09:00:00,9,3,0,570.8,499.1,503.5,671.9,524.4666666666667,533.25,27.67,81.9,22,680.8,804.2
2025-07-10 10:00:00,10,3,0,680.8,570.8,499.1,803.0,583.5666666666666,551.4333333333333,28.11,82.1,29,804.2,916.0
2025-07-10 11:00:00,11,3,0,804.2,680.8,570.8,921.6,685.2666666666668,595.8833333333333,28.67,83.8,34,916.0,1029.9
2025-07-10 12:00:00,12,3,0,916.0,804.2,680.8,1006.5,800.3333333333334,662.4,28.98,79.6,37,1029.9,1119.6
2025-07-10 13:00:00,13,3,0,1029.9,916.0,804.2,1096.4,916.7000000000002,750.1333333333333,29.63,78.0,39,1119.6,1189.4
2025-07-10 14:00:00,14,3,0,1119.6,1029.9,916.0,1178.4,1021.8333333333334,853.5500000000001,29.55,78.7,40,1189.4,1232.2
2025-07-10 15:00:00,15,3,0,1189.4,1119.6,1029.9,1212.3,1112.9666666666667,956.65,29.58,79.0,39,1232.2,1240.0
2025-07-10 16:00:00,16,3,0,1232.2,1189.4,1119.6,1216.5,1180.3999999999999,1048.5500000000002,29.81,77.9,37,1240.0,1227.4
2025-07-10 17:00:00,17,3,0,1240.0,1232.2,1189.4,1207.8,1220.5333333333335,1121.1833333333334,29.76,79.0,34,1227.4,1196.6
2025-07-10 18:00:00,18,3,0,1227.4,1240.0,1232.2,1174.6,1233.2,1173.0833333333333,29.21,78.0,29,1196.6,1135.6
2025-07-10 19:00:00,19,3,0,1196.6,1227.4,1240.0,1129.4,1221.3333333333333,1200.8666666666668,28.57,80.4,22,1135.6,1052.6
2025-07-10 20:00:00,20,3,0,1135.6,1196.6,1227.4,1058.9,1186.5333333333335,1203.5333333333333,28.21,80.9,14,1052.6,932.4
2025-07-10 21:00:00,21,3,0,1052.6,1135.6,1196.6,937.7,1128.2666666666664,1180.7333333333333,27.61,81.3,0,932.4,844.2
2025-07-10 22:00:00,22,3,0,932.4,1052.6,1135.6,843.7,1040.2,1130.7666666666667,27.37,80.7,0,844.2,768.1
2025-07-10 23:00:00,23,3,0,844.2,932.4,1052.6,759.3,943.0666666666666,1064.8,26.98,78.9,0,768.1,704.2
2025-07-11 00:00:00,0,4,0,768.1,844.2,932.4,701.6,848.2333333333332,988.25,26.69,80.3,0,704.2,638.9
2025-07-11 01:00:00,1,4,0,704.2,768.1,844.2,651.1,772.1666666666666,906.1833333333333,26.16,80.7,0,638.9,595.7
2025-07-11 02:00:00,2,4,0,638.9,704.2,768.1,610.8,703.7333333333335,823.4,26.09,82.9,0,595.7,583.8
2025-07-11 03:00:00,3,4,0,595.7,638.9,704.2,571.7,646.2666666666668,747.25,26.22,83.0,0,583.8,556.2
2025-07-11 04:00:00,4,4,0,583.8,595.7,638.9,537.5,606.1333333333333,689.15,26.08,83.5,0,556.2,532.3
2025-07-11 05:00:00,5,4,0,556.2,583.8,595.7,516.9,578.5666666666666,641.15,26.44,84.1,0,532.3,495.8
2025-07-11 06:00:00,6,4,0,532.3,556.2,583.8,503.5,557.4333333333334,601.85,27.05,81.5,0,495.8,481.7
2025-07-11 07:00:00,7,4,0,495.8,532.3,556.2,499.1,528.1,567.1166666666667,27.15,82.3,0,481.7,574.9
2025-07-11 08:00:00,8,4,0,481.7,495.8,532.3,570.8,503.2666666666666,540.9166666666666,27.56,81.8,14,574.9,694.0
2025-07-11 09:00:00,9,4,0,574.9,481.7,495.8,680.8,517.4666666666667,537.4499999999999,27.75,79.7,22,694.0,802.2
2025-07-11 10:00:00,10,4,0,694.0,574.9,481.7,804.2,583.5333333333333,555.8166666666666,28.38,80.1,29,802.2,915.3
2025-07-11 11:00:00,11,4,0,802.2,694.0,574.9,916.0,690.3666666666667,596.8166666666667,28.94,78.0,34,915.3,1026.3
2025-07-11 12:00:00,12,4,0,915.3,802.2,694.0,1029.9,803.8333333333334,660.65,29.32,78.0,37,1026.3,1112.9
2025-07-11 13:00:00,13,4,0,1026.3,915.3,802.2,1119.6,914.5999999999999,749.0666666666666,29.63,78.0,39,1112.9,1170.8
2025-07-11 14:00:00,14,4,0,1112.9,1026.3,915.3,1189.4,1018.1666666666666,854.2666666666668,30.3,79.5,40,1170.8,1208.2
2025-07-11 15:00:00,15,4,0,1170.8,1112.9,1026.3,1232.2,1103.3333333333333,953.5833333333334,30.42,79.9,39,1208.2,1213.6
2025-07-11 16:00:00,16,4,0,1208.2,1170.8,1112.9,1240.0,1163.9666666666667,1039.2833333333335,30.18,80.1,37,1213.6,1214.2
2025-07-11 17:00:00,17,4,0,1213.6,1208.2,1170.8,1227.4,1197.5333333333333,1107.85,29.7,80.9,34,1214.2,1177.2
2025-07-11 18:00:00,18,4,0,1214.2,1213.6,1208.2,1196.6,1212.0,1157.6666666666667,29.4,80.9,29,1177.2,1117.9
2025-07-11 19:00:00,19,4,0,1177.2,1214.2,1213.6,1135.6,1201.6666666666667,1182.8166666666666,29.13,81.5,22,1117.9,1053.8
2025-07-11 20:00:00,20,4,0,1117.9,1177.2,1214.2,1052.6,1169.7666666666667,1183.65,28.29,81.9,14,1053.8,938.5
2025-07-11 21:00:00,21,4,0,1053.8,1117.9,1177.2,932.4,1116.3000000000002,1164.15,28.52,81.3,0,938.5,847.0
2025-07-11 22:00:00,22,4,0,938.5,1053.8,1117.9,844.2,1036.7333333333333,1119.2,27.85,79.3,0,847.0,774.2
2025-07-11 23:00:00,23,4,0,847.0,938.5,1053.8,768.1,946.4333333333334,1058.1000000000001,27.41,78.6,0,774.2,691.7
2025-07-12 00:00:00,0,5,1,774.2,847.0,938.5,704.2,853.2333333333332,984.7666666666668,26.8,80.9,0,691.7,646.3
2025-07-12 01:00:00,1,5,1,691.7,774.2,847.0,638.9,770.9666666666667,903.8499999999999,26.36,83.3,0,646.3,605.0
2025-07-12 02:00:00,2,5,1,646.3,691.7,774.2,595.7,704.0666666666666,825.25,26.08,82.6,0,605.0,578.1
2025-07-12 03:00:00,3,5,1,605.0,646.3,691.7,583.8,647.6666666666666,750.4499999999999,25.89,83.3,0,578.1,548.0
2025-07-12 04:00:00,4,5,1,578.1,605.0,646.3,556.2,609.8000000000001,690.3833333333333,26.13,83.8,0,548.0,532.4
2025-07-12 05:00:00,5,5,1,548.0,578.1,605.0,532.3,577.0333333333333,640.55,26.21,83.6,0,532.4,503.4
2025-07-12 06:00:00,6,5,1,532.4,548.0,578.1,495.8,552.8333333333334,600.25,26.58,81.4,0,503.4,504.0
2025-07-12 07:00:00,7,5,1,503.4,532.4,548.0,481.7,527.9333333333334,568.8666666666667,26.81,81.4,0,504.0,488.1
2025-07-12 08:00:00,8,5,1,504.0,503.4,532.4,574.9,513.2666666666668,545.15,27.63,81.7,0,488.1,545.8
2025-07-12 09:00:00,9,5,1,488.1,504.0,503.4,694.0,498.5,525.6666666666666,27.8,80.0,10,545.8,618.5
2025-07-12 10:00:00,10,5,1,545.8,488.1,504.0,802.2,512.6333333333333,520.2833333333333,28.36,78.1,16,618.5,693.0
2025-07-12 11:00:00,11,5,1,618.5,545.8,488.1,915.3,550.8000000000001,532.0333333333333,28.98,76.8,19,693.0,737.3
2025-07-12 12:00:00,12,5,1,693.0,618.5,545.8,1026.3,619.1,558.8000000000001,29.52,79.1,20,737.3,764.2
2025-07-12 13:00:00,13,5,1,737.3,693.0,618.5,1112.9,682.9333333333333,597.7833333333333,29.95,80.0,19,764.2,765.3
2025-07-12 14:00:00,14,5,1,764.2,737.3,693.0,1170.8,731.5,641.15,30.19,79.4,16,765.3,745.8
2025-07-12 15:00:00,15,5,1,765.3,764.2,737.3,1208.2,755.5999999999999,687.35,29.5,77.7,10,745.8,694.1
2025-07-12 16:00:00,16,5,1,745.8,765.3,764.2,1213.6,758.4333333333334,720.6833333333333,29.74,76.6,0,694.1,654.1
2025-07-12 17:00:00,17,5,1,694.1,745.8,765.3,1214.2,735.0666666666666,733.2833333333333,29.67,76.5,0,654.1,611.5
2025-07-12 18:00:00,18,5,1,654.1,694.1,745.8,1177.2,698.0,726.7999999999998,29.04,76.2,0,611.5,578.3
2025-07-12 19:00:00,19,5,1,611.5,654.1,694.1,1117.9,653.2333333333332,705.8333333333334,28.77,75.5,0,578.3,548.5
2025-07-12 20:00:00,20,5,1,578.3,611.5,654.1,1053.8,614.6333333333333,674.85,28.33,77.4,0,548.5,526.1
2025-07-12 21:00:00,21,5,1,548.5,578.3,611.5,938.5,579.4333333333334,638.7166666666667,27.77,77.4,0,526.1,498.3
2025-07-12 22:00:00,22,5,1,526.1,548.5,578.3,847.0,550.9666666666667,602.1,27.39,77.6,0,498.3,497.5
2025-07-12 23:00:00,23,5,1,498.3,526.1,548.5,774.2,524.3,569.4666666666666,26.63,79.3,0,497.5,476.4
2025-07-13 00:00:00,0,6,1,497.5,498.3,526.1,691.7,507.3,543.3666666666667,26.47,79.9,0,476.4,480.0
2025-07-13 01:00:00,1,6,1,476.4,497.5,498.3,646.3,490.73333333333335,520.85,26.24,81.3,0,480.0,464.0
2025-07-13 02:00:00,2,6,1,480.0,476.4,497.5,605.0,484.6333333333334,504.4666666666667,26.05,82.0,0,464.0,449.9
2025-07-13 03:00:00,3,6,1,464.0,480.0,476.4,578.1,473.4666666666667,490.3833333333334,25.92,85.8,0,449.9,443.9
2025-07-13 04:00:00,4,6,1,449.9,464.0,480.0,548.0,464.63333333333327,477.68333333333334,25.97,82.8,0,443.9,432.8
2025-07-13 05:00:00,5,6,1,443.9,449.9,464.0,532.4,452.59999999999997,468.61666666666673,26.11,82.8,0,432.8,434.0
2025-07-13 06:00:00,6,6,1,432.8,443.9,449.9,503.4,442.2,457.8333333333333,26.31,82.1,0,434.0,427.7
2025-07-13 07:00:00,7,6,1,434.0,432.8,443.9,504.0,436.90000000000003,450.76666666666665,27.1,81.8,0,427.7,428.9
2025-07-13 08:00:00,8,6,1,427.7,434.0,432.8,488.1,431.5,442.05,27.63,81.9,0,428.9,432.4
2025-07-13 09:00:00,9,6,1,428.9,427.7,434.0,545.8,430.2,436.2,28.22,82.2,0,432.4,438.8
2025-07-13 10:00:00,10,6,1,432.4,428.9,427.7,618.5,429.6666666666667,433.2833333333333,28.49,79.5,0,438.8,436.9
2025-07-13 11:00:00,11,6,1,438.8,432.4,428.9,693.0,433.3666666666666,432.43333333333334,28.92,79.2,0,436.9,412.3
2025-07-13 12:00:00,12,6,1,436.9,438.8,432.4,737.3,436.0333333333333,433.1166666666666,29.2,77.9,0,412.3,418.2
2025-07-13 13:00:00,13,6,1,412.3,436.9,438.8,764.2,429.3333333333333,429.5,29.51,79.8,0,418.2,425.2
2025-07-13 14:00:00,14,6,1,418.2,412.3,436.9,765.3,422.4666666666667,427.9166666666667,29.6,79.3,0,425.2,428.0
2025-07-13 15:00:00,15,6,1,425.2,418.2,412.3,745.8,418.56666666666666,427.3,29.88,79.6,0,428.0,421.9
2025-07-13 16:00:00,16,6,1,428.0,425.2,418.2,694.1,423.8,426.56666666666666,29.68,80.0,0,421.9,416.3
2025-07-13 17:00:00,17,6,1,421.9,428.0,425.2,654.1,425.0333333333333,423.75,29.57,79.9,0,416.3,418.2
2025-07-13 18:00:00,18,6,1,416.3,421.9,428.0,611.5,422.0666666666666,420.31666666666666,29.4,80.0,0,418.2,417.6
2025-07-13 19:00:00,19,6,1,418.2,416.3,421.9,578.3,418.79999999999995,421.3,28.83,81.1,0,417.6,411.8
2025-07-13 20:00:00,20,6,1,417.6,418.2,416.3,548.5,417.36666666666673,421.20000000000005,28.15,82.6,0,411.8,411.8
2025-07-13 21:00:00,21,6,1,411.8,417.6,418.2,526.1,415.8666666666666,418.9666666666667,27.78,83.4,0,411.8,419.8
2025-07-13 22:00:00,22,6,1,411.8,411.8,417.6,498.3,413.73333333333335,416.26666666666665,27.19,85.0,0,419.8,414.5
2025-07-13 23:00:00,23,6,1,419.8,411.8,411.8,497.5,414.4666666666667,415.9166666666667,26.67,84.8,0,414.5,414.4
2025-07-14 00:00:00,0,0,0,414.5,419.8,411.8,476.4,415.3666666666666,415.61666666666673,26.13,84.6,0,414.4,414.6
2025-07-14 01:00:00,1,0,0,414.4,414.5,419.8,480.0,416.23333333333335,414.9833333333333,25.78,85.1,0,414.6,416.0
2025-07-14 02:00:00,2,0,0,414.6,414.4,414.5,464.0,414.5,414.48333333333335,26.0,83.6,0,416.0,417.8
2025-07-14 03:00:00,3,0,0,416.0,414.6,414.4,449.9,415.0,415.1833333333334,25.77,85.7,0,417.8,430.0
2025-07-14 04:00:00,4,0,0,417.8,416.0,414.6,443.9,416.1333333333334,416.18333333333334,25.41,85.1,0,430.0,410.2
2025-07-14 05:00:00,5,0,0,430.0,417.8,416.0,432.8,421.26666666666665,417.88333333333327,25.81,85.0,0,410.2,408.2
2025-07-14 06:00:00,6,0,0,410.2,430.0,417.8,434.0,419.3333333333333,417.1666666666667,26.07,82.8,0,408.2,426.3
2025-07-14 07:00:00,7,0,0,408.2,410.2,430.0,427.7,416.1333333333334,416.1333333333334,26.36,84.1,0,426.3,525.0
2025-07-14 08:00:00,8,0,0,426.3,408.2,410.2,428.9,414.90000000000003,418.0833333333333,27.14,82.5,14,525.0,644.3
2025-07-14 09:00:00,9,0,0,525.0,426.3,408.2,432.4,453.1666666666667,436.25,27.4,82.4,22,644.3,783.6
2025-07-14 10:00:00,10,0,0,644.3,525.0,426.3,438.8,531.8666666666667,474.0,27.97,83.4,29,783.6,905.1
2025-07-14 11:00:00,11,0,0,783.6,644.3,525.0,436.9,650.9666666666667,532.9333333333334,28.85,81.3,34,905.1,1011.8
2025-07-14 12:00:00,12,0,0,905.1,783.6,644.3,412.3,777.6666666666666,615.4166666666666,29.09,80.0,37,1011.8,1095.4
2025-07-14 13:00:00,13,0,0,1011.8,905.1,783.6,418.2,900.1666666666666,716.0166666666668,29.58,79.4,39,1095.4,1160.3
2025-07-14 14:00:00,14,0,0,1095.4,1011.8,905.1,425.2,1004.1,827.5333333333333,29.58,78.5,40,1160.3,1203.9
2025-07-14 15:00:00,15,0,0,1160.3,1095.4,1011.8,428.0,1089.1666666666667,933.4166666666666,29.55,77.6,39,1203.9,1223.5
2025-07-14 16:00:00,16,0,0,1203.9,1160.3,1095.4,421.9,1153.2,1026.6833333333332,29.77,76.0,37,1223.5,1219.8
2025-07-14 17:00:00,17,0,0,1223.5,1203.9,1160.3,416.3,1195.8999999999999,1100.0,29.66,75.0,34,1219.8,1186.3
2025-07-14 18:00:00,18,0,0,1219.8,1223.5,1203.9,418.2,1215.7333333333333,1152.45,29.3,76.2,29,1186.3,1145.7
2025-07-14 19:00:00,19,0,0,1186.3,1219.8,1223.5,417.6,1209.8666666666668,1181.5333333333333,28.95,78.7,22,1145.7,1064.0
2025-07-14 20:00:00,20,0,0,1145.7,1186.3,1219.8,411.8,1183.9333333333334,1189.9166666666667,28.44,78.8,14,1064.0,939.7
2025-07-14 21:00:00,21,0,0,1064.0,1145.7,1186.3,411.8,1132.0,1173.8666666666666,27.7,79.9,0,939.7,846.4
2025-07-14 22:00:00,22,0,0,939.7,1064.0,1145.7,419.8,1049.8,1129.8333333333333,27.03,78.4,0,846.4,769.1
2025-07-14 23:00:00,23,0,0,846.4,939.7,1064.0,414.5,950.0333333333333,1066.9833333333333,26.61,81.3,0,769.1,701.9
2025-07-15 00:00:00,0,1,0,769.1,846.4,939.7,414.4,851.7333333333332,991.8666666666667,26.3,82.1,0,701.9,644.3
2025-07-15 01:00:00,1,1,0,701.9,769.1,846.4,414.6,772.4666666666667,911.1333333333333,25.97,83.4,0,644.3,607.2
2025-07-15 02:00:00,2,1,0,644.3,701.9,769.1,416.0,705.0999999999999,827.5666666666666,25.99,81.5,0,607.2,571.2
2025-07-15 03:00:00,3,1,0,607.2,644.3,701.9,417.8,651.1333333333333,751.4333333333334,26.04,84.3,0,571.2,544.3
2025-07-15 04:00:00,4,1,0,571.2,607.2,644.3,430.0,607.5666666666666,690.0166666666668,25.83,85.3,0,544.3,523.4
2025-07-15 05:00:00,5,1,0,544.3,571.2,607.2,410.2,574.2333333333335,639.6666666666666,26.22,84.9,0,523.4,509.5
2025-07-15 06:00:00,6,1,0,523.4,544.3,571.2,408.2,546.3,598.7166666666666,26.64,80.8,0,509.5,488.8
2025-07-15 07:00:00,7,1,0,509.5,523.4,544.3,426.3,525.7333333333332,566.65,27.44,79.1,0,488.8,555.7
2025-07-15 08:00:00,8,1,0,488.8,509.5,523.4,525.0,507.23333333333335,540.7333333333333,27.81,79.9,14,555.7,670.2
2025-07-15 09:00:00,9,1,0,555.7,488.8,509.5,644.3,518.0,532.15,28.11,79.8,22,670.2,795.2
2025-07-15 10:00:00,10,1,0,670.2,555.7,488.8,783.6,571.5666666666667,548.65,28.14,83.3,29,795.2,904.9
2025-07-15 11:00:00,11,1,0,795.2,670.2,555.7,905.1,673.7,590.4666666666667,28.67,83.0,34,904.9,1028.2
2025-07-15 12:00:00,12,1,0,904.9,795.2,670.2,1011.8,790.1,654.0500000000001,29.09,85.0,37,1028.2,1106.2
2025-07-15 13:00:00,13,1,0,1028.2,904.9,795.2,1095.4,909.4333333333334,740.5,29.52,81.6,39,1106.2,1164.9
2025-07-15 14:00:00,14,1,0,1106.2,1028.2,904.9,1160.3,1013.1,843.4,29.26,78.4,40,1164.9,1211.1
2025-07-15 15:00:00,15,1,0,1164.9,1106.2,1028.2,1203.9,1099.7666666666667,944.9333333333334,29.67,77.0,39,1211.1,1211.1
2025-07-15 16:00:00,16,1,0,1211.1,1164.9,1106.2,1223.5,1160.7333333333333,1035.0833333333333,29.29,77.8,37,1211.1,1204.6
2025-07-15 17:00:00,17,1,0,1211.1,1211.1,1164.9,1219.8,1195.7,1104.3999999999999,29.5,77.1,34,1204.6,1175.8
2025-07-15 18:00:00,18,1,0,1204.6,1211.1,1211.1,1186.3,1208.9333333333332,1154.35,29.45,78.1,29,1175.8,1125.6
2025-07-15 19:00:00,19,1,0,1175.8,1204.6,1211.1,1145.7,1197.1666666666667,1178.95,29.14,76.6,22,1125.6,1046.0
2025-07-15 20:00:00,20,1,0,1125.6,1175.8,1204.6,1064.0,1168.6666666666665,1182.1833333333334,28.46,76.7,14,1046.0,934.0
2025-07-15 21:00:00,21,1,0,1046.0,1125.6,1175.8,939.7,1115.8,1162.3666666666666,27.82,78.6,0,934.0,846.3
2025-07-15 22:00:00,22,1,0,934.0,1046.0,1125.6,846.4,1035.2,1116.1833333333334,27.08,81.8,0,846.3,770.7
2025-07-15 23:00:00,23,1,0,846.3,934.0,1046.0,769.1,942.1,1055.3833333333332,26.66,83.2,0,770.7,711.5
2025-07-16 00:00:00,0,2,0,770.7,846.3,934.0,701.9,850.3333333333334,983.0666666666666,26.12,82.9,0,711.5,653.7
2025-07-16 01:00:00,1,2,0,711.5,770.7,846.3,644.3,776.1666666666666,905.6833333333334,25.85,83.0,0,653.7,606.4
2025-07-16 02:00:00,2,2,0,653.7,711.5,770.7,607.2,711.9666666666667,827.0333333333333,25.54,83.7,0,606.4,568.7
2025-07-16 03:00:00,3,2,0,606.4,653.7,711.5,571.2,657.1999999999999,753.7666666666668,25.36,81.6,0,568.7,559.8
2025-07-16 04:00:00,4,2,0,568.7,606.4,653.7,544.3,609.6,692.8833333333333,25.8,81.8,0,559.8,537.1
2025-07-16 05:00:00,5,2,0,559.8,568.7,606.4,523.4,578.3000000000001,645.1333333333333,25.93,82.5,0,537.1,511.8
2025-07-16 06:00:00,6,2,0,537.1,559.8,568.7,509.5,555.1999999999999,606.1999999999999,26.21,81.8,0,511.8,496.0
2025-07-16 07:00:00,7,2,0,511.8,537.1,559.8,488.8,536.2333333333333,572.9166666666666,26.52,81.2,0,496.0,581.1
2025-07-16 08:00:00,8,2,0,496.0,511.8,537.1,555.7,514.9666666666667,546.6333333333333,26.98,81.2,14,581.1,694.7
2025-07-16 09:00:00,9,2,0,581.1,496.0,511.8,670.2,529.6333333333333,542.4166666666666,27.54,83.2,22,694.7,808.8
2025-07-16 10:00:00,10,2,0,694.7,581.1,496.0,795.2,590.6,563.4166666666666,28.21,83.8,29,808.8,926.6
2025-07-16 11:00:00,11,2,0,808.8,694.7,581.1,904.9,694.8666666666668,604.9166666666666,28.86,79.2,34,926.6,1033.8
2025-07-16 12:00:00,12,2,0,926.6,808.8,694.7,1028.2,810.0333333333333,669.8333333333334,29.06,77.8,37,1033.8,1107.8
2025-07-16 13:00:00,13,2,0,1033.8,926.6,808.8,1106.2,923.0666666666666,756.8333333333334,29.25,77.2,39,1107.8,1163.7
2025-07-16 14:00:00,14,2,0,1107.8,1033.8,926.6,1164.9,1022.7333333333332,858.8000000000001,29.56,78.5,40,1163.7,1209.4
2025-07-16 15:00:00,15,2,0,1163.7,1107.8,1033.8,1211.1,1101.7666666666667,955.9,29.53,77.3,39,1209.4,1218.4
2025-07-16 16:00:00,16,2,0,1209.4,1163.7,1107.8,1211.1,1160.3,1041.6833333333334,29.36,79.6,37,1218.4,1200.2
2025-07-16 17:00:00,17,2,0,1218.4,1209.4,1163.7,1204.6,1197.1666666666667,1109.95,29.15,81.8,34,1200.2,1170.7
2025-07-16 18:00:00,18,2,0,1200.2,1218.4,1209.4,1175.8,1209.3333333333333,1155.55,28.73,76.5,29,1170.7,1122.8
2025-07-16 19:00:00,19,2,0,1170.7,1200.2,1218.4,1125.6,1196.4333333333334,1178.3666666666668,28.73,77.6,22,1122.8,1048.6
2025-07-16 20:00:00,20,2,0,1122.8,1170.7,1200.2,1046.0,1164.5666666666666,1180.8666666666666,28.21,77.9,14,1048.6,941.5
2025-07-16 21:00:00,21,2,0,1048.6,1122.8,1170.7,934.0,1114.0333333333335,1161.6833333333334,27.8,79.7,0,941.5,844.7
2025-07-16 22:00:00,22,2,0,941.5,1048.6,1122.8,846.3,1037.6333333333332,1117.0333333333335,27.01,80.9,0,844.7,764.7
2025-07-16 23:00:00,23,2,0,844.7,941.5,1048.6,770.7,944.9333333333334,1054.75,26.49,78.9,0,764.7,702.5
2025-07-17 00:00:00,0,3,0,764.7,844.7,941.5,711.5,850.3000000000001,982.1666666666666,26.19,81.1,0,702.5,643.0
2025-07-17 01:00:00,1,3,0,702.5,764.7,844.7,653.7,770.6333333333333,904.1333333333332,26.08,80.4,0,643.0,606.8
2025-07-17 02:00:00,2,3,0,643.0,702.5,764.7,606.4,703.4,824.1666666666666,25.75,81.3,0,606.8,576.3
2025-07-17 03:00:00,3,3,0,606.8,643.0,702.5,568.7,650.7666666666667,750.5333333333333,25.63,80.5,0,576.3,539.3
2025-07-17 04:00:00,4,3,0,576.3,606.8,643.0,559.8,608.6999999999999,689.6666666666666,25.65,82.7,0,539.3,515.7
2025-07-17 05:00:00,5,3,0,539.3,576.3,606.8,537.1,574.1333333333333,638.7666666666667,25.57,83.1,0,515.7,497.1
2025-07-17 06:00:00,6,3,0,515.7,539.3,576.3,511.8,543.7666666666667,597.2666666666665,25.85,84.6,0,497.1,485.2
2025-07-17 07:00:00,7,3,0,497.1,515.7,539.3,496.0,517.3666666666667,563.0333333333333,26.65,83.3,0,485.2,561.9
2025-07-17 08:00:00,8,3,0,485.2,497.1,515.7,581.1,499.3333333333333,536.7333333333332,27.11,83.1,14,561.9,679.8
2025-07-17 09:00:00,9,3,0,561.9,485.2,497.1,694.7,514.7333333333333,529.25,27.48,85.5,22,679.8,801.1
2025-07-17 10:00:00,10,3,0,679.8,561.9,485.2,808.8,575.6333333333333,546.5,28.14,83.0,29,801.1,917.3
2025-07-17 11:00:00,11,3,0,801.1,679.8,561.9,926.6,680.9333333333334,590.1333333333333,28.8,79.1,34,917.3,1026.2
2025-07-17 12:00:00,12,3,0,917.3,801.1,679.8,1033.8,799.4,657.0666666666667,29.14,77.3,37,1026.2,1107.4
2025-07-17 13:00:00,13,3,0,1026.2,917.3,801.1,1107.8,914.8666666666668,745.25,29.13,79.4,39,1107.4,1175.4
2025-07-17 14:00:00,14,3,0,1107.4,1026.2,917.3,1163.7,1016.9666666666668,848.9500000000002,29.38,81.6,40,1175.4,1212.5
2025-07-17 15:00:00,15,3,0,1175.4,1107.4,1026.2,1209.4,1103.0,951.2000000000002,29.52,79.8,39,1212.5,1222.7
2025-07-17 16:00:00,16,3,0,1212.5,1175.4,1107.4,1218.4,1165.1000000000001,1039.9833333333333,30.13,77.7,37,1222.7,1197.4
2025-07-17 17:00:00,17,3,0,1222.7,1212.5,1175.4,1200.2,1203.5333333333335,1110.25,30.09,76.9,34,1197.4,1169.3
2025-07-17 18:00:00,18,3,0,1197.4,1222.7,1212.5,1170.7,1210.8666666666668,1156.9333333333334,29.09,79.0,29,1169.3,1131.0
2025-07-17 19:00:00,19,3,0,1169.3,1197.4,1222.7,1122.8,1196.466666666667,1180.7833333333335,28.71,79.0,22,1131.0,1061.4
2025-07-17 20:00:00,20,3,0,1131.0,1169.3,1197.4,1048.6,1165.9000000000003,1184.716666666667,28.2,80.6,14,1061.4,945.9
2025-07-17 21:00:00,21,3,0,1061.4,1131.0,1169.3,941.5,1120.5666666666666,1165.7166666666667,27.53,81.9,0,945.9,849.2
2025-07-17 22:00:00,22,3,0,945.9,1061.4,1131.0,844.7,1046.1000000000001,1121.2833333333333,27.14,83.4,0,849.2,772.5
2025-07-17 23:00:00,23,3,0,849.2,945.9,1061.4,764.7,952.1666666666669,1059.0333333333335,26.8,81.9,0,772.5,706.9
2025-07-18 00:00:00,0,4,0,772.5,849.2,945.9,702.5,855.8666666666668,988.2166666666667,26.47,82.3,0,706.9,654.4
2025-07-18 01:00:00,1,4,0,706.9,772.5,849.2,643.0,776.2000000000002,911.15,25.86,82.1,0,654.4,611.3
2025-07-18 02:00:00,2,4,0,654.4,706.9,772.5,606.8,711.2666666666668,831.7166666666666,25.6,82.2,0,611.3,577.7
2025-07-18 03:00:00,3,4,0,611.3,654.4,706.9,576.3,657.5333333333334,756.6999999999999,25.69,81.4,0,577.7,551.1
2025-07-18 04:00:00,4,4,0,577.7,611.3,654.4,539.3,614.4666666666667,695.3333333333334,25.54,82.1,0,551.1,519.7
2025-07-18 05:00:00,5,4,0,551.1,577.7,611.3,515.7,580.0333333333334,645.65,25.9,82.3,0,519.7,495.7
2025-07-18 06:00:00,6,4,0,519.7,551.1,577.7,497.1,549.5000000000001,603.5166666666668,26.5,81.4,0,495.7,480.5
2025-07-18 07:00:00,7,4,0,495.7,519.7,551.1,485.2,522.1666666666667,568.3166666666667,26.7,82.2,0,480.5,565.7
2025-07-18 08:00:00,8,4,0,480.5,495.7,519.7,561.9,498.63333333333344,539.3333333333334,27.21,82.7,14,565.7,683.2
2025-07-18 09:00:00,9,4,0,565.7,480.5,495.7,679.8,513.9666666666668,531.7333333333335,27.49,82.2,22,683.2,808.7
2025-07-18 10:00:00,10,4,0,683.2,565.7,480.5,801.1,576.4666666666668,549.3166666666667,28.27,82.6,29,808.7,919.8
2025-07-18 11:00:00,11,4,0,808.7,683.2,565.7,917.3,685.8666666666668,592.25,28.49,83.2,34,919.8,1014.6
2025-07-18 12:00:00,12,4,0,919.8,808.7,683.2,1026.2,803.9000000000001,658.9333333333334,29.1,83.7,37,1014.6,1121.7
2025-07-18 13:00:00,13,4,0,1014.6,919.8,808.7,1107.4,914.3666666666668,745.4166666666666,29.34,82.4,39,1121.7,1176.0
2025-07-18 14:00:00,14,4,0,1121.7,1014.6,919.8,1175.4,1018.7000000000002,852.2833333333334,29.87,79.7,40,1176.0,1217.0
2025-07-18 15:00:00,15,4,0,1176.0,1121.7,1014.6,1212.5,1104.1000000000001,954.0,29.84,77.3,39,1217.0,1219.0
2025-07-18 16:00:00,16,4,0,1217.0,1176.0,1121.7,1222.7,1171.5666666666666,1042.9666666666665,29.87,76.8,37,1219.0,1210.6
2025-07-18 17:00:00,17,4,0,1219.0,1217.0,1176.0,1197.4,1204.0,1111.3500000000001,29.37,77.6,34,1210.6,1185.5
2025-07-18 18:00:00,18,4,0,1210.6,1219.0,1217.0,1169.3,1215.5333333333335,1159.8166666666668,29.35,75.7,29,1185.5,1132.2
2025-07-18 19:00:00,19,4,0,1185.5,1210.6,1219.0,1131.0,1205.0333333333335,1188.3,28.97,76.9,22,1132.2,1062.0
2025-07-18 20:00:00,20,4,0,1132.2,1185.5,1210.6,1061.4,1176.1000000000001,1190.05,28.54,75.2,14,1062.0,940.7
2025-07-18 21:00:00,21,4,0,1062.0,1132.2,1185.5,945.9,1126.5666666666668,1171.05,27.75,80.6,0,940.7,854.8
2025-07-18 22:00:00,22,4,0,940.7,1062.0,1132.2,849.2,1044.966666666667,1125.0,27.41,83.4,0,854.8,769.1
2025-07-18 23:00:00,23,4,0,854.8,940.7,1062.0,772.5,952.5,1064.3,26.75,82.5,0,769.1,705.8
2025-07-19 00:00:00,0,5,1,769.1,854.8,940.7,706.9,854.8666666666668,990.7166666666667,26.16,85.3,0,705.8,653.9
2025-07-19 01:00:00,1,5,1,705.8,769.1,854.8,654.4,776.5666666666667,910.7666666666668,25.79,84.4,0,653.9,614.6
2025-07-19 02:00:00,2,5,1,653.9,705.8,769.1,611.3,709.6,831.0500000000001,25.47,83.1,0,614.6,580.7
2025-07-19 03:00:00,3,5,1,614.6,653.9,705.8,577.7,658.1,756.4833333333335,25.72,83.0,0,580.7,553.8
2025-07-19 04:00:00,4,5,1,580.7,614.6,653.9,551.1,616.4000000000001,696.4833333333332,26.14,85.6,0,553.8,535.6
2025-07-19 05:00:00,5,5,1,553.8,580.7,614.6,519.7,583.0333333333334,646.3166666666666,26.48,84.5,0,535.6,512.5
2025-07-19 06:00:00,6,5,1,535.6,553.8,580.7,495.7,556.7000000000002,607.4,26.56,81.7,0,512.5,496.6
2025-07-19 07:00:00,7,5,1,512.5,535.6,553.8,480.5,533.9666666666667,575.1833333333334,26.74,79.7,0,496.6,476.4
2025-07-19 08:00:00,8,5,1,496.6,512.5,535.6,565.7,514.9000000000001,548.9666666666667,27.44,82.1,0,476.4,531.6
2025-07-19 09:00:00,9,5,1,476.4,496.6,512.5,683.2,495.16666666666674,525.9333333333334,28.06,82.5,10,531.6,614.6
2025-07-19 10:00:00,10,5,1,531.6,476.4,496.6,808.7,501.5333333333335,517.75,28.35,81.9,16,614.6,672.4
2025-07-19 11:00:00,11,5,1,614.6,531.6,476.4,919.8,540.8666666666668,527.8833333333333,28.67,81.3,19,672.4,723.0
2025-07-19 12:00:00,12,5,1,672.4,614.6,531.6,1014.6,606.2,550.6833333333333,29.21,80.3,20,723.0,750.5
2025-07-19 13:00:00,13,5,1,723.0,672.4,614.6,1121.7,670.0000000000001,585.7666666666668,29.71,79.4,19,750.5,750.5
2025-07-19 14:00:00,14,5,1,750.5,723.0,672.4,1176.0,715.3000000000001,628.0833333333334,29.66,77.6,16,750.5,732.1
2025-07-19 15:00:00,15,5,1,750.5,750.5,723.0,1217.0,741.3333333333334,673.7666666666668,29.72,80.1,10,732.1,679.9
2025-07-19 16:00:00,16,5,1,732.1,750.5,750.5,1219.0,744.3666666666668,707.1833333333334,29.45,81.2,0,679.9,646.9
2025-07-19 17:00:00,17,5,1,679.9,732.1,750.5,1210.6,720.8333333333334,718.0666666666666,29.23,82.0,0,646.9,601.1
2025-07-19 18:00:00,18,5,1,646.9,679.9,732.1,1185.5,686.3000000000001,713.8166666666666,29.13,79.2,0,601.1,561.0
2025-07-19 19:00:00,19,5,1,601.1,646.9,679.9,1132.2,642.6333333333334,693.5,28.69,75.6,0,561.0,539.3
2025-07-19 20:00:00,20,5,1,561.0,601.1,646.9,1062.0,603.0000000000001,661.9166666666666,27.81,77.3,0,539.3,520.1
2025-07-19 21:00:00,21,5,1,539.3,561.0,601.1,940.7,567.1333333333334,626.7166666666666,27.08,79.6,0,520.1,501.3
2025-07-19 22:00:00,22,5,1,520.1,539.3,561.0,854.8,540.1333333333333,591.3833333333333,26.8,80.7,0,501.3,495.5
2025-07-19 23:00:00,23,5,1,501.3,520.1,539.3,769.1,520.2333333333335,561.6166666666667,26.63,83.8,0,495.5,470.0
2025-07-20 00:00:00,0,6,1,495.5,501.3,520.1,705.8,505.63333333333344,536.3833333333333,25.95,85.4,0,470.0,464.8
2025-07-20 01:00:00,1,6,1,470.0,495.5,501.3,653.9,488.9333333333334,514.5333333333333,25.58,86.3,0,464.8,458.1
2025-07-20 02:00:00,2,6,1,464.8,470.0,495.5,614.6,476.7666666666667,498.5,25.66,84.2,0,458.1,452.7
2025-07-20 03:00:00,3,6,1,458.1,464.8,470.0,580.7,464.3000000000001,484.9666666666667,26.06,83.9,0,452.7,449.7
2025-07-20 04:00:00,4,6,1,452.7,458.1,464.8,553.8,458.5333333333335,473.7333333333333,25.97,84.5,0,449.7,436.8
2025-07-20 05:00:00,5,6,1,449.7,452.7,458.1,535.6,453.50000000000006,465.1333333333334,25.91,83.4,0,436.8,427.1
2025-07-20 06:00:00,6,6,1,436.8,449.7,452.7,512.5,446.4000000000001,455.34999999999997,26.25,82.5,0,427.1,430.4
2025-07-20 07:00:00,7,6,1,427.1,436.8,449.7,496.6,437.86666666666673,448.20000000000005,26.47,80.4,0,430.4,424.1
2025-07-20 08:00:00,8,6,1,430.4,427.1,436.8,476.4,431.4333333333334,442.46666666666664,27.16,82.1,0,424.1,424.1
2025-07-20 09:00:00,9,6,1,424.1,430.4,427.1,531.6,427.2000000000001,436.8,27.34,83.4,0,424.1,431.8
2025-07-20 10:00:00,10,6,1,424.1,424.1,430.4,614.6,426.20000000000005,432.03333333333336,28.14,80.6,0,431.8,426.4
2025-07-20 11:00:00,11,6,1,431.8,424.1,424.1,672.4,426.6666666666668,429.05,28.48,80.1,0,426.4,433.1
2025-07-20 12:00:00,12,6,1,426.4,431.8,424.1,723.0,427.4333333333334,427.31666666666666,28.58,81.1,0,433.1,428.1
2025-07-20 13:00:00,13,6,1,433.1,426.4,431.8,750.5,430.4333333333334,428.3166666666666,29.11,80.1,0,428.1,426.4
2025-07-20 14:00:00,14,6,1,428.1,433.1,426.4,750.5,429.2000000000001,427.9333333333334,29.43,80.3,0,426.4,421.1
2025-07-20 15:00:00,15,6,1,426.4,428.1,433.1,732.1,429.2000000000001,428.3166666666666,29.38,80.1,0,421.1,415.8
2025-07-20 16:00:00,16,6,1,421.1,426.4,428.1,679.9,425.2000000000001,427.81666666666666,29.25,77.3,0,415.8,415.7
2025-07-20 17:00:00,17,6,1,415.8,421.1,426.4,646.9,421.1000000000001,425.15000000000003,29.18,78.9,0,415.7,404.3
2025-07-20 18:00:00,18,6,1,415.7,415.8,421.1,601.1,417.5333333333335,423.36666666666673,28.76,79.1,0,404.3,419.4
2025-07-20 19:00:00,19,6,1,404.3,415.7,415.8,561.0,411.9333333333334,418.56666666666666,28.32,78.9,0,419.4,417.6
2025-07-20 20:00:00,20,6,1,419.4,404.3,415.7,539.3,413.13333333333344,417.1166666666666,27.48,79.0,0,417.6,412.4
2025-07-20 21:00:00,21,6,1,417.6,419.4,404.3,520.1,413.7666666666667,415.65000000000003,27.05,81.1,0,412.4,417.9
2025-07-20 22:00:00,22,6,1,412.4,417.6,419.4,501.3,416.46666666666675,414.2,26.84,82.1,0,417.9,416.0
2025-07-20 23:00:00,23,6,1,417.9,412.4,417.6,495.5,415.9666666666667,414.55,26.61,81.9,0,416.0,416.8
2025-07-21 00:00:00,0,0,0,416.0,417.9,412.4,470.0,415.4333333333334,414.59999999999997,26.21,82.3,0,416.8,417.3
2025-07-21 01:00:00,1,0,0,416.8,416.0,417.9,464.8,416.9000000000001,416.6833333333334,26.16,84.2,0,417.3,420.3
2025-07-21 02:00:00,2,0,0,417.3,416.8,416.0,458.1,416.7000000000001,416.3333333333333,25.47,83.9,0,420.3,414.8
2025-07-21 03:00:00,3,0,0,420.3,417.3,416.8,452.7,418.13333333333344,416.78333333333336,25.54,88.0,0,414.8,416.4
2025-07-21 04:00:00,4,0,0,414.8,420.3,417.3,449.7,417.46666666666675,417.18333333333334,25.38,83.5,0,416.4,419.9
2025-07-21 05:00:00,5,0,0,416.4,414.8,420.3,436.8,417.16666666666674,416.93333333333334,25.79,82.9,0,419.9,414.3
2025-07-21 06:00:00,6,0,0,419.9,416.4,414.8,427.1,417.03333333333336,417.5833333333333,26.08,83.2,0,414.3,422.3
2025-07-21 07:00:00,7,0,0,414.3,419.9,416.4,430.4,416.8666666666668,417.1666666666667,26.57,84.2,0,422.3,528.6
2025-07-21 08:00:00,8,0,0,422.3,414.3,419.9,424.1,418.8333333333334,418.0,27.27,82.7,14,528.6,658.6
2025-07-21 09:00:00,9,0,0,528.6,422.3,414.3,424.1,455.0666666666668,436.05,28.0,82.4,22,658.6,787.1
2025-07-21 10:00:00,10,0,0,658.6,528.6,422.3,431.8,536.5000000000001,476.6833333333334,28.34,81.4,29,787.1,909.4
2025-07-21 11:00:00,11,0,0,787.1,658.6,528.6,426.4,658.1,538.4666666666667,28.67,84.0,34,909.4,1013.2
2025-07-21 12:00:00,12,0,0,909.4,787.1,658.6,433.1,785.0333333333334,620.0500000000001,29.11,84.6,37,1013.2,1104.9
2025-07-21 13:00:00,13,0,0,1013.2,909.4,787.1,428.1,903.2333333333335,719.8666666666667,29.2,82.9,39,1104.9,1167.5
2025-07-21 14:00:00,14,0,0,1104.9,1013.2,909.4,426.4,1009.1666666666666,833.6333333333333,29.29,81.1,40,1167.5,1197.7
2025-07-21 15:00:00,15,0,0,1167.5,1104.9,1013.2,421.1,1095.2,940.1166666666667,28.98,81.5,39,1197.7,1202.3
2025-07-21 16:00:00,16,0,0,1197.7,1167.5,1104.9,415.8,1156.7,1029.9666666666667,29.18,81.4,37,1202.3,1194.7
2025-07-21 17:00:00,17,0,0,1202.3,1197.7,1167.5,415.7,1189.1666666666667,1099.1666666666667,28.99,80.6,34,1194.7,1168.0
2025-07-21 18:00:00,18,0,0,1194.7,1202.3,1197.7,404.3,1198.2333333333333,1146.7166666666667,28.91,81.5,29,1168.0,1137.2
2025-07-21 19:00:00,19,0,0,1168.0,1194.7,1202.3,419.4,1188.3333333333333,1172.5166666666667,28.31,80.6,22,1137.2,1057.1
2025-07-21 20:00:00,20,0,0,1137.2,1168.0,1194.7,417.6,1166.6333333333334,1177.8999999999999,28.13,80.3,14,1057.1,939.5
2025-07-21 21:00:00,21,0,0,1057.1,1137.2,1168.0,412.4,1120.7666666666667,1159.5,27.5,80.1,0,939.5,853.8
2025-07-21 22:00:00,22,0,0,939.5,1057.1,1137.2,417.9,1044.6000000000001,1116.4666666666667,26.85,82.7,0,853.8,778.8
2025-07-21 23:00:00,23,0,0,853.8,939.5,1057.1,416.0,950.1333333333333,1058.3833333333334,26.43,83.9,0,778.8,703.5
2025-07-22 00:00:00,0,1,0,778.8,853.8,939.5,416.8,857.3666666666668,989.0666666666666,25.65,83.2,0,703.5,655.4
2025-07-22 01:00:00,1,1,0,703.5,778.8,853.8,417.3,778.7000000000002,911.65,25.51,82.1,0,655.4,611.3
2025-07-22 02:00:00,2,1,0,655.4,703.5,778.8,420.3,712.5666666666667,831.3499999999999,25.19,83.7,0,611.3,577.4
2025-07-22 03:00:00,3,1,0,611.3,655.4,703.5,414.8,656.7333333333335,757.0500000000001,25.28,81.0,0,577.4,551.4
2025-07-22 04:00:00,4,1,0,577.4,611.3,655.4,416.4,614.7,696.6999999999999,25.01,81.5,0,551.4,527.3
2025-07-22 05:00:00,5,1,0,551.4,577.4,611.3,419.9,580.0333333333334,646.3,25.33,82.6,0,527.3,497.1
2025-07-22 06:00:00,6,1,0,527.3,551.4,577.4,414.3,552.0333333333333,604.3833333333333,26.06,83.0,0,497.1,478.2
2025-07-22 07:00:00,7,1,0,497.1,527.3,551.4,422.3,525.2666666666668,569.9833333333332,26.38,83.2,0,478.2,559.4
2025-07-22 08:00:00,8,1,0,478.2,497.1,527.3,528.6,500.86666666666673,540.4499999999999,27.06,83.0,14,559.4,685.0
2025-07-22 09:00:00,9,1,0,559.4,478.2,497.1,658.6,511.5666666666668,531.8000000000001,27.75,78.7,22,685.0,806.3
2025-07-22 10:00:00,10,1,0,685.0,559.4,478.2,787.1,574.2000000000002,549.7333333333332,28.31,78.6,29,806.3,925.1
2025-07-22 11:00:00,11,1,0,806.3,685.0,559.4,909.4,683.5666666666667,592.2166666666666,28.6,78.5,34,925.1,1035.9
2025-07-22 12:00:00,12,1,0,925.1,806.3,685.0,1013.2,805.4666666666667,658.5166666666667,28.94,78.1,37,1035.9,1106.9
2025-07-22 13:00:00,13,1,0,1035.9,925.1,806.3,1104.9,922.4333333333334,748.3166666666666,29.1,76.7,39,1106.9,1171.5
2025-07-22 14:00:00,14,1,0,1106.9,1035.9,925.1,1167.5,1022.6333333333336,853.1,29.59,77.8,40,1171.5,1205.8
2025-07-22 15:00:00,15,1,0,1171.5,1106.9,1035.9,1197.7,1104.7666666666667,955.1166666666668,29.75,79.4,39,1205.8,1211.7
2025-07-22 16:00:00,16,1,0,1205.8,1171.5,1106.9,1202.3,1161.4,1041.9166666666667,29.83,78.3,37,1211.7,1200.9
2025-07-22 17:00:00,17,1,0,1211.7,1205.8,1171.5,1194.7,1196.3333333333333,1109.4833333333333,29.08,80.5,34,1200.9,1181.5
2025-07-22 18:00:00,18,1,0,1200.9,1211.7,1205.8,1168.0,1206.1333333333334,1155.45,28.68,81.3,29,1181.5,1137.4
2025-07-22 19:00:00,19,1,0,1181.5,1200.9,1211.7,1137.2,1198.0333333333335,1179.7166666666667,28.4,78.8,22,1137.4,1061.9
2025-07-22 20:00:00,20,1,0,1137.4,1181.5,1200.9,1057.1,1173.2666666666667,1184.8,27.89,81.7,14,1061.9,944.2
2025-07-22 21:00:00,21,1,0,1061.9,1137.4,1181.5,939.5,1126.9333333333334,1166.5333333333333,27.13,83.0,0,944.2,840.8
2025-07-22 22:00:00,22,1,0,944.2,1061.9,1137.4,853.8,1047.8333333333335,1122.9333333333334,26.94,83.8,0,840.8,768.1
2025-07-22 23:00:00,23,1,0,840.8,944.2,1061.9,778.8,948.9666666666668,1061.1166666666666,26.66,80.7,0,768.1,706.4
2025-07-23 00:00:00,0,2,0,768.1,840.8,944.2,703.5,851.0333333333334,988.9833333333335,26.36,81.3,0,706.4,655.9
2025-07-23 01:00:00,1,2,0,706.4,768.1,840.8,655.4,771.7666666666668,909.8000000000001,25.98,83.3,0,655.9,604.6
2025-07-23 02:00:00,2,2,0,655.9,706.4,768.1,611.3,710.1333333333333,829.5499999999998,25.47,80.5,0,604.6,570.5
2025-07-23 03:00:00,3,2,0,604.6,655.9,706.4,577.4,655.6333333333334,753.3333333333334,25.66,79.3,0,570.5,544.4
2025-07-23 04:00:00,4,2,0,570.5,604.6,655.9,551.4,610.3333333333334,691.0500000000001,25.76,80.4,0,544.4,523.1
2025-07-23 05:00:00,5,2,0,544.4,570.5,604.6,527.3,573.1666666666669,641.65,26.08,79.8,0,523.1,513.9
2025-07-23 06:00:00,6,2,0,523.1,544.4,570.5,497.1,546.0000000000001,600.8166666666667,26.27,78.2,0,513.9,479.0
2025-07-23 07:00:00,7,2,0,513.9,523.1,544.4,478.2,527.1333333333333,568.7333333333333,26.55,76.5,0,479.0,558.3
2025-07-23 08:00:00,8,2,0,479.0,513.9,523.1,559.4,505.3333333333333,539.25,26.95,77.4,14,558.3,675.5
2025-07-23 09:00:00,9,2,0,558.3,479.0,513.9,685.0,517.0666666666667,531.5333333333333,27.7,81.2,22,675.5,799.6
2025-07-23 10:00:00,10,2,0,675.5,558.3,479.0,806.3,570.9333333333334,549.0333333333333,28.22,80.4,29,799.6,919.7
2025-07-23 11:00:00,11,2,0,799.6,675.5,558.3,925.1,677.8000000000001,591.5666666666666,28.55,80.9,34,919.7,1013.5
2025-07-23 12:00:00,12,2,0,919.7,799.6,675.5,1035.9,798.2666666666668,657.6666666666666,28.73,80.2,37,1013.5,1109.9
2025-07-23 13:00:00,13,2,0,1013.5,919.7,799.6,1106.9,910.9333333333334,740.9333333333334,29.2,79.2,39,1109.9,1164.7
2025-07-23 14:00:00,14,2,0,1109.9,1013.5,919.7,1171.5,1014.3666666666668,846.0833333333334,29.31,79.5,40,1164.7,1205.8
2025-07-23 15:00:00,15,2,0,1164.7,1109.9,1013.5,1205.8,1096.0333333333335,947.15,29.13,81.4,39,1205.8,1220.1
2025-07-23 16:00:00,16,2,0,1205.8,1164.7,1109.9,1211.7,1160.1333333333334,1035.5333333333333,28.88,81.5,37,1220.1,1213.1
2025-07-23 17:00:00,17,2,0,1220.1,1205.8,1164.7,1200.9,1196.8666666666666,1105.6166666666668,28.79,80.8,34,1213.1,1178.6
2025-07-23 18:00:00,18,2,0,1213.1,1220.1,1205.8,1181.5,1213.0,1154.5166666666667,28.7,80.7,29,1178.6,1136.8
2025-07-23 19:00:00,19,2,0,1178.6,1213.1,1220.1,1137.4,1203.9333333333332,1182.0333333333335,28.21,79.3,22,1136.8,1054.8
2025-07-23 20:00:00,20,2,0,1136.8,1178.6,1213.1,1061.9,1176.1666666666667,1186.5166666666667,27.94,81.5,14,1054.8,936.2
2025-07-23 21:00:00,21,2,0,1054.8,1136.8,1178.6,944.2,1123.4,1168.2,27.78,80.4,0,936.2,846.5
2025-07-23 22:00:00,22,2,0,936.2,1054.8,1136.8,840.8,1042.6000000000001,1123.2666666666667,26.7,83.3,0,846.5,770.0
2025-07-23 23:00:00,23,2,0,846.5,936.2,1054.8,768.1,945.8333333333334,1061.0,26.6,83.8,0,770.0,696.7
2025-07-24 00:00:00,0,3,0,770.0,846.5,936.2,706.4,850.9000000000001,987.15,26.11,83.1,0,696.7,657.7
2025-07-24 01:00:00,1,3,0,696.7,770.0,846.5,655.9,771.0666666666667,906.8333333333334,25.61,83.5,0,657.7,612.0
2025-07-24 02:00:00,2,3,0,657.7,696.7,770.0,604.6,708.1333333333336,826.9833333333335,25.49,81.4,0,612.0,569.5
2025-07-24 03:00:00,3,3,0,612.0,657.7,696.7,570.5,655.4666666666668,753.1833333333334,25.6,79.3,0,569.5,546.9
2025-07-24 04:00:00,4,3,0,569.5,612.0,657.7,544.4,613.0666666666667,692.0666666666667,25.42,80.3,0,546.9,518.1
2025-07-24 05:00:00,5,3,0,546.9,569.5,612.0,523.1,576.1333333333333,642.1333333333333,25.9,80.4,0,518.1,494.7
2025-07-24 06:00:00,6,3,0,518.1,546.9,569.5,513.9,544.8333333333334,600.1500000000001,26.31,78.6,0,494.7,476.5
2025-07-24 07:00:00,7,3,0,494.7,518.1,546.9,479.0,519.9000000000001,566.4833333333333,26.36,79.3,0,476.5,567.7
2025-07-24 08:00:00,8,3,0,476.5,494.7,518.1,558.3,496.4333333333334,536.2833333333333,26.88,81.4,14,567.7,678.5
2025-07-24 09:00:00,9,3,0,567.7,476.5,494.7,675.5,512.9666666666667,528.9,27.42,80.4,22,678.5,804.9
2025-07-24 10:00:00,10,3,0,678.5,567.7,476.5,799.6,574.2333333333335,547.0666666666666,27.8,78.1,29,804.9,925.9
2025-07-24 11:00:00,11,3,0,804.9,678.5,567.7,919.7,683.7000000000002,590.0666666666667,28.47,76.0,34,925.9,1024.8
2025-07-24 12:00:00,12,3,0,925.9,804.9,678.5,1013.5,803.1,658.0333333333334,28.9,77.1,37,1024.8,1113.7
2025-07-24 13:00:00,13,3,0,1024.8,925.9,804.9,1109.9,918.5333333333333,746.3833333333333,29.41,74.0,39,1113.7,1183.1
2025-07-24 14:00:00,14,3,0,1113.7,1024.8,925.9,1164.7,1021.4666666666666,852.5833333333334,29.46,75.7,40,1183.1,1208.7
2025-07-24 15:00:00,15,3,0,1183.1,1113.7,1024.8,1205.8,1107.2,955.15,29.64,76.2,39,1208.7,1222.9
2025-07-24 16:00:00,16,3,0,1208.7,1183.1,1113.7,1220.1,1168.5,1043.5166666666667,29.59,78.5,37,1222.9,1205.1
2025-07-24 17:00:00,17,3,0,1222.9,1208.7,1183.1,1213.1,1204.9,1113.1833333333332,29.3,79.3,34,1205.1,1178.6
2025-07-24 18:00:00,18,3,0,1205.1,1222.9,1208.7,1178.6,1212.2333333333333,1159.7166666666667,28.75,78.8,29,1178.6,1118.9
2025-07-24 19:00:00,19,3,0,1178.6,1205.1,1222.9,1136.8,1202.2,1185.35,28.32,76.4,22,1118.9,1048.5
2025-07-24 20:00:00,20,3,0,1118.9,1178.6,1205.1,1054.8,1167.5333333333333,1186.2166666666667,28.08,78.4,14,1048.5,940.8
2025-07-24 21:00:00,21,3,0,1048.5,1118.9,1178.6,936.2,1115.3333333333333,1163.7833333333335,27.53,79.2,0,940.8,851.5
2025-07-24 22:00:00,22,3,0,940.8,1048.5,1118.9,846.5,1036.0666666666666,1119.1333333333332,26.9,81.1,0,851.5,772.5
2025-07-24 23:00:00,23,3,0,851.5,940.8,1048.5,770.0,946.9333333333334,1057.2333333333333,26.24,79.7,0,772.5,704.5
2025-07-25 00:00:00,0,4,0,772.5,851.5,940.8,696.7,854.9333333333334,985.1333333333332,25.71,81.5,0,704.5,659.7
2025-07-25 01:00:00,1,4,0,704.5,772.5,851.5,657.7,776.1666666666666,906.1166666666668,25.26,81.7,0,659.7,622.4
2025-07-25 02:00:00,2,4,0,659.7,704.5,772.5,612.0,712.2333333333332,829.5833333333334,24.85,82.9,0,622.4,584.2
2025-07-25 03:00:00,3,4,0,622.4,659.7,704.5,569.5,662.1999999999999,758.5666666666666,24.96,82.3,0,584.2,551.4
2025-07-25 04:00:00,4,4,0,584.2,622.4,659.7,546.9,622.1,699.1333333333333,25.19,83.1,0,551.4,525.8
2025-07-25 05:00:00,5,4,0,551.4,584.2,622.4,518.1,586.0,649.1166666666667,25.6,80.8,0,525.8,501.8
2025-07-25 06:00:00,6,4,0,525.8,551.4,584.2,494.7,553.8,608.0,25.78,80.4,0,501.8,486.0
2025-07-25 07:00:00,7,4,0,501.8,525.8,551.4,476.5,526.3333333333333,574.2166666666667,25.93,80.4,0,486.0,558.8
2025-07-25 08:00:00,8,4,0,486.0,501.8,525.8,567.7,504.5333333333333,545.2666666666668,26.49,79.1,14,558.8,680.6
2025-07-25 09:00:00,9,4,0,558.8,486.0,501.8,678.5,515.5333333333333,534.6666666666666,27.18,79.8,22,680.6,807.5
2025-07-25 10:00:00,10,4,0,680.6,558.8,486.0,804.9,575.1333333333333,550.7333333333332,27.87,81.7,29,807.5,928.6
2025-07-25 11:00:00,11,4,0,807.5,680.6,558.8,925.9,682.3000000000001,593.4166666666666,28.15,80.9,34,928.6,1038.7
2025-07-25 12:00:00,12,4,0,928.6,807.5,680.6,1024.8,805.5666666666666,660.5500000000001,28.88,77.9,37,1038.7,1118.5
2025-07-25 13:00:00,13,4,0,1038.7,928.6,807.5,1113.7,924.9333333333334,750.0333333333333,29.29,76.7,39,1118.5,1180.1
2025-07-25 14:00:00,14,4,0,1118.5,1038.7,928.6,1183.1,1028.6000000000001,855.4499999999999,29.46,78.6,40,1180.1,1207.5
2025-07-25 15:00:00,15,4,0,1180.1,1118.5,1038.7,1208.7,1112.4333333333332,959.0,29.15,79.7,39,1207.5,1213.4
2025-07-25 16:00:00,16,4,0,1207.5,1180.1,1118.5,1222.9,1168.7,1046.8166666666666,29.04,79.8,37,1213.4,1199.0
2025-07-25 17:00:00,17,4,0,1213.4,1207.5,1180.1,1205.1,1200.3333333333333,1114.4666666666667,29.13,81.6,34,1199.0,1187.9
2025-07-25 18:00:00,18,4,0,1199.0,1213.4,1207.5,1178.6,1206.6333333333334,1159.5333333333333,28.9,81.5,29,1187.9,1134.1
2025-07-25 19:00:00,19,4,0,1187.9,1199.0,1213.4,1118.9,1200.1000000000001,1184.3999999999999,28.56,81.5,22,1134.1,1055.8
2025-07-25 20:00:00,20,4,0,1134.1,1187.9,1199.0,1048.5,1173.6666666666667,1187.0,28.4,81.6,14,1055.8,937.3
2025-07-25 21:00:00,21,4,0,1055.8,1134.1,1187.9,940.8,1125.9333333333334,1166.2833333333333,27.61,79.3,0,937.3,836.8
2025-07-25 22:00:00,22,4,0,937.3,1055.8,1134.1,851.5,1042.3999999999999,1121.25,27.19,79.7,0,836.8,751.2
2025-07-25 23:00:00,23,4,0,836.8,937.3,1055.8,772.5,943.2999999999998,1058.4833333333333,26.4,81.6,0,751.2,697.0
2025-07-26 00:00:00,0,5,1,751.2,836.8,937.3,704.5,841.7666666666668,983.85,25.58,80.3,0,697.0,646.7
2025-07-26 01:00:00,1,5,1,697.0,751.2,836.8,659.7,761.6666666666666,902.0333333333334,25.1,81.4,0,646.7,615.1
2025-07-26 02:00:00,2,5,1,646.7,697.0,751.2,622.4,698.3000000000001,820.8000000000001,24.76,80.3,0,615.1,582.3
2025-07-26 03:00:00,3,5,1,615.1,646.7,697.0,584.2,652.9333333333334,747.3499999999999,24.88,80.2,0,582.3,553.8
2025-07-26 04:00:00,4,5,1,582.3,615.1,646.7,551.4,614.6999999999999,688.1833333333334,25.28,81.7,0,553.8,524.8
2025-07-26 05:00:00,5,5,1,553.8,582.3,615.1,525.8,583.7333333333332,641.0166666666667,25.22,80.1,0,524.8,501.9
2025-07-26 06:00:00,6,5,1,524.8,553.8,582.3,501.8,553.6333333333333,603.2833333333333,25.93,79.6,0,501.9,487.5
2025-07-26 07:00:00,7,5,1,501.9,524.8,553.8,486.0,526.8333333333333,570.7666666666667,26.6,77.3,0,487.5,470.5
2025-07-26 08:00:00,8,5,1,487.5,501.9,524.8,558.8,504.7333333333333,544.2333333333332,26.74,78.0,0,470.5,529.7
2025-07-26 09:00:00,9,5,1,470.5,487.5,501.9,680.6,486.6333333333334,520.1333333333333,27.19,78.9,10,529.7,611.2
2025-07-26 10:00:00,10,5,1,529.7,470.5,487.5,807.5,495.90000000000003,511.3666666666666,27.85,78.6,16,611.2,678.7
2025-07-26 11:00:00,11,5,1,611.2,529.7,470.5,928.6,537.1333333333333,520.9333333333333,28.23,79.2,19,678.7,739.0
2025-07-26 12:00:00,12,5,1,678.7,611.2,529.7,1038.7,606.5333333333334,546.5833333333334,28.85,79.0,20,739.0,774.2
2025-07-26 13:00:00,13,5,1,739.0,678.7,611.2,1118.5,676.3000000000001,586.1,28.75,78.4,19,774.2,769.8
2025-07-26 14:00:00,14,5,1,774.2,739.0,678.7,1180.1,730.6333333333333,633.8833333333333,28.69,79.5,16,769.8,742.7
2025-07-26 15:00:00,15,5,1,769.8,774.2,739.0,1207.5,761.0,683.7666666666668,28.59,80.3,10,742.7,688.2
2025-07-26 16:00:00,16,5,1,742.7,769.8,774.2,1213.4,762.2333333333332,719.2666666666668,28.58,79.3,0,688.2,636.7
2025-07-26 17:00:00,17,5,1,688.2,742.7,769.8,1199.0,733.5666666666666,732.1,28.89,76.8,0,636.7,595.7
2025-07-26 18:00:00,18,5,1,636.7,688.2,742.7,1187.9,689.2000000000002,725.1,28.6,79.0,0,595.7,567.6
2025-07-26 19:00:00,19,5,1,595.7,636.7,688.2,1134.1,640.2,701.2166666666667,28.07,80.2,0,567.6,540.2
2025-07-26 20:00:00,20,5,1,567.6,595.7,636.7,1055.8,600.0,666.7833333333334,27.59,80.6,0,540.2,525.5
2025-07-26 21:00:00,21,5,1,540.2,567.6,595.7,937.3,567.8333333333334,628.5166666666668,27.14,81.1,0,525.5,503.7
2025-07-26 22:00:00,22,5,1,525.5,540.2,567.6,836.8,544.4333333333334,592.3166666666667,26.63,81.1,0,503.7,485.0
2025-07-26 23:00:00,23,5,1,503.7,525.5,540.2,751.2,523.1333333333333,561.5666666666667,26.11,81.3,0,485.0,479.4
2025-07-27 00:00:00,0,6,1,485.0,503.7,525.5,697.0,504.7333333333333,536.2833333333334,25.26,84.8,0,479.4,460.8
2025-07-27 01:00:00,1,6,1,479.4,485.0,503.7,646.7,489.3666666666666,516.9,24.94,85.8,0,460.8,448.4
2025-07-27 02:00:00,2,6,1,460.8,479.4,485.0,615.1,475.0666666666666,499.09999999999997,25.33,84.9,0,448.4,438.1
2025-07-27 03:00:00,3,6,1,448.4,460.8,479.4,582.3,462.8666666666666,483.8,25.28,81.4,0,438.1,433.4
2025-07-27 04:00:00,4,6,1,438.1,448.4,460.8,553.8,449.1000000000001,469.23333333333335,25.75,83.8,0,433.4,433.1
2025-07-27 05:00:00,5,6,1,433.4,438.1,448.4,524.8,439.9666666666667,457.51666666666665,25.93,84.0,0,433.1,430.5
2025-07-27 06:00:00,6,6,1,433.1,433.4,438.1,501.9,434.8666666666666,448.8666666666666,26.11,85.4,0,430.5,425.4
2025-07-27 07:00:00,7,6,1,430.5,433.1,433.4,487.5,432.3333333333333,440.7166666666667,26.43,80.7,0,425.4,432.1
2025-07-27 08:00:00,8,6,1,425.4,430.5,433.1,470.5,429.6666666666667,434.81666666666666,26.86,79.9,0,432.1,427.9
2025-07-27 09:00:00,9,6,1,432.1,425.4,430.5,529.7,429.3333333333333,432.09999999999997,27.06,78.0,0,427.9,431.3
2025-07-27 10:00:00,10,6,1,427.9,432.1,425.4,611.2,428.4666666666667,430.40000000000003,27.53,76.9,0,431.3,427.7
2025-07-27 11:00:00,11,6,1,431.3,427.9,432.1,678.7,430.43333333333334,430.04999999999995,28.31,79.0,0,427.7,424.4
2025-07-27 12:00:00,12,6,1,427.7,431.3,427.9,739.0,428.9666666666667,429.15000000000003,28.37,81.6,0,424.4,419.4
2025-07-27 13:00:00,13,6,1,424.4,427.7,431.3,774.2,427.8,428.1333333333334,28.82,80.4,0,419.4,413.2
2025-07-27 14:00:00,14,6,1,419.4,424.4,427.7,769.8,423.8333333333333,427.13333333333327,29.06,78.8,0,413.2,421.9
2025-07-27 15:00:00,15,6,1,413.2,419.4,424.4,742.7,419.0,423.98333333333335,29.62,76.6,0,421.9,428.3
2025-07-27 16:00:00,16,6,1,421.9,413.2,419.4,688.2,418.1666666666667,422.9833333333333,29.61,77.5,0,428.3,423.9
2025-07-27 17:00:00,17,6,1,428.3,421.9,413.2,636.7,421.1333333333334,422.48333333333335,28.98,78.1,0,423.9,415.8
2025-07-27 18:00:00,18,6,1,423.9,428.3,421.9,595.7,424.7,421.84999999999997,28.81,78.0,0,415.8,410.4
2025-07-27 19:00:00,19,6,1,415.8,423.9,428.3,567.6,422.6666666666667,420.4166666666666,28.27,77.7,0,410.4,407.8
2025-07-27 20:00:00,20,6,1,410.4,415.8,423.9,540.2,416.7,418.9166666666667,28.11,80.4,0,407.8,408.5
2025-07-27 21:00:00,21,6,1,407.8,410.4,415.8,525.5,411.3333333333333,418.01666666666665,27.57,80.8,0,408.5,414.6
2025-07-27 22:00:00,22,6,1,408.5,407.8,410.4,503.7,408.90000000000003,415.78333333333336,27.09,81.9,0,414.6,425.9
2025-07-27 23:00:00,23,6,1,414.6,408.5,407.8,485.0,410.3,413.5,26.62,80.2,0,425.9,422.3
2025-07-28 00:00:00,0,0,0,425.9,414.6,408.5,479.4,416.3333333333333,413.8333333333333,25.67,80.4,0,422.3,423.0
2025-07-28 01:00:00,1,0,0,422.3,425.9,414.6,460.8,420.93333333333334,414.9166666666667,25.32,81.9,0,423.0,418.8
2025-07-28 02:00:00,2,0,0,423.0,422.3,425.9,448.4,423.73333333333335,417.01666666666665,25.05,83.5,0,418.8,411.9
2025-07-28 03:00:00,3,0,0,418.8,423.0,422.3,438.1,421.3666666666666,418.84999999999997,24.91,84.3,0,411.9,414.2
2025-07-28 04:00:00,4,0,0,411.9,418.8,423.0,433.4,417.90000000000003,419.4166666666667,24.96,84.8,0,414.2,416.6
2025-07-28 05:00:00,5,0,0,414.2,411.9,418.8,433.1,414.9666666666667,419.34999999999997,25.27,84.0,0,416.6,421.1
2025-07-28 06:00:00,6,0,0,416.6,414.2,411.9,430.5,414.23333333333335,417.79999999999995,25.61,83.3,0,421.1,411.5
2025-07-28 07:00:00,7,0,0,421.1,416.6,414.2,425.4,417.3,417.6000000000001,26.1,83.3,0,411.5,517.9
2025-07-28 08:00:00,8,0,0,411.5,421.1,416.6,432.1,416.40000000000003,415.6833333333334,26.49,82.2,14,517.9,647.7
2025-07-28 09:00:00,9,0,0,517.9,411.5,421.1,427.9,450.1666666666667,432.2,27.35,82.8,22,647.7,774.0
2025-07-28 10:00:00,10,0,0,647.7,517.9,411.5,431.3,525.6999999999999,471.5,27.57,82.0,29,774.0,895.1
2025-07-28 11:00:00,11,0,0,774.0,647.7,517.9,427.7,646.5333333333333,531.4666666666667,28.11,77.5,34,895.1,1009.5
2025-07-28 12:00:00,12,0,0,895.1,774.0,647.7,424.4,772.2666666666668,611.2166666666667,28.76,76.3,37,1009.5,1099.1
2025-07-28 13:00:00,13,0,0,1009.5,895.1,774.0,419.4,892.8666666666667,709.2833333333333,29.06,77.5,39,1099.1,1165.3
2025-07-28 14:00:00,14,0,0,1099.1,1009.5,895.1,413.2,1001.2333333333332,823.8833333333332,29.26,77.9,40,1165.3,1204.3
2025-07-28 15:00:00,15,0,0,1165.3,1099.1,1009.5,421.9,1091.3,931.7833333333333,29.48,79.3,39,1204.3,1194.4
2025-07-28 16:00:00,16,0,0,1204.3,1165.3,1099.1,428.3,1156.2333333333333,1024.55,29.18,81.3,37,1194.4,1185.5
2025-07-28 17:00:00,17,0,0,1194.4,1204.3,1165.3,423.9,1188.0,1094.6166666666666,28.75,80.3,34,1185.5,1162.8
2025-07-28 18:00:00,18,0,0,1185.5,1194.4,1204.3,415.8,1194.7333333333333,1143.0166666666667,28.38,80.3,29,1162.8,1124.0
2025-07-28 19:00:00,19,0,0,1162.8,1185.5,1194.4,410.4,1180.8999999999999,1168.5666666666666,27.9,80.2,22,1124.0,1046.7
2025-07-28 20:00:00,20,0,0,1124.0,1162.8,1185.5,407.8,1157.4333333333334,1172.7166666666665,27.69,80.8,14,1046.7,937.7
2025-07-28 21:00:00,21,0,0,1046.7,1124.0,1162.8,408.5,1111.1666666666667,1152.95,27.04,82.6,0,937.7,844.5
2025-07-28 22:00:00,22,0,0,937.7,1046.7,1124.0,414.6,1036.1333333333332,1108.5166666666667,26.47,83.3,0,844.5,770.5
2025-07-28 23:00:00,23,0,0,844.5,937.7,1046.7,425.9,942.9666666666667,1050.2,26.3,82.9,0,770.5,710.9
2025-07-29 00:00:00,0,1,0,770.5,844.5,937.7,422.3,850.9,981.0333333333334,25.98,83.1,0,710.9,654.1
2025-07-29 01:00:00,1,1,0,710.9,770.5,844.5,423.0,775.3000000000001,905.7166666666667,25.62,82.5,0,654.1,604.6
2025-07-29 02:00:00,2,1,0,654.1,710.9,770.5,418.8,711.8333333333334,827.4000000000001,25.55,85.6,0,604.6,578.1
2025-07-29 03:00:00,3,1,0,604.6,654.1,710.9,411.9,656.5333333333333,753.7166666666667,25.41,83.4,0,578.1,543.4
2025-07-29 04:00:00,4,1,0,578.1,604.6,654.1,414.2,612.2666666666667,693.7833333333334,25.14,85.0,0,543.4,529.6
2025-07-29 05:00:00,5,1,0,543.4,578.1,604.6,416.6,575.3666666666667,643.6,25.49,83.1,0,529.6,508.5
2025-07-29 06:00:00,6,1,0,529.6,543.4,578.1,421.1,550.3666666666667,603.45,25.73,80.8,0,508.5,486.1
2025-07-29 07:00:00,7,1,0,508.5,529.6,543.4,411.5,527.1666666666666,569.7166666666667,26.13,79.0,0,486.1,573.4
2025-07-29 08:00:00,8,1,0,486.1,508.5,529.6,517.9,508.0666666666666,541.7166666666666,26.57,80.7,14,573.4,685.1
2025-07-29 09:00:00,9,1,0,573.4,486.1,508.5,647.7,522.6666666666666,536.5166666666667,27.37,79.4,22,685.1,821.2
2025-07-29 10:00:00,10,1,0,685.1,573.4,486.1,774.0,581.5333333333333,554.35,27.66,77.1,29,821.2,925.8
2025-07-29 11:00:00,11,1,0,821.2,685.1,573.4,895.1,693.2333333333335,600.65,28.07,80.4,34,925.8,1033.6
2025-07-29 12:00:00,12,1,0,925.8,821.2,685.1,1009.5,810.6999999999999,666.6833333333333,28.52,79.9,37,1033.6,1124.4
2025-07-29 13:00:00,13,1,0,1033.6,925.8,821.2,1099.1,926.8666666666667,754.1999999999999,28.89,81.6,39,1124.4,1187.2
2025-07-29 14:00:00,14,1,0,1124.4,1033.6,925.8,1165.3,1027.9333333333332,860.5833333333334,29.09,80.4,40,1187.2,1215.6
2025-07-29 15:00:00,15,1,0,1187.2,1124.4,1033.6,1204.3,1115.0666666666666,962.8833333333333,29.59,77.6,39,1215.6,1219.9
2025-07-29 16:00:00,16,1,0,1215.6,1187.2,1124.4,1194.4,1175.7333333333333,1051.3,29.05,76.7,37,1219.9,1201.2
2025-07-29 17:00:00,17,1,0,1219.9,1215.6,1187.2,1185.5,1207.5666666666666,1117.75,28.76,79.8,34,1201.2,1182.5
2025-07-29 18:00:00,18,1,0,1201.2,1219.9,1215.6,1162.8,1212.2333333333333,1163.6499999999999,28.2,80.6,29,1182.5,1131.1
2025-07-29 19:00:00,19,1,0,1182.5,1201.2,1219.9,1124.0,1201.2,1188.4666666666665,27.84,78.3,22,1131.1,1053.2
2025-07-29 20:00:00,20,1,0,1131.1,1182.5,1201.2,1046.7,1171.6,1189.5833333333333,27.29,79.2,14,1053.2,933.8
2025-07-29 21:00:00,21,1,0,1053.2,1131.1,1182.5,937.7,1122.2666666666667,1167.25,26.65,81.1,0,933.8,842.8
2025-07-29 22:00:00,22,1,0,933.8,1053.2,1131.1,844.5,1039.3666666666666,1120.2833333333333,26.67,78.6,0,842.8,774.4
2025-07-29 23:00:00,23,1,0,842.8,933.8,1053.2,770.5,943.2666666666668,1057.4333333333334,26.04,81.2,0,774.4,715.2
2025-07-30 00:00:00,0,2,0,774.4,842.8,933.8,710.9,850.3333333333334,986.2999999999998,25.82,81.1,0,715.2,658.5
2025-07-30 01:00:00,1,2,0,715.2,774.4,842.8,654.1,777.4666666666667,908.4166666666665,25.73,79.4,0,658.5,611.6
2025-07-30 02:00:00,2,2,0,658.5,715.2,774.4,604.6,716.0333333333333,829.65,25.76,80.4,0,611.6,576.8
2025-07-30 03:00:00,3,2,0,611.6,658.5,715.2,578.1,661.7666666666667,756.0500000000001,25.38,83.2,0,576.8,553.2
2025-07-30 04:00:00,4,2,0,576.8,611.6,658.5,543.4,615.6333333333333,696.5500000000001,25.17,83.4,0,553.2,522.2
2025-07-30 05:00:00,5,2,0,553.2,576.8,611.6,529.6,580.5333333333334,648.2833333333333,25.18,86.4,0,522.2,498.3
2025-07-30 06:00:00,6,2,0,522.2,553.2,576.8,508.5,550.7333333333333,606.25,25.72,82.3,0,498.3,485.4
2025-07-30 07:00:00,7,2,0,498.3,522.2,553.2,486.1,524.5666666666667,570.1,26.16,82.8,0,485.4,561.4
2025-07-30 08:00:00,8,2,0,485.4,498.3,522.2,573.4,501.9666666666667,541.25,26.93,82.4,14,561.4,681.2
2025-07-30 09:00:00,9,2,0,561.4,485.4,498.3,685.1,515.0333333333333,532.8833333333333,27.01,81.7,22,681.2,796.6
2025-07-30 10:00:00,10,2,0,681.2,561.4,485.4,821.2,576.0,550.2833333333333,27.51,81.2,29,796.6,913.1
2025-07-30 11:00:00,11,2,0,796.6,681.2,561.4,925.8,679.7333333333332,590.85,27.91,81.8,34,913.1,1029.0
2025-07-30 12:00:00,12,2,0,913.1,796.6,681.2,1033.6,796.9666666666667,656.0,28.44,82.1,37,1029.0,1114.7
2025-07-30 13:00:00,13,2,0,1029.0,913.1,796.6,1124.4,912.9,744.4499999999999,28.53,80.3,39,1114.7,1170.3
2025-07-30 14:00:00,14,2,0,1114.7,1029.0,913.1,1187.2,1018.9333333333334,849.3333333333334,28.89,81.8,40,1170.3,1211.1
2025-07-30 15:00:00,15,2,0,1170.3,1114.7,1029.0,1215.6,1104.6666666666667,950.8166666666667,28.63,79.2,39,1211.1,1224.9
2025-07-30 16:00:00,16,2,0,1211.1,1170.3,1114.7,1219.9,1165.3666666666666,1039.1333333333334,28.71,78.4,37,1224.9,1210.6
2025-07-30 17:00:00,17,2,0,1224.9,1211.1,1170.3,1201.2,1202.1000000000001,1110.5166666666667,28.75,79.2,34,1210.6,1186.8
2025-07-30 18:00:00,18,2,0,1210.6,1224.9,1211.1,1182.5,1215.533333333333,1160.1,28.82,79.5,29,1186.8,1138.9
2025-07-30 19:00:00,19,2,0,1186.8,1210.6,1224.9,1131.1,1207.4333333333334,1186.3999999999999,28.39,79.7,22,1138.9,1072.9
2025-07-30 20:00:00,20,2,0,1138.9,1186.8,1210.6,1053.2,1178.7666666666667,1190.4333333333334,27.61,81.5,14,1072.9,945.7
2025-07-30 21:00:00,21,2,0,1072.9,1138.9,1186.8,933.8,1132.8666666666666,1174.2,27.5,82.6,0,945.7,854.6
2025-07-30 22:00:00,22,2,0,945.7,1072.9,1138.9,842.8,1052.5,1129.9666666666667,26.98,83.9,0,854.6,770.6
2025-07-30 23:00:00,23,2,0,854.6,945.7,1072.9,774.4,957.7333333333335,1068.25,26.42,81.4,0,770.6,711.7
2025-07-31 00:00:00,0,3,0,770.6,854.6,945.7,715.2,856.9666666666667,994.9166666666666,26.0,81.7,0,711.7,655.8
2025-07-31 01:00:00,1,3,0,711.7,770.6,854.6,658.5,778.9666666666667,915.7333333333335,25.66,79.7,0,655.8,618.9
2025-07-31 02:00:00,2,3,0,655.8,711.7,770.6,611.6,712.7000000000002,835.2166666666666,25.39,81.3,0,618.9,582.6
2025-07-31 03:00:00,3,3,0,618.9,655.8,711.7,576.8,662.1333333333333,759.5500000000001,25.21,81.4,0,582.6,548.0
2025-07-31 04:00:00,4,3,0,582.6,618.9,655.8,553.2,619.1,699.0333333333334,25.35,81.8,0,548.0,522.9
2025-07-31 05:00:00,5,3,0,548.0,582.6,618.9,522.2,583.1666666666666,647.9333333333333,25.75,80.7,0,522.9,502.4
2025-07-31 06:00:00,6,3,0,522.9,548.0,582.6,498.3,551.1666666666666,606.65,26.04,82.7,0,502.4,494.3
2025-07-31 07:00:00,7,3,0,502.4,522.9,548.0,485.4,524.4333333333333,571.7666666666665,26.57,82.9,0,494.3,573.4
2025-07-31 08:00:00,8,3,0,494.3,502.4,522.9,561.4,506.5333333333333,544.85,26.92,81.8,14,573.4,681.2
2025-07-31 09:00:00,9,3,0,573.4,494.3,502.4,681.2,523.3666666666667,537.2666666666667,27.05,82.1,22,681.2,809.1
2025-07-31 10:00:00,10,3,0,681.2,573.4,494.3,796.6,582.9666666666667,553.6999999999999,27.83,81.3,29,809.1,938.0
2025-07-31 11:00:00,11,3,0,809.1,681.2,573.4,913.1,687.9,597.2166666666667,28.18,82.6,34,938.0,1036.4
2025-07-31 12:00:00,12,3,0,938.0,809.1,681.2,1029.0,809.4333333333334,666.4,28.35,80.3,37,1036.4,1125.6
2025-07-31 13:00:00,13,3,0,1036.4,938.0,809.1,1114.7,927.8333333333334,755.4,28.85,80.4,39,1125.6,1178.8
2025-07-31 14:00:00,14,3,0,1125.6,1036.4,938.0,1170.3,1033.3333333333333,860.6166666666668,28.8,80.4,40,1178.8,1220.7
2025-07-31 15:00:00,15,3,0,1178.8,1125.6,1036.4,1211.1,1113.6000000000001,961.5166666666668,28.88,81.0,39,1220.7,1218.1
2025-07-31 16:00:00,16,3,0,1220.7,1178.8,1125.6,1224.9,1175.0333333333335,1051.4333333333334,28.77,80.2,37,1218.1,1204.2
2025-07-31 17:00:00,17,3,0,1218.1,1220.7,1178.8,1210.6,1205.8666666666668,1119.6000000000001,28.66,81.4,34,1204.2,1175.2
2025-07-31 18:00:00,18,3,0,1204.2,1218.1,1220.7,1186.8,1214.3333333333333,1163.9666666666667,28.12,83.1,29,1175.2,1124.7
2025-07-31 19:00:00,19,3,0,1175.2,1204.2,1218.1,1138.9,1199.1666666666667,1187.1000000000001,27.93,79.3,22,1124.7,1061.0
2025-07-31 20:00:00,20,3,0,1124.7,1175.2,1204.2,1072.9,1168.0333333333335,1186.95,27.5,80.8,14,1061.0,939.1
2025-07-31 21:00:00,21,3,0,1061.0,1124.7,1175.2,945.7,1120.3000000000002,1167.3166666666668,27.14,81.1,0,939.1,846.8
2025-07-31 22:00:00,22,3,0,939.1,1061.0,1124.7,854.6,1041.6000000000001,1120.3833333333334,26.56,83.5,0,846.8,771.7
2025-07-31 23:00:00,23,3,0,846.8,939.1,1061.0,770.6,948.9666666666667,1058.5,26.0,85.3,0,771.7,704.2
2025-08-01 00:00:00,0,4,0,771.7,846.8,939.1,711.7,852.5333333333334,986.4166666666666,25.25,85.9,0,704.2,649.9
2025-08-01 01:00:00,1,4,0,704.2,771.7,846.8,655.8,774.2333333333335,907.9166666666666,25.33,87.5,0,649.9,616.6
2025-08-01 02:00:00,2,4,0,649.9,704.2,771.7,618.9,708.6,828.7833333333333,25.11,87.7,0,616.6,572.9
2025-08-01 03:00:00,3,4,0,616.6,649.9,704.2,582.6,656.9000000000001,754.7166666666667,25.13,86.3,0,572.9,547.5
2025-08-01 04:00:00,4,4,0,572.9,616.6,649.9,548.0,613.1333333333333,693.6833333333334,25.15,86.1,0,547.5,524.4
2025-08-01 05:00:00,5,4,0,547.5,572.9,616.6,522.9,579.0000000000001,643.8000000000001,25.45,83.4,0,524.4,501.9
2025-08-01 06:00:00,6,4,0,524.4,547.5,572.9,502.4,548.2666666666668,602.5833333333334,25.93,80.4,0,501.9,491.3
2025-08-01 07:00:00,7,4,0,501.9,524.4,547.5,494.3,524.6,568.8666666666667,26.34,80.3,0,491.3,582.9
2025-08-01 08:00:00,8,4,0,491.3,501.9,524.4,573.4,505.86666666666673,542.4333333333333,26.74,80.1,14,582.9,690.9
2025-08-01 09:00:00,9,4,0,582.9,491.3,501.9,681.2,525.3666666666668,536.8166666666667,27.06,81.9,22,690.9,809.9
2025-08-01 10:00:00,10,4,0,690.9,582.9,491.3,809.1,588.3666666666667,556.4833333333333,27.61,78.6,29,809.9,934.3
2025-08-01 11:00:00,11,4,0,809.9,690.9,582.9,938.0,694.5666666666667,600.2166666666667,27.75,81.4,34,934.3,1038.6
2025-08-01 12:00:00,12,4,0,934.3,809.9,690.9,1036.4,811.7000000000002,668.5333333333333,28.33,78.5,37,1038.6,1114.4
2025-08-01 13:00:00,13,4,0,1038.6,934.3,809.9,1125.6,927.6,757.9833333333332,28.94,81.4,39,1114.4,1184.4
2025-08-01 14:00:00,14,4,0,1114.4,1038.6,934.3,1178.8,1029.1000000000001,861.8333333333334,28.83,80.6,40,1184.4,1213.4
2025-08-01 15:00:00,15,4,0,1184.4,1114.4,1038.6,1220.7,1112.466666666667,962.0833333333334,29.06,78.7,39,1213.4,1223.8
2025-08-01 16:00:00,16,4,0,1213.4,1184.4,1114.4,1218.1,1170.7333333333336,1049.1666666666667,28.95,77.7,37,1223.8,1203.3
2025-08-01 17:00:00,17,4,0,1223.8,1213.4,1184.4,1204.2,1207.2,1118.15,28.52,78.2,34,1203.3,1173.2
2025-08-01 18:00:00,18,4,0,1203.3,1223.8,1213.4,1175.2,1213.5000000000002,1162.9833333333333,28.47,77.8,29,1173.2,1124.4
2025-08-01 19:00:00,19,4,0,1173.2,1203.3,1223.8,1124.7,1200.1000000000001,1185.4166666666667,27.95,81.5,22,1124.4,1055.8
2025-08-01 20:00:00,20,4,0,1124.4,1173.2,1203.3,1061.0,1166.966666666667,1187.0833333333333,27.23,83.1,14,1055.8,944.4
2025-08-01 21:00:00,21,4,0,1055.8,1124.4,1173.2,939.1,1117.8000000000002,1165.65,26.79,82.8,0,944.4,841.5
2025-08-01 22:00:00,22,4,0,944.4,1055.8,1124.4,846.8,1041.5333333333335,1120.8166666666666,26.55,82.6,0,841.5,763.1
2025-08-01 23:00:00,23,4,0,841.5,944.4,1055.8,771.7,947.2333333333335,1057.1,25.94,82.8,0,763.1,701.7
2025-08-02 00:00:00,0,5,1,763.1,841.5,944.4,704.2,849.6666666666669,983.7333333333332,25.48,84.4,0,701.7,653.9
2025-08-02 01:00:00,1,5,1,701.7,763.1,841.5,649.9,768.7666666666668,905.15,25.04,83.8,0,653.9,602.8
2025-08-02 02:00:00,2,5,1,653.9,701.7,763.1,616.6,706.2333333333335,826.7333333333335,24.97,84.1,0,602.8,573.2
2025-08-02 03:00:00,3,5,1,602.8,653.9,701.7,572.9,652.8000000000002,751.2333333333332,24.67,85.4,0,573.2,543.4
2025-08-02 04:00:00,4,5,1,573.2,602.8,653.9,547.5,609.9666666666668,689.3666666666667,24.98,84.1,0,543.4,526.1
2025-08-02 05:00:00,5,5,1,543.4,573.2,602.8,524.4,573.1333333333334,639.6833333333333,24.92,85.4,0,526.1,509.9
2025-08-02 06:00:00,6,5,1,526.1,543.4,573.2,501.9,547.5666666666667,600.1833333333333,25.47,84.3,0,509.9,501.9
2025-08-02 07:00:00,7,5,1,509.9,526.1,543.4,491.3,526.4666666666668,568.2166666666666,25.6,81.2,0,501.9,487.1
2025-08-02 08:00:00,8,5,1,501.9,509.9,526.1,582.9,512.6333333333336,542.8833333333333,26.18,81.2,0,487.1,541.6
2025-08-02 09:00:00,9,5,1,487.1,501.9,509.9,690.9,499.6333333333335,523.6,26.57,80.1,10,541.6,616.4
2025-08-02 10:00:00,10,5,1,541.6,487.1,501.9,809.9,510.2000000000001,518.3333333333334,27.59,79.2,16,616.4,682.1
2025-08-02 11:00:00,11,5,1,616.4,541.6,487.1,934.3,548.3666666666668,530.5,27.6,81.2,19,682.1,743.4
2025-08-02 12:00:00,12,5,1,682.1,616.4,541.6,1038.6,613.3666666666668,556.5,28.19,82.9,20,743.4,771.2
2025-08-02 13:00:00,13,5,1,743.4,682.1,616.4,1114.4,680.6333333333336,595.4166666666666,28.55,81.0,19,771.2,775.7
2025-08-02 14:00:00,14,5,1,771.2,743.4,682.1,1184.4,732.2333333333336,640.3000000000001,28.74,79.4,16,775.7,754.3
2025-08-02 15:00:00,15,5,1,775.7,771.2,743.4,1213.4,763.4333333333335,688.4,28.28,81.6,10,754.3,691.9
2025-08-02 16:00:00,16,5,1,754.3,775.7,771.2,1223.8,767.066666666667,723.85,28.51,82.0,0,691.9,640.8
2025-08-02 17:00:00,17,5,1,691.9,754.3,775.7,1203.3,740.6333333333336,736.4333333333334,28.62,80.1,0,640.8,600.5
2025-08-02 18:00:00,18,5,1,640.8,691.9,754.3,1173.2,695.6666666666669,729.5500000000001,28.33,83.5,0,600.5,572.0
2025-08-02 19:00:00,19,5,1,600.5,640.8,691.9,1124.4,644.4000000000001,705.7333333333332,28.19,85.1,0,572.0,545.0
2025-08-02 20:00:00,20,5,1,572.0,600.5,640.8,1055.8,604.4333333333334,672.5333333333334,27.42,85.3,0,545.0,521.4
2025-08-02 21:00:00,21,5,1,545.0,572.0,600.5,944.4,572.5000000000001,634.0833333333334,26.6,87.9,0,521.4,496.8
2025-08-02 22:00:00,22,5,1,521.4,545.0,572.0,841.5,546.1333333333336,595.2666666666665,26.12,84.5,0,496.8,489.3
2025-08-02 23:00:00,23,5,1,496.8,521.4,545.0,763.1,521.0666666666668,562.75,25.64,86.8,0,489.3,480.0
2025-08-03 00:00:00,0,6,1,489.3,496.8,521.4,701.7,502.50000000000017,537.5,25.32,88.4,0,480.0,474.4
2025-08-03 01:00:00,1,6,1,480.0,489.3,496.8,653.9,488.7000000000001,517.4166666666666,25.04,87.0,0,474.4,458.3
2025-08-03 02:00:00,2,6,1,474.4,480.0,489.3,602.8,481.2333333333335,501.1499999999999,24.46,87.1,0,458.3,450.6
2025-08-03 03:00:00,3,6,1,458.3,474.4,480.0,573.2,470.90000000000015,486.7,24.48,85.5,0,450.6,452.5
2025-08-03 04:00:00,4,6,1,450.6,458.3,474.4,543.4,461.10000000000014,474.90000000000003,24.92,81.8,0,452.5,435.5
2025-08-03 05:00:00,5,6,1,452.5,450.6,458.3,526.1,453.8000000000002,467.51666666666665,24.99,85.1,0,435.5,436.5
2025-08-03 06:00:00,6,6,1,435.5,452.5,450.6,509.9,446.2000000000002,458.54999999999995,25.13,84.0,0,436.5,444.0
2025-08-03 07:00:00,7,6,1,436.5,435.5,452.5,501.9,441.50000000000017,451.29999999999995,25.47,84.6,0,444.0,447.1
2025-08-03 08:00:00,8,6,1,444.0,436.5,435.5,487.1,438.6666666666668,446.2333333333333,26.55,85.2,0,447.1,439.9
2025-08-03 09:00:00,9,6,1,447.1,444.0,436.5,541.6,442.5333333333335,444.36666666666673,26.79,84.7,0,439.9,442.3
2025-08-03 10:00:00,10,6,1,439.9,447.1,444.0,616.4,443.6666666666668,442.5833333333333,27.32,83.3,0,442.3,433.0
2025-08-03 11:00:00,11,6,1,442.3,439.9,447.1,682.1,443.10000000000014,440.8833333333334,27.92,79.6,0,433.0,427.4
2025-08-03 12:00:00,12,6,1,433.0,442.3,439.9,743.4,438.40000000000015,440.4666666666667,28.41,79.6,0,427.4,424.9
2025-08-03 13:00:00,13,6,1,427.4,433.0,442.3,771.2,434.2333333333334,438.95000000000005,28.79,76.7,0,424.9,430.2
2025-08-03 14:00:00,14,6,1,424.9,427.4,433.0,775.7,428.43333333333345,435.7666666666667,28.95,77.9,0,430.2,425.4
2025-08-03 15:00:00,15,6,1,430.2,424.9,427.4,754.3,427.50000000000017,432.95,29.14,76.8,0,425.4,422.2
2025-08-03 16:00:00,16,6,1,425.4,430.2,424.9,691.9,426.8333333333335,430.53333333333336,28.73,80.1,0,422.2,429.9
2025-08-03 17:00:00,17,6,1,422.2,425.4,430.2,640.8,425.93333333333345,427.18333333333334,28.13,77.1,0,429.9,425.7
2025-08-03 18:00:00,18,6,1,429.9,422.2,425.4,600.5,425.8333333333335,426.6666666666667,28.26,79.7,0,425.7,421.0
2025-08-03 19:00:00,19,6,1,425.7,429.9,422.2,572.0,425.93333333333345,426.38333333333327,27.42,80.5,0,421.0,417.7
2025-08-03 20:00:00,20,6,1,421.0,425.7,429.9,545.0,425.5333333333335,425.7333333333333,27.22,81.8,0,417.7,422.1
2025-08-03 21:00:00,21,6,1,417.7,421.0,425.7,521.4,421.46666666666687,423.6499999999999,26.82,81.8,0,422.1,416.2
2025-08-03 22:00:00,22,6,1,422.1,417.7,421.0,496.8,420.2666666666668,423.09999999999997,26.64,81.6,0,416.2,418.2
2025-08-03 23:00:00,23,6,1,416.2,422.1,417.7,489.3,418.6666666666668,422.09999999999997,25.96,83.4,0,418.2,420.3
2025-08-04 00:00:00,0,0,0,418.2,416.2,422.1,480.0,418.8333333333335,420.1499999999999,24.99,83.5,0,420.3,421.9
2025-08-04 01:00:00,1,0,0,420.3,418.2,416.2,474.4,418.2333333333335,419.25,25.26,84.3,0,421.9,409.2
2025-08-04 02:00:00,2,0,0,421.9,420.3,418.2,458.3,420.13333333333344,419.40000000000003,24.87,83.7,0,409.2,422.2
2025-08-04 03:00:00,3,0,0,409.2,421.9,420.3,450.6,417.1333333333335,417.9833333333333,25.28,85.4,0,422.2,416.0
2025-08-04 04:00:00,4,0,0,422.2,409.2,421.9,452.5,417.7666666666668,418.0,24.89,86.6,0,416.0,416.1
2025-08-04 05:00:00,5,0,0,416.0,422.2,409.2,435.5,415.8000000000001,417.9666666666667,25.41,87.0,0,416.1,423.0
2025-08-04 06:00:00,6,0,0,416.1,416.0,422.2,436.5,418.10000000000014,417.61666666666673,25.67,85.1,0,423.0,418.4
2025-08-04 07:00:00,7,0,0,423.0,416.1,416.0,444.0,418.3666666666668,418.06666666666666,26.08,82.7,0,418.4,511.8
2025-08-04 08:00:00,8,0,0,418.4,423.0,416.1,447.1,419.1666666666668,417.48333333333335,26.63,84.5,14,511.8,650.2
2025-08-04 09:00:00,9,0,0,511.8,418.4,423.0,439.9,451.06666666666683,434.5833333333333,27.07,83.4,22,650.2,772.0
2025-08-04 10:00:00,10,0,0,650.2,511.8,418.4,442.3,526.8000000000002,472.5833333333333,27.29,82.4,29,772.0,903.1
2025-08-04 11:00:00,11,0,0,772.0,650.2,511.8,433.0,644.6666666666669,531.9166666666666,28.05,82.5,34,903.1,1009.4
2025-08-04 12:00:00,12,0,0,903.1,772.0,650.2,427.4,775.1000000000003,613.0833333333334,28.35,81.9,37,1009.4,1098.1
2025-08-04 13:00:00,13,0,0,1009.4,903.1,772.0,424.9,894.8333333333335,710.8166666666666,28.75,80.4,39,1098.1,1168.9
2025-08-04 14:00:00,14,0,0,1098.1,1009.4,903.1,430.2,1003.5333333333334,824.1,28.66,81.5,40,1168.9,1202.1
2025-08-04 15:00:00,15,0,0,1168.9,1098.1,1009.4,425.4,1092.1333333333334,933.6166666666667,29.05,80.2,39,1202.1,1216.5
2025-08-04 16:00:00,16,0,0,1202.1,1168.9,1098.1,422.2,1156.3666666666668,1025.6000000000001,29.05,79.2,37,1216.5,1208.4
2025-08-04 17:00:00,17,0,0,1216.5,1202.1,1168.9,429.9,1195.8333333333335,1099.6833333333334,28.88,80.2,34,1208.4,1183.8
2025-08-04 18:00:00,18,0,0,1208.4,1216.5,1202.1,425.7,1209.0000000000002,1150.5666666666666,28.38,81.6,29,1183.8,1132.0
2025-08-04 19:00:00,19,0,0,1183.8,1208.4,1216.5,421.0,1202.9000000000003,1179.6333333333334,27.79,80.5,22,1132.0,1066.7
2025-08-04 20:00:00,20,0,0,1132.0,1183.8,1208.4,417.7,1174.7333333333336,1185.2833333333335,27.31,81.9,14,1066.7,947.5
2025-08-04 21:00:00,21,0,0,1066.7,1132.0,1183.8,422.1,1127.5000000000002,1168.25,26.66,84.8,0,947.5,856.1
2025-08-04 22:00:00,22,0,0,947.5,1066.7,1132.0,416.2,1048.7333333333336,1125.8166666666666,26.11,86.9,0,856.1,778.6
2025-08-04 23:00:00,23,0,0,856.1,947.5,1066.7,418.2,956.7666666666669,1065.75,25.69,86.8,0,778.6,704.2
2025-08-05 00:00:00,0,1,0,778.6,856.1,947.5,420.3,860.7333333333336,994.1166666666667,24.99,86.1,0,704.2,647.3
2025-08-05 01:00:00,1,1,0,704.2,778.6,856.1,421.9,779.6333333333336,914.1833333333334,24.92,83.8,0,647.3,600.3
2025-08-05 02:00:00,2,1,0,647.3,704.2,778.6,409.2,710.0333333333334,833.4,25.13,84.0,0,600.3,576.4
2025-08-05 03:00:00,3,1,0,600.3,647.3,704.2,422.2,650.6000000000001,755.6666666666666,24.84,82.1,0,576.4,545.3
2025-08-05 04:00:00,4,1,0,576.4,600.3,647.3,416.0,608.0000000000001,693.8166666666666,24.96,84.7,0,545.3,528.0
2025-08-05 05:00:00,5,1,0,545.3,576.4,600.3,416.1,574.0000000000001,642.0166666666667,25.08,85.7,0,528.0,509.5
2025-08-05 06:00:00,6,1,0,528.0,545.3,576.4,423.0,549.9000000000001,600.25,25.61,82.1,0,509.5,481.9
2025-08-05 07:00:00,7,1,0,509.5,528.0,545.3,418.4,527.6,567.8,25.81,85.2,0,481.9,561.1
2025-08-05 08:00:00,8,1,0,481.9,509.5,528.0,511.8,506.46666666666687,540.2333333333333,26.52,84.2,14,561.1,679.2
2025-08-05 09:00:00,9,1,0,561.1,481.9,509.5,650.2,517.5000000000001,533.6999999999999,27.16,80.2,22,679.2,812.0
2025-08-05 10:00:00,10,1,0,679.2,561.1,481.9,772.0,574.0666666666668,550.8333333333334,27.59,79.4,29,812.0,925.3
2025-08-05 11:00:00,11,1,0,812.0,679.2,561.1,903.1,684.1000000000003,595.2833333333334,27.91,81.9,34,925.3,1023.8
2025-08-05 12:00:00,12,1,0,925.3,812.0,679.2,1009.4,805.5000000000001,661.5,28.36,83.1,37,1023.8,1119.3
2025-08-05 13:00:00,13,1,0,1023.8,925.3,812.0,1098.1,920.3666666666668,747.2166666666667,28.44,82.0,39,1119.3,1171.0
2025-08-05 14:00:00,14,1,0,1119.3,1023.8,925.3,1168.9,1022.8000000000002,853.4499999999999,28.68,82.4,40,1171.0,1211.3
2025-08-05 15:00:00,15,1,0,1171.0,1119.3,1023.8,1202.1,1104.7,955.0999999999999,28.8,78.7,39,1211.3,1222.6
2025-08-05 16:00:00,16,1,0,1211.3,1171.0,1119.3,1216.5,1167.2,1043.7833333333333,28.7,79.7,37,1222.6,1205.7
2025-08-05 17:00:00,17,1,0,1222.6,1211.3,1171.0,1208.4,1201.6333333333334,1112.2166666666665,28.48,81.0,34,1205.7,1187.3
2025-08-05 18:00:00,18,1,0,1205.7,1222.6,1211.3,1183.8,1213.2,1158.9499999999998,28.27,80.5,29,1187.3,1147.1
2025-08-05 19:00:00,19,1,0,1187.3,1205.7,1222.6,1132.0,1205.2,1186.2,27.7,78.9,22,1147.1,1065.2
2025-08-05 20:00:00,20,1,0,1147.1,1187.3,1205.7,1066.7,1180.0333333333335,1190.8333333333333,27.72,79.5,14,1065.2,942.2
2025-08-05 21:00:00,21,1,0,1065.2,1147.1,1187.3,947.5,1133.2,1173.2,26.91,83.0,0,942.2,846.9
2025-08-05 22:00:00,22,1,0,942.2,1065.2,1147.1,856.1,1051.5000000000002,1128.35,26.47,81.9,0,846.9,771.7
2025-08-05 23:00:00,23,1,0,846.9,942.2,1065.2,778.6,951.4333333333335,1065.7333333333333,25.57,85.4,0,771.7,703.7
2025-08-06 00:00:00,0,2,0,771.7,846.9,942.2,704.2,853.6000000000003,993.4000000000001,25.38,85.0,0,703.7,661.4
2025-08-06 01:00:00,1,2,0,703.7,771.7,846.9,647.3,774.1000000000003,912.8000000000001,24.71,86.6,0,661.4,623.9
2025-08-06 02:00:00,2,2,0,661.4,703.7,771.7,600.3,712.2666666666668,831.85,24.42,86.7,0,623.9,569.8
2025-08-06 03:00:00,3,2,0,623.9,661.4,703.7,576.4,663.0000000000001,758.3000000000001,24.5,88.1,0,569.8,543.9
2025-08-06 04:00:00,4,2,0,569.8,623.9,661.4,545.3,618.3666666666668,696.2333333333335,25.09,85.2,0,543.9,528.7
2025-08-06 05:00:00,5,2,0,543.9,569.8,623.9,528.0,579.2000000000002,645.7333333333333,25.31,84.9,0,528.7,503.2
2025-08-06 06:00:00,6,2,0,528.7,543.9,569.8,509.5,547.4666666666668,605.2333333333332,25.63,84.4,0,503.2,486.9
2025-08-06 07:00:00,7,2,0,503.2,528.7,543.9,481.9,525.2666666666668,571.8166666666667,25.88,82.4,0,486.9,574.3
2025-08-06 08:00:00,8,2,0,486.9,503.2,528.7,561.1,506.2666666666668,542.7333333333333,26.71,82.6,14,574.3,688.7
2025-08-06 09:00:00,9,2,0,574.3,486.9,503.2,679.2,521.4666666666668,534.4666666666666,26.87,81.3,22,688.7,809.8
2025-08-06 10:00:00,10,2,0,688.7,574.3,486.9,812.0,583.3000000000001,554.2833333333333,27.26,79.7,29,809.8,923.9
2025-08-06 11:00:00,11,2,0,809.8,688.7,574.3,925.3,690.9333333333334,598.6,27.69,79.3,34,923.9,1017.2
2025-08-06 12:00:00,12,2,0,923.9,809.8,688.7,1023.8,807.4666666666668,664.4666666666666,28.42,78.2,37,1017.2,1104.8
2025-08-06 13:00:00,13,2,0,1017.2,923.9,809.8,1119.3,916.9666666666668,750.1333333333333,28.15,77.1,39,1104.8,1175.1
2025-08-06 14:00:00,14,2,0,1104.8,1017.2,923.9,1171.0,1015.3000000000002,853.1166666666667,28.65,75.6,40,1175.1,1212.7
2025-08-06 15:00:00,15,2,0,1175.1,1104.8,1017.2,1211.3,1099.0333333333335,953.25,28.85,76.6,39,1212.7,1228.1
2025-08-06 16:00:00,16,2,0,1212.7,1175.1,1104.8,1222.6,1164.2,1040.5833333333333,28.67,79.3,37,1228.1,1215.4
2025-08-06 17:00:00,17,2,0,1228.1,1212.7,1175.1,1205.7,1205.3,1110.3,28.68,79.9,34,1215.4,1182.8
2025-08-06 18:00:00,18,2,0,1215.4,1228.1,1212.7,1187.3,1218.7333333333333,1158.8833333333334,27.99,79.4,29,1182.8,1124.8
2025-08-06 19:00:00,19,2,0,1182.8,1215.4,1228.1,1147.1,1208.7666666666667,1186.4833333333333,27.51,80.2,22,1124.8,1050.9
2025-08-06 20:00:00,20,2,0,1124.8,1182.8,1215.4,1065.2,1174.3333333333335,1189.8166666666666,27.27,81.2,14,1050.9,938.7
2025-08-06 21:00:00,21,2,0,1050.9,1124.8,1182.8,942.2,1119.5000000000002,1169.1166666666666,26.62,82.6,0,938.7,849.9
2025-08-06 22:00:00,22,2,0,938.7,1050.9,1124.8,846.9,1038.1333333333334,1123.45,26.36,82.4,0,849.9,765.3
2025-08-06 23:00:00,23,2,0,849.9,938.7,1050.9,771.7,946.5000000000001,1060.4166666666667,26.38,82.6,0,765.3,712.8
2025-08-07 00:00:00,0,3,0,765.3,849.9,938.7,703.7,851.3000000000001,985.4,25.72,82.2,0,712.8,653.8
2025-08-07 01:00:00,1,3,0,712.8,765.3,849.9,661.4,776.0,907.0666666666667,25.52,83.2,0,653.8,619.5
2025-08-07 02:00:00,2,3,0,653.8,712.8,765.3,623.9,710.6333333333333,828.5666666666667,24.87,83.9,0,619.5,570.1
2025-08-07 03:00:00,3,3,0,619.5,653.8,712.8,569.8,662.0333333333334,756.6666666666666,24.65,86.5,0,570.1,542.0
2025-08-07 04:00:00,4,3,0,570.1,619.5,653.8,543.9,614.4666666666667,695.2333333333332,24.67,87.7,0,542.0,522.6
2025-08-07 05:00:00,5,3,0,542.0,570.1,619.5,528.7,577.2000000000002,643.9166666666666,24.83,86.9,0,522.6,498.3
2025-08-07 06:00:00,6,3,0,522.6,542.0,570.1,503.2,544.9000000000001,603.4666666666667,25.41,88.6,0,498.3,481.2
2025-08-07 07:00:00,7,3,0,498.3,522.6,542.0,486.9,520.9666666666668,567.7166666666666,25.86,88.3,0,481.2,559.4
2025-08-07 08:00:00,8,3,0,481.2,498.3,522.6,574.3,500.7000000000001,538.95,26.37,84.8,14,559.4,700.4
2025-08-07 09:00:00,9,3,0,559.4,481.2,498.3,688.7,512.9666666666667,528.9333333333334,26.95,85.5,22,700.4,821.6
2025-08-07 10:00:00,10,3,0,700.4,559.4,481.2,809.8,580.3333333333334,550.65,27.04,83.6,29,821.6,933.8
2025-08-07 11:00:00,11,3,0,821.6,700.4,559.4,923.9,693.8000000000001,597.25,27.65,80.1,34,933.8,1043.2
2025-08-07 12:00:00,12,3,0,933.8,821.6,700.4,1017.2,818.6,665.7833333333333,28.54,76.8,37,1043.2,1119.3
2025-08-07 13:00:00,13,3,0,1043.2,933.8,821.6,1104.8,932.8666666666668,756.6,28.69,76.7,39,1119.3,1180.5
2025-08-07 14:00:00,14,3,0,1119.3,1043.2,933.8,1175.1,1032.1000000000001,862.9499999999999,28.66,75.4,40,1180.5,1215.1
2025-08-07 15:00:00,15,3,0,1180.5,1119.3,1043.2,1212.7,1114.3333333333333,966.4666666666667,28.75,77.1,39,1215.1,1229.8
2025-08-07 16:00:00,16,3,0,1215.1,1180.5,1119.3,1228.1,1171.6333333333334,1052.25,28.67,79.2,37,1229.8,1217.4
2025-08-07 17:00:00,17,3,0,1229.8,1215.1,1180.5,1215.4,1208.466666666667,1120.2833333333333,28.44,76.7,34,1217.4,1194.6
2025-08-07 18:00:00,18,3,0,1217.4,1229.8,1215.1,1182.8,1220.7666666666667,1167.55,28.17,78.9,29,1194.6,1149.9
2025-08-07 19:00:00,19,3,0,1194.6,1217.4,1229.8,1124.8,1213.9333333333334,1192.7833333333333,27.55,82.0,22,1149.9,1060.3
2025-08-07 20:00:00,20,3,0,1149.9,1194.6,1217.4,1050.9,1187.3000000000002,1197.8833333333334,26.51,80.6,14,1060.3,945.1
2025-08-07 21:00:00,21,3,0,1060.3,1149.9,1194.6,938.7,1134.9333333333334,1177.8500000000001,26.36,82.1,0,945.1,857.6
2025-08-07 22:00:00,22,3,0,945.1,1060.3,1149.9,849.9,1051.7666666666667,1132.85,26.07,83.6,0,857.6,765.3
2025-08-07 23:00:00,23,3,0,857.6,945.1,1060.3,765.3,954.3333333333334,1070.8166666666668,25.82,81.4,0,765.3,702.8
2025-08-08 00:00:00,0,4,0,765.3,857.6,945.1,712.8,856.0,995.4666666666666,25.3,80.8,0,702.8,644.5
2025-08-08 01:00:00,1,4,0,702.8,765.3,857.6,653.8,775.2333333333335,913.5,24.89,82.2,0,644.5,613.5
2025-08-08 02:00:00,2,4,0,644.5,702.8,765.3,619.5,704.2000000000002,829.2666666666665,24.77,84.0,0,613.5,580.8
2025-08-08 03:00:00,3,4,0,613.5,644.5,702.8,570.1,653.6,754.8000000000001,24.69,83.7,0,580.8,546.6
2025-08-08 04:00:00,4,4,0,580.8,613.5,644.5,542.0,612.9333333333334,694.0833333333334,24.47,85.6,0,546.6,526.0
2025-08-08 05:00:00,5,4,0,546.6,580.8,613.5,522.6,580.3000000000001,642.2499999999999,24.74,84.1,0,526.0,514.3
2025-08-08 06:00:00,6,4,0,526.0,546.6,580.8,498.3,551.1333333333333,602.3666666666667,24.85,83.8,0,514.3,512.3
2025-08-08 07:00:00,7,4,0,514.3,526.0,546.6,481.2,528.9666666666667,570.9499999999999,25.75,82.8,0,512.3,574.3
2025-08-08 08:00:00,8,4,0,512.3,514.3,526.0,559.4,517.5333333333334,548.9166666666666,26.19,84.1,14,574.3,675.8
2025-08-08 09:00:00,9,4,0,574.3,512.3,514.3,700.4,533.6333333333333,542.3833333333333,26.92,83.5,22,675.8,794.2
2025-08-08 10:00:00,10,4,0,675.8,574.3,512.3,821.6,587.4666666666667,558.2166666666666,27.34,84.2,29,794.2,911.7
2025-08-08 11:00:00,11,4,0,794.2,675.8,574.3,933.8,681.4333333333334,599.4833333333333,27.94,84.0,34,911.7,1020.4
2025-08-08 12:00:00,12,4,0,911.7,794.2,675.8,1043.2,793.9000000000001,663.7666666666667,28.51,79.2,37,1020.4,1111.2
2025-08-08 13:00:00,13,4,0,1020.4,911.7,794.2,1119.3,908.7666666666668,748.1166666666667,28.53,78.3,39,1111.2,1172.6
2025-08-08 14:00:00,14,4,0,1111.2,1020.4,911.7,1180.5,1014.4333333333334,847.9333333333334,28.72,78.6,40,1172.6,1208.8
2025-08-08 15:00:00,15,4,0,1172.6,1111.2,1020.4,1215.1,1101.4,947.65,29.08,79.6,39,1208.8,1214.1
2025-08-08 16:00:00,16,4,0,1208.8,1172.6,1111.2,1229.8,1164.2,1036.4833333333333,28.65,82.2,37,1214.1,1212.5
2025-08-08 17:00:00,17,4,0,1214.1,1208.8,1172.6,1217.4,1198.5,1106.4666666666665,28.59,83.7,34,1212.5,1179.6
2025-08-08 18:00:00,18,4,0,1212.5,1214.1,1208.8,1194.6,1211.8,1156.6000000000001,28.29,82.0,29,1179.6,1132.9
2025-08-08 19:00:00,19,4,0,1179.6,1212.5,1214.1,1149.9,1202.0666666666666,1183.1333333333334,27.52,81.1,22,1132.9,1069.1
2025-08-08 20:00:00,20,4,0,1132.9,1179.6,1212.5,1060.3,1175.0,1186.75,27.04,84.1,14,1069.1,946.3
2025-08-08 21:00:00,21,4,0,1069.1,1132.9,1179.6,945.1,1127.2,1169.5,26.56,82.5,0,946.3,856.4
2025-08-08 22:00:00,22,4,0,946.3,1069.1,1132.9,857.6,1049.4333333333334,1125.75,26.19,83.1,0,856.4,776.2
2025-08-08 23:00:00,23,4,0,856.4,946.3,1069.1,765.3,957.2666666666668,1066.1333333333332,26.11,83.9,0,776.2,708.0
2025-08-09 00:00:00,0,5,1,776.2,856.4,946.3,702.8,859.6333333333333,993.4166666666665,25.29,84.8,0,708.0,653.4
2025-08-09 01:00:00,1,5,1,708.0,776.2,856.4,644.5,780.2000000000002,914.8166666666666,24.9,87.0,0,653.4,606.0
2025-08-09 02:00:00,2,5,1,653.4,708.0,776.2,613.5,712.5333333333334,834.9000000000001,24.6,85.7,0,606.0,569.6
2025-08-09 03:00:00,3,5,1,606.0,653.4,708.0,580.8,655.8000000000001,757.7166666666667,24.15,87.0,0,569.6,543.1
2025-08-09 04:00:00,4,5,1,569.6,606.0,653.4,546.6,609.6666666666666,694.9333333333333,24.67,85.6,0,543.1,517.2
2025-08-09 05:00:00,5,5,1,543.1,569.6,606.0,526.0,572.9000000000001,642.7166666666667,25.09,84.5,0,517.2,493.1
2025-08-09 06:00:00,6,5,1,517.2,543.1,569.6,514.3,543.3000000000001,599.5500000000001,25.38,84.4,0,493.1,490.3
2025-08-09 07:00:00,7,5,1,493.1,517.2,543.1,512.3,517.8000000000001,563.7333333333333,25.92,84.5,0,490.3,476.3
2025-08-09 08:00:00,8,5,1,490.3,493.1,517.2,574.3,500.2000000000001,536.55,26.09,83.6,0,476.3,541.1
2025-08-09 09:00:00,9,5,1,476.3,490.3,493.1,675.8,486.5666666666668,514.9333333333334,26.74,82.8,10,541.1,616.1
2025-08-09 10:00:00,10,5,1,541.1,476.3,490.3,794.2,502.5666666666668,510.18333333333334,27.53,81.2,16,616.1,685.5
2025-08-09 11:00:00,11,5,1,616.1,541.1,476.3,911.7,544.5000000000001,522.35,27.62,79.4,19,685.5,756.3
2025-08-09 12:00:00,12,5,1,685.5,616.1,541.1,1020.4,614.2333333333335,550.4000000000001,28.24,80.7,20,756.3,780.7
2025-08-09 13:00:00,13,5,1,756.3,685.5,616.1,1111.2,685.9666666666667,594.2666666666667,28.47,81.5,19,780.7,769.5
2025-08-09 14:00:00,14,5,1,780.7,756.3,685.5,1172.6,740.8333333333335,642.6666666666666,28.91,80.3,16,769.5,749.8
2025-08-09 15:00:00,15,5,1,769.5,780.7,756.3,1208.8,768.8333333333335,691.5333333333333,28.46,81.2,10,749.8,688.3
2025-08-09 16:00:00,16,5,1,749.8,769.5,780.7,1214.1,766.6666666666666,726.3166666666666,28.34,83.1,0,688.3,632.3
2025-08-09 17:00:00,17,5,1,688.3,749.8,769.5,1212.5,735.8666666666668,738.3499999999999,28.16,80.2,0,632.3,598.1
2025-08-09 18:00:00,18,5,1,632.3,688.3,749.8,1179.6,690.1333333333333,729.4833333333332,28.2,78.9,0,598.1,563.9
2025-08-09 19:00:00,19,5,1,598.1,632.3,688.3,1132.9,639.5666666666667,703.1166666666667,27.46,80.9,0,563.9,540.3
2025-08-09 20:00:00,20,5,1,563.9,598.1,632.3,1069.1,598.1,666.9833333333333,27.3,81.5,0,540.3,518.8
2025-08-09 21:00:00,21,5,1,540.3,563.9,598.1,946.3,567.4333333333334,628.7833333333333,26.97,81.8,0,518.8,503.2
2025-08-09 22:00:00,22,5,1,518.8,540.3,563.9,856.4,541.0,590.2833333333333,26.26,83.2,0,503.2,486.6
2025-08-09 23:00:00,23,5,1,503.2,518.8,540.3,776.2,520.7666666666667,559.4333333333333,25.59,84.1,0,486.6,469.6
2025-08-10 00:00:00,0,6,1,486.6,503.2,518.8,708.0,502.86666666666673,535.15,25.36,81.9,0,469.6,465.8
2025-08-10 01:00:00,1,6,1,469.6,486.6,503.2,653.4,486.46666666666675,513.7333333333333,25.04,81.4,0,465.8,456.4
2025-08-10 02:00:00,2,6,1,465.8,469.6,486.6,606.0,474.00000000000006,497.3833333333334,24.9,80.4,0,456.4,451.6
2025-08-10 03:00:00,3,6,1,456.4,465.8,469.6,569.6,463.9333333333334,483.3999999999999,24.65,79.3,0,451.6,446.1
2025-08-10 04:00:00,4,6,1,451.6,456.4,465.8,543.1,457.9333333333334,472.2,24.81,81.1,0,446.1,443.6
2025-08-10 05:00:00,5,6,1,446.1,451.6,456.4,517.2,451.3666666666668,462.6833333333334,24.7,84.4,0,443.6,435.1
2025-08-10 06:00:00,6,6,1,443.6,446.1,451.6,493.1,447.1000000000001,455.51666666666665,25.27,82.4,0,435.1,433.0
2025-08-10 07:00:00,7,6,1,435.1,443.6,446.1,490.3,441.6000000000001,449.76666666666665,25.68,81.0,0,433.0,436.4
2025-08-10 08:00:00,8,6,1,433.0,435.1,443.6,476.3,437.2333333333334,444.3,26.35,80.8,0,436.4,438.4
2025-08-10 09:00:00,9,6,1,436.4,433.0,435.1,541.1,434.8333333333334,440.9666666666667,26.67,81.0,0,438.4,435.1
2025-08-10 10:00:00,10,6,1,438.4,436.4,433.0,616.1,435.9333333333334,438.76666666666665,27.21,79.2,0,435.1,425.1
2025-08-10 11:00:00,11,6,1,435.1,438.4,436.4,685.5,436.6333333333334,436.93333333333334,27.42,80.8,0,425.1,428.3
2025-08-10 12:00:00,12,6,1,425.1,435.1,438.4,756.3,432.8666666666668,433.84999999999997,28.12,79.8,0,428.3,430.9
2025-08-10 13:00:00,13,6,1,428.3,425.1,435.1,780.7,429.50000000000006,432.7166666666667,28.3,79.1,0,430.9,429.4
2025-08-10 14:00:00,14,6,1,430.9,428.3,425.1,769.5,428.1000000000001,432.36666666666673,28.24,78.0,0,429.4,427.9
2025-08-10 15:00:00,15,6,1,429.4,430.9,428.3,749.8,429.53333333333336,431.2,28.16,79.9,0,427.9,431.5
2025-08-10 16:00:00,16,6,1,427.9,429.4,430.9,688.3,429.4000000000001,429.45,28.19,79.8,0,431.5,435.3
2025-08-10 17:00:00,17,6,1,431.5,427.9,429.4,632.3,429.6000000000001,428.84999999999997,28.37,80.8,0,435.3,419.6
2025-08-10 18:00:00,18,6,1,435.3,431.5,427.9,598.1,431.5666666666668,430.55,28.09,81.5,0,419.6,426.8
2025-08-10 19:00:00,19,6,1,419.6,435.3,431.5,563.9,428.8,429.09999999999997,27.62,80.8,0,426.8,423.0
2025-08-10 20:00:00,20,6,1,426.8,419.6,435.3,540.3,427.2333333333334,428.4166666666667,27.2,79.3,0,423.0,417.9
2025-08-10 21:00:00,21,6,1,423.0,426.8,419.6,518.8,423.13333333333344,427.3500000000001,26.45,81.4,0,417.9,417.5
2025-08-10 22:00:00,22,6,1,417.9,423.0,426.8,503.2,422.5666666666668,425.68333333333334,25.85,79.0,0,417.5,416.2
2025-08-10 23:00:00,23,6,1,417.5,417.9,423.0,486.6,419.46666666666675,423.34999999999997,25.48,80.3,0,416.2,419.3
2025-08-11 00:00:00,0,0,0,416.2,417.5,417.9,469.6,417.2000000000001,420.1666666666667,24.94,82.3,0,419.3,426.7
2025-08-11 01:00:00,1,0,0,419.3,416.2,417.5,465.8,417.66666666666674,420.1166666666666,24.38,82.9,0,426.7,422.5
2025-08-11 02:00:00,2,0,0,426.7,419.3,416.2,456.4,420.7333333333334,420.09999999999997,24.73,83.4,0,422.5,419.5
2025-08-11 03:00:00,3,0,0,422.5,426.7,419.3,451.6,422.8333333333334,420.01666666666665,24.74,84.0,0,419.5,412.2
2025-08-11 04:00:00,4,0,0,419.5,422.5,426.7,446.1,422.9000000000001,420.28333333333336,24.67,84.6,0,412.2,406.3
2025-08-11 05:00:00,5,0,0,412.2,419.5,422.5,443.6,418.0666666666668,419.40000000000003,24.71,85.3,0,406.3,406.5
2025-08-11 06:00:00,6,0,0,406.3,412.2,419.5,435.1,412.66666666666674,417.75,24.78,84.7,0,406.5,422.1
2025-08-11 07:00:00,7,0,0,406.5,406.3,412.2,433.0,408.3333333333334,415.61666666666673,25.7,80.9,0,422.1,529.1
2025-08-11 08:00:00,8,0,0,422.1,406.5,406.3,436.4,411.6333333333334,414.84999999999997,26.36,80.3,14,529.1,650.2
2025-08-11 09:00:00,9,0,0,529.1,422.1,406.5,438.4,452.5666666666668,432.6166666666666,26.66,80.9,22,650.2,785.0
2025-08-11 10:00:00,10,0,0,650.2,529.1,422.1,435.1,533.8000000000001,471.06666666666666,27.13,78.6,29,785.0,904.2
2025-08-11 11:00:00,11,0,0,785.0,650.2,529.1,425.1,654.7666666666668,533.2,27.36,81.0,34,904.2,1017.9
2025-08-11 12:00:00,12,0,0,904.2,785.0,650.2,428.3,779.8000000000002,616.1833333333333,27.77,84.0,37,1017.9,1102.6
2025-08-11 13:00:00,13,0,0,1017.9,904.2,785.0,430.9,902.3666666666668,718.0833333333334,28.09,82.6,39,1102.6,1177.5
2025-08-11 14:00:00,14,0,0,1102.6,1017.9,904.2,429.4,1008.2333333333335,831.5,28.51,83.0,40,1177.5,1200.6
2025-08-11 15:00:00,15,0,0,1177.5,1102.6,1017.9,427.9,1099.3333333333333,939.5666666666666,28.17,81.2,39,1200.6,1211.7
2025-08-11 16:00:00,16,0,0,1200.6,1177.5,1102.6,431.5,1160.2333333333333,1031.3,27.8,81.6,37,1211.7,1200.8
2025-08-11 17:00:00,17,0,0,1211.7,1200.6,1177.5,435.3,1196.6000000000001,1102.4166666666667,27.96,82.7,34,1200.8,1168.4
2025-08-11 18:00:00,18,0,0,1200.8,1211.7,1200.6,419.6,1204.3666666666668,1151.8500000000001,27.65,85.7,29,1168.4,1130.7
2025-08-11 19:00:00,19,0,0,1168.4,1200.8,1211.7,426.8,1193.6333333333334,1176.9333333333334,27.03,86.5,22,1130.7,1049.8
2025-08-11 20:00:00,20,0,0,1130.7,1168.4,1200.8,423.0,1166.6333333333334,1181.6166666666666,26.67,88.2,14,1049.8,939.7
2025-08-11 21:00:00,21,0,0,1049.8,1130.7,1168.4,417.9,1116.3000000000002,1160.3333333333333,26.49,85.4,0,939.7,841.8
2025-08-11 22:00:00,22,0,0,939.7,1049.8,1130.7,417.5,1040.0666666666668,1116.85,25.32,82.3,0,841.8,762.2
2025-08-11 23:00:00,23,0,0,841.8,939.7,1049.8,416.2,943.7666666666668,1055.2,25.34,82.1,0,762.2,702.3
2025-08-12 00:00:00,0,1,0,762.2,841.8,939.7,419.3,847.9000000000002,982.0999999999999,25.08,84.3,0,702.3,648.2
2025-08-12 01:00:00,1,1,0,702.3,762.2,841.8,426.7,768.7666666666668,904.4166666666666,24.53,84.9,0,648.2,610.8
2025-08-12 02:00:00,2,1,0,648.2,702.3,762.2,422.5,704.2333333333336,824.0,24.75,87.2,0,610.8,575.9
2025-08-12 03:00:00,3,1,0,610.8,648.2,702.3,419.5,653.7666666666668,750.8333333333334,24.59,86.5,0,575.9,551.7
2025-08-12 04:00:00,4,1,0,575.9,610.8,648.2,412.2,611.6333333333336,690.1999999999999,23.98,87.1,0,551.7,525.5
2025-08-12 05:00:00,5,1,0,551.7,575.9,610.8,406.3,579.4666666666668,641.85,24.3,83.8,0,525.5,506.5
2025-08-12 06:00:00,6,1,0,525.5,551.7,575.9,406.5,551.0333333333334,602.4,24.65,84.6,0,506.5,493.5
2025-08-12 07:00:00,7,1,0,506.5,525.5,551.7,422.1,527.9000000000001,569.7666666666667,25.24,84.1,0,493.5,577.9
2025-08-12 08:00:00,8,1,0,493.5,506.5,525.5,529.1,508.50000000000017,543.9833333333332,26.34,83.3,14,577.9,692.2
2025-08-12 09:00:00,9,1,0,577.9,493.5,506.5,650.2,525.9666666666668,538.5,26.8,83.7,22,692.2,802.1
2025-08-12 10:00:00,10,1,0,692.2,577.9,493.5,785.0,587.8666666666668,557.8833333333333,27.02,83.7,29,802.1,936.6
2025-08-12 11:00:00,11,1,0,802.1,692.2,577.9,904.2,690.7333333333336,599.6166666666667,27.38,83.2,34,936.6,1042.4
2025-08-12 12:00:00,12,1,0,936.6,802.1,692.2,1017.9,810.3000000000002,668.1333333333333,27.96,80.7,37,1042.4,1121.7
2025-08-12 13:00:00,13,1,0,1042.4,936.6,802.1,1102.6,927.0333333333336,757.4500000000002,28.16,80.7,39,1121.7,1182.8
2025-08-12 14:00:00,14,1,0,1121.7,1042.4,936.6,1177.5,1033.5666666666668,862.1500000000001,28.31,79.4,40,1182.8,1218.8
2025-08-12 15:00:00,15,1,0,1182.8,1121.7,1042.4,1200.6,1115.6333333333334,962.9666666666666,28.41,81.5,39,1218.8,1223.5
2025-08-12 16:00:00,16,1,0,1218.8,1182.8,1121.7,1211.7,1174.4333333333336,1050.7333333333333,28.57,81.7,37,1223.5,1198.3
2025-08-12 17:00:00,17,1,0,1223.5,1218.8,1182.8,1200.8,1208.3666666666668,1120.9666666666667,28.34,83.5,34,1198.3,1175.4
2025-08-12 18:00:00,18,1,0,1198.3,1223.5,1218.8,1168.4,1213.5333333333335,1164.5833333333333,28.11,81.2,29,1175.4,1138.9
2025-08-12 19:00:00,19,1,0,1175.4,1198.3,1223.5,1130.7,1199.0666666666668,1186.75,27.54,81.2,22,1138.9,1047.9
2025-08-12 20:00:00,20,1,0,1138.9,1175.4,1198.3,1049.8,1170.8666666666668,1189.6166666666666,27.17,82.9,14,1047.9,942.5
2025-08-12 21:00:00,21,1,0,1047.9,1138.9,1175.4,939.7,1120.7333333333336,1167.1333333333332,26.32,81.4,0,942.5,836.1
2025-08-12 22:00:00,22,1,0,942.5,1047.9,1138.9,841.8,1043.1000000000004,1121.0833333333333,25.96,81.7,0,836.1,747.6
2025-08-12 23:00:00,23,1,0,836.1,942.5,1047.9,762.2,942.166666666667,1056.5166666666667,25.38,84.2,0,747.6,696.0
2025-08-13 00:00:00,0,2,0,747.6,836.1,942.5,702.3,842.066666666667,981.4000000000001,25.12,85.2,0,696.0,648.1
2025-08-13 01:00:00,1,2,0,696.0,747.6,836.1,648.2,759.9000000000002,901.5,24.56,86.2,0,648.1,611.1
2025-08-13 02:00:00,2,2,0,648.1,696.0,747.6,610.8,697.2333333333336,819.6999999999999,24.47,84.8,0,611.1,571.3
2025-08-13 03:00:00,3,2,0,611.1,648.1,696.0,575.9,651.7333333333336,746.9,24.53,86.3,0,571.3,550.7
2025-08-13 04:00:00,4,2,0,571.3,611.1,648.1,551.7,610.1666666666669,685.0333333333333,24.24,85.9,0,550.7,526.5
2025-08-13 05:00:00,5,2,0,550.7,571.3,611.1,525.5,577.7000000000002,637.4666666666667,24.55,87.1,0,526.5,499.0
2025-08-13 06:00:00,6,2,0,526.5,550.7,571.3,506.5,549.5000000000002,600.6166666666667,24.95,86.5,0,499.0,490.8
2025-08-13 07:00:00,7,2,0,499.0,526.5,550.7,493.5,525.4000000000002,567.7833333333333,25.38,87.9,0,490.8,563.3
2025-08-13 08:00:00,8,2,0,490.8,499.0,526.5,577.9,505.43333333333356,541.5666666666667,25.96,87.3,14,563.3,666.5
2025-08-13 09:00:00,9,2,0,563.3,490.8,499.0,692.2,517.7000000000002,533.6,26.18,84.7,22,666.5,793.4
2025-08-13 10:00:00,10,2,0,666.5,563.3,490.8,802.1,573.5333333333335,549.4666666666667,26.23,83.9,29,793.4,913.3
2025-08-13 11:00:00,11,2,0,793.4,666.5,563.3,936.6,674.4000000000002,589.9166666666666,26.83,84.0,34,913.3,1016.9
2025-08-13 12:00:00,12,2,0,913.3,793.4,666.5,1042.4,791.066666666667,654.3833333333333,27.42,80.9,37,1016.9,1104.8
2025-08-13 13:00:00,13,2,0,1016.9,913.3,793.4,1121.7,907.8666666666668,740.6999999999999,28.16,81.6,39,1104.8,1177.3
2025-08-13 14:00:00,14,2,0,1104.8,1016.9,913.3,1182.8,1011.6666666666669,843.0333333333333,28.25,81.8,40,1177.3,1213.7
2025-08-13 15:00:00,15,2,0,1177.3,1104.8,1016.9,1218.8,1099.666666666667,945.3666666666664,28.22,80.4,39,1213.7,1215.1
2025-08-13 16:00:00,16,2,0,1213.7,1177.3,1104.8,1223.5,1165.2666666666669,1036.5666666666666,27.86,81.8,37,1215.1,1212.4
2025-08-13 17:00:00,17,2,0,1215.1,1213.7,1177.3,1198.3,1202.0333333333335,1106.85,27.52,79.6,34,1212.4,1189.5
2025-08-13 18:00:00,18,2,0,1212.4,1215.1,1213.7,1175.4,1213.7333333333336,1156.7,27.64,81.0,29,1189.5,1127.4
2025-08-13 19:00:00,19,2,0,1189.5,1212.4,1215.1,1138.9,1205.666666666667,1185.4666666666667,27.2,80.4,22,1127.4,1062.4
2025-08-13 20:00:00,20,2,0,1127.4,1189.5,1212.4,1047.9,1176.4333333333336,1189.2333333333333,26.63,80.7,14,1062.4,951.5
2025-08-13 21:00:00,21,2,0,1062.4,1127.4,1189.5,942.5,1126.4333333333336,1170.0833333333335,26.09,78.9,0,951.5,855.8
2025-08-13 22:00:00,22,2,0,951.5,1062.4,1127.4,836.1,1047.1000000000004,1126.3833333333334,25.45,81.4,0,855.8,781.0
2025-08-13 23:00:00,23,2,0,855.8,951.5,1062.4,747.6,956.566666666667,1066.5,25.25,81.2,0,781.0,708.0
2025-08-14 00:00:00,0,3,0,781.0,855.8,951.5,696.0,862.7666666666669,994.6,25.08,81.1,0,708.0,658.0
2025-08-14 01:00:00,1,3,0,708.0,781.0,855.8,648.1,781.6000000000003,914.35,24.98,82.2,0,658.0,630.9
2025-08-14 02:00:00,2,3,0,658.0,708.0,781.0,611.1,715.666666666667,836.1166666666668,24.47,81.5,0,630.9,581.6
2025-08-14 03:00:00,3,3,0,630.9,658.0,708.0,571.3,665.6333333333336,764.1999999999999,24.58,81.9,0,581.6,557.7
2025-08-14 04:00:00,4,3,0,581.6,630.9,658.0,550.7,623.5000000000002,702.5499999999998,24.57,82.2,0,557.7,528.1
2025-08-14 05:00:00,5,3,0,557.7,581.6,630.9,526.5,590.066666666667,652.8666666666667,24.76,84.6,0,528.1,500.1
2025-08-14 06:00:00,6,3,0,528.1,557.7,581.6,499.0,555.8000000000002,610.7166666666667,25.04,86.6,0,500.1,488.9
2025-08-14 07:00:00,7,3,0,500.1,528.1,557.7,490.8,528.6333333333336,576.0666666666667,25.5,83.7,0,488.9,574.6
2025-08-14 08:00:00,8,3,0,488.9,500.1,528.1,563.3,505.7000000000003,547.8833333333333,25.58,83.6,14,574.6,677.3
2025-08-14 09:00:00,9,3,0,574.6,488.9,500.1,666.5,521.2000000000003,538.5,26.18,79.5,22,677.3,804.3
2025-08-14 10:00:00,10,3,0,677.3,574.6,488.9,793.4,580.2666666666669,554.4499999999999,26.47,80.6,29,804.3,909.8
2025-08-14 11:00:00,11,3,0,804.3,677.3,574.6,913.3,685.4000000000002,595.5500000000001,27.17,82.5,34,909.8,1025.8
2025-08-14 12:00:00,12,3,0,909.8,804.3,677.3,1016.9,797.1333333333336,659.1666666666666,27.69,80.4,37,1025.8,1121.7
2025-08-14 13:00:00,13,3,0,1025.8,909.8,804.3,1104.8,913.3000000000002,746.7833333333333,28.08,78.5,39,1121.7,1185.1
2025-08-14 14:00:00,14,3,0,1121.7,1025.8,909.8,1177.3,1019.1000000000004,852.25,28.3,77.5,40,1185.1,1214.9
2025-08-14 15:00:00,15,3,0,1185.1,1121.7,1025.8,1213.7,1110.8666666666668,953.9999999999999,28.21,78.0,39,1214.9,1219.2
2025-08-14 16:00:00,16,3,0,1214.9,1185.1,1121.7,1215.1,1173.9000000000003,1043.6000000000001,28.05,79.4,37,1219.2,1200.0
2025-08-14 17:00:00,17,3,0,1219.2,1214.9,1185.1,1212.4,1206.4000000000003,1112.75,28.03,80.3,34,1200.0,1175.7
2025-08-14 18:00:00,18,3,0,1200.0,1219.2,1214.9,1189.5,1211.366666666667,1161.1166666666666,27.8,78.7,29,1175.7,1123.6
2025-08-14 19:00:00,19,3,0,1175.7,1200.0,1219.2,1127.4,1198.3000000000002,1186.1,27.79,79.1,22,1123.6,1057.7
2025-08-14 20:00:00,20,3,0,1123.6,1175.7,1200.0,1062.4,1166.4333333333336,1186.4166666666667,27.15,81.2,14,1057.7,937.2
2025-08-14 21:00:00,21,3,0,1057.7,1123.6,1175.7,951.5,1119.0000000000002,1165.1833333333334,26.2,79.1,0,937.2,847.7
2025-08-14 22:00:00,22,3,0,937.2,1057.7,1123.6,855.8,1039.5000000000002,1118.8999999999999,25.93,78.6,0,847.7,775.5
2025-08-14 23:00:00,23,3,0,847.7,937.2,1057.7,781.0,947.5333333333338,1056.9833333333333,25.37,79.3,0,775.5,706.0
2025-08-15 00:00:00,0,4,0,775.5,847.7,937.2,708.0,853.466666666667,986.2333333333332,24.67,80.6,0,706.0,659.4
2025-08-15 01:00:00,1,4,0,706.0,775.5,847.7,658.0,776.4000000000002,907.9500000000002,24.46,81.2,0,659.4,617.1
2025-08-15 02:00:00,2,4,0,659.4,706.0,775.5,630.9,713.6333333333337,830.5833333333334,23.95,82.4,0,617.1,588.1
2025-08-15 03:00:00,3,4,0,617.1,659.4,706.0,581.6,660.8333333333336,757.15,24.23,81.9,0,588.1,551.6
2025-08-15 04:00:00,4,4,0,588.1,617.1,659.4,557.7,621.5333333333336,698.9666666666667,24.26,82.0,0,551.6,526.0
2025-08-15 05:00:00,5,4,0,551.6,588.1,617.1,528.1,585.6000000000003,649.6166666666667,24.07,79.0,0,526.0,506.0
2025-08-15 06:00:00,6,4,0,526.0,551.6,588.1,500.1,555.2333333333337,608.0333333333333,24.62,80.1,0,506.0,482.6
2025-08-15 07:00:00,7,4,0,506.0,526.0,551.6,488.9,527.8666666666669,574.6999999999999,25.12,79.0,0,482.6,549.0
2025-08-15 08:00:00,8,4,0,482.6,506.0,526.0,574.6,504.86666666666696,545.2333333333333,25.48,81.0,14,549.0,686.2
2025-08-15 09:00:00,9,4,0,549.0,482.6,506.0,677.3,512.5333333333336,533.8833333333333,25.99,82.9,22,686.2,801.8
2025-08-15 10:00:00,10,4,0,686.2,549.0,482.6,804.3,572.6000000000004,550.2333333333333,26.55,83.1,29,801.8,923.8
2025-08-15 11:00:00,11,4,0,801.8,686.2,549.0,909.8,679.0000000000003,591.9333333333334,27.05,82.3,34,923.8,1018.7
2025-08-15 12:00:00,12,4,0,923.8,801.8,686.2,1025.8,803.9333333333337,658.2333333333333,27.48,84.5,37,1018.7,1102.6
2025-08-15 13:00:00,13,4,0,1018.7,923.8,801.8,1121.7,914.7666666666669,743.6833333333333,27.73,81.2,39,1102.6,1170.0
2025-08-15 14:00:00,14,4,0,1102.6,1018.7,923.8,1185.1,1015.0333333333336,847.0166666666668,28.41,81.0,40,1170.0,1211.4
2025-08-15 15:00:00,15,4,0,1170.0,1102.6,1018.7,1214.9,1097.1000000000001,950.5166666666668,28.35,81.6,39,1211.4,1218.9
2025-08-15 16:00:00,16,4,0,1211.4,1170.0,1102.6,1219.2,1161.3333333333337,1038.05,28.22,81.3,37,1218.9,1205.9
2025-08-15 17:00:00,17,4,0,1218.9,1211.4,1170.0,1200.0,1200.1000000000004,1107.5666666666666,28.11,82.5,34,1205.9,1176.5
2025-08-15 18:00:00,18,4,0,1205.9,1218.9,1211.4,1175.7,1212.066666666667,1154.5833333333333,27.78,85.3,29,1176.5,1133.3
2025-08-15 19:00:00,19,4,0,1176.5,1205.9,1218.9,1123.6,1200.4333333333336,1180.8833333333334,27.44,86.1,22,1133.3,1058.4
2025-08-15 20:00:00,20,4,0,1133.3,1176.5,1205.9,1057.7,1171.9000000000003,1186.0000000000002,26.87,84.6,14,1058.4,944.0
2025-08-15 21:00:00,21,4,0,1058.4,1133.3,1176.5,937.2,1122.7333333333336,1167.3999999999999,26.24,83.8,0,944.0,848.4
2025-08-15 22:00:00,22,4,0,944.0,1058.4,1133.3,847.7,1045.2333333333336,1122.8333333333333,25.61,85.6,0,848.4,769.1
2025-08-15 23:00:00,23,4,0,848.4,944.0,1058.4,775.5,950.266666666667,1061.0833333333335,24.85,85.0,0,769.1,702.6
2025-08-16 00:00:00,0,5,1,769.1,848.4,944.0,706.0,853.8333333333336,988.2833333333333,24.53,85.5,0,702.6,654.8
2025-08-16 01:00:00,1,5,1,702.6,769.1,848.4,659.4,773.3666666666669,909.3000000000001,24.36,86.5,0,654.8,612.1
2025-08-16 02:00:00,2,5,1,654.8,702.6,769.1,617.1,708.8333333333336,829.5500000000001,24.55,83.7,0,612.1,577.8
2025-08-16 03:00:00,3,5,1,612.1,654.8,702.6,588.1,656.5000000000003,755.1666666666666,24.15,87.8,0,577.8,559.4
2025-08-16 04:00:00,4,5,1,577.8,612.1,654.8,551.6,614.9000000000003,694.1333333333333,24.14,88.7,0,559.4,537.0
2025-08-16 05:00:00,5,5,1,559.4,577.8,612.1,526.0,583.1000000000004,645.9666666666667,24.93,88.6,0,537.0,506.2
2025-08-16 06:00:00,6,5,1,537.0,559.4,577.8,506.0,558.066666666667,607.2833333333333,25.11,85.8,0,506.2,492.0
2025-08-16 07:00:00,7,5,1,506.2,537.0,559.4,482.6,534.2000000000003,574.55,25.37,83.3,0,492.0,472.1
2025-08-16 08:00:00,8,5,1,492.0,506.2,537.0,549.0,511.7333333333336,547.4166666666666,25.93,83.2,0,472.1,537.2
2025-08-16 09:00:00,9,5,1,472.1,492.0,506.2,686.2,490.1000000000003,524.0833333333333,26.06,82.2,10,537.2,615.1
2025-08-16 10:00:00,10,5,1,537.2,472.1,492.0,801.8,500.4333333333336,517.3166666666667,26.8,79.6,16,615.1,692.7
2025-08-16 11:00:00,11,5,1,615.1,537.2,472.1,923.8,541.466666666667,526.6,27.07,82.2,19,692.7,747.0
2025-08-16 12:00:00,12,5,1,692.7,615.1,537.2,1018.7,615.0000000000003,552.5500000000001,27.29,79.6,20,747.0,766.0
2025-08-16 13:00:00,13,5,1,747.0,692.7,615.1,1102.6,684.9333333333337,592.6833333333334,28.16,78.4,19,766.0,770.6
2025-08-16 14:00:00,14,5,1,766.0,747.0,692.7,1170.0,735.2333333333337,638.35,28.46,77.3,16,770.6,743.1
2025-08-16 15:00:00,15,5,1,770.6,766.0,747.0,1211.4,761.2000000000003,688.1,28.45,78.6,10,743.1,683.6
2025-08-16 16:00:00,16,5,1,743.1,770.6,766.0,1218.9,759.9000000000002,722.4166666666666,28.32,78.5,0,683.6,626.5
2025-08-16 17:00:00,17,5,1,683.6,743.1,770.6,1205.9,732.4333333333337,733.8333333333334,28.28,80.3,0,626.5,592.7
2025-08-16 18:00:00,18,5,1,626.5,683.6,743.1,1176.5,684.4000000000002,722.8000000000001,27.54,79.6,0,592.7,558.8
2025-08-16 19:00:00,19,5,1,592.7,626.5,683.6,1133.3,634.266666666667,697.0833333333334,27.54,78.3,0,558.8,537.8
2025-08-16 20:00:00,20,5,1,558.8,592.7,626.5,1058.4,592.666666666667,662.5500000000001,26.92,78.3,0,537.8,514.5
2025-08-16 21:00:00,21,5,1,537.8,558.8,592.7,944.0,563.1000000000003,623.75,26.48,79.4,0,514.5,500.6
2025-08-16 22:00:00,22,5,1,514.5,537.8,558.8,848.4,537.0333333333336,585.65,26.21,80.4,0,500.6,481.6
2025-08-16 23:00:00,23,5,1,500.6,514.5,537.8,769.1,517.6333333333337,555.15,25.25,85.7,0,481.6,478.4
2025-08-17 00:00:00,0,6,1,481.6,500.6,514.5,702.6,498.9000000000003,531.0,25.12,84.7,0,478.4,471.4
2025-08-17 01:00:00,1,6,1,478.4,481.6,500.6,654.8,486.86666666666696,511.95,24.85,84.8,0,471.4,463.4
2025-08-17 02:00:00,2,6,1,471.4,478.4,481.6,612.1,477.13333333333367,497.38333333333327,24.34,83.3,0,463.4,453.1
2025-08-17 03:00:00,3,6,1,463.4,471.4,478.4,577.8,471.0666666666669,484.98333333333335,24.3,83.8,0,453.1,443.1
2025-08-17 04:00:00,4,6,1,453.1,463.4,471.4,559.4,462.63333333333367,474.75,24.51,84.4,0,443.1,447.7
2025-08-17 05:00:00,5,6,1,443.1,453.1,463.4,537.0,453.2000000000003,465.1666666666667,24.76,84.6,0,447.7,441.9
2025-08-17 06:00:00,6,6,1,447.7,443.1,453.1,506.2,447.966666666667,459.51666666666665,24.82,85.5,0,441.9,441.7
2025-08-17 07:00:00,7,6,1,441.9,447.7,443.1,492.0,444.23333333333363,453.43333333333334,25.28,85.9,0,441.7,433.1
2025-08-17 08:00:00,8,6,1,441.7,441.9,447.7,472.1,443.76666666666694,448.48333333333335,25.49,86.0,0,433.1,437.0
2025-08-17 09:00:00,9,6,1,433.1,441.7,441.9,537.2,438.90000000000026,443.43333333333334,26.27,84.2,0,437.0,433.8
2025-08-17 10:00:00,10,6,1,437.0,433.1,441.7,615.1,437.26666666666705,440.75,26.65,82.6,0,433.8,428.9
2025-08-17 11:00:00,11,6,1,433.8,437.0,433.1,692.7,434.63333333333367,439.20000000000005,27.27,81.5,0,428.9,428.8
2025-08-17 12:00:00,12,6,1,428.9,433.8,437.0,747.0,433.23333333333363,436.0666666666666,27.08,80.5,0,428.8,432.3
2025-08-17 13:00:00,13,6,1,428.8,428.9,433.8,766.0,430.5000000000003,433.8833333333334,27.47,77.8,0,432.3,442.3
2025-08-17 14:00:00,14,6,1,432.3,428.8,428.9,770.6,430.0000000000003,432.31666666666666,27.39,78.5,0,442.3,432.2
2025-08-17 15:00:00,15,6,1,442.3,432.3,428.8,743.1,434.466666666667,433.84999999999997,27.66,78.2,0,432.2,428.3
2025-08-17 16:00:00,16,6,1,432.2,442.3,432.3,683.6,435.6000000000003,433.05,28.26,78.5,0,428.3,423.6
2025-08-17 17:00:00,17,6,1,428.3,432.2,442.3,626.5,434.26666666666705,432.13333333333327,28.12,78.7,0,423.6,413.6
2025-08-17 18:00:00,18,6,1,423.6,428.3,432.2,592.7,428.0333333333336,431.25,27.56,77.8,0,413.6,421.8
2025-08-17 19:00:00,19,6,1,413.6,423.6,428.3,558.8,421.83333333333366,428.7166666666667,27.06,79.1,0,421.8,410.4
2025-08-17 20:00:00,20,6,1,421.8,413.6,423.6,537.8,419.66666666666697,426.96666666666664,26.47,80.0,0,410.4,422.0
2025-08-17 21:00:00,21,6,1,410.4,421.8,413.6,514.5,415.26666666666694,421.65000000000003,26.45,81.3,0,422.0,419.0
2025-08-17 22:00:00,22,6,1,422.0,410.4,421.8,500.6,418.066666666667,419.95,25.92,82.6,0,419.0,415.2
2025-08-17 23:00:00,23,6,1,419.0,422.0,410.4,481.6,417.13333333333367,418.40000000000003,25.39,84.0,0,415.2,426.3
2025-08-18 00:00:00,0,0,0,415.2,419.0,422.0,478.4,418.7333333333336,417.0,25.12,84.2,0,426.3,421.4
2025-08-18 01:00:00,1,0,0,426.3,415.2,419.0,471.4,420.16666666666697,419.1166666666666,24.69,85.3,0,421.4,425.5
2025-08-18 02:00:00,2,0,0,421.4,426.3,415.2,463.4,420.9666666666669,419.05,24.3,86.4,0,425.5,430.9
2025-08-18 03:00:00,3,0,0,425.5,421.4,426.3,453.1,424.4000000000003,421.56666666666666,24.19,85.6,0,430.9,431.0
2025-08-18 04:00:00,4,0,0,430.9,425.5,421.4,443.1,425.9333333333336,423.05,24.55,84.1,0,431.0,423.0
2025-08-18 05:00:00,5,0,0,431.0,430.9,425.5,447.7,429.1333333333336,425.05,24.5,83.8,0,423.0,422.0
2025-08-18 06:00:00,6,0,0,423.0,431.0,430.9,441.9,428.30000000000024,426.3500000000001,24.77,86.9,0,422.0,427.8
2025-08-18 07:00:00,7,0,0,422.0,423.0,431.0,441.7,425.33333333333366,425.6333333333334,25.39,86.1,0,427.8,526.7
2025-08-18 08:00:00,8,0,0,427.8,422.0,423.0,433.1,424.26666666666705,426.7,25.69,85.7,14,526.7,641.2
2025-08-18 09:00:00,9,0,0,526.7,427.8,422.0,437.0,458.83333333333366,443.56666666666666,25.91,83.9,22,641.2,763.5
2025-08-18 10:00:00,10,0,0,641.2,526.7,427.8,433.8,531.9000000000004,478.6166666666666,26.76,86.7,29,763.5,898.9
2025-08-18 11:00:00,11,0,0,763.5,641.2,526.7,428.9,643.8000000000003,534.0333333333333,27.18,88.0,34,898.9,1019.6
2025-08-18 12:00:00,12,0,0,898.9,763.5,641.2,428.8,767.8666666666671,613.35,27.17,83.5,37,1019.6,1110.1
2025-08-18 13:00:00,13,0,0,1019.6,898.9,763.5,432.3,894.0000000000003,712.9499999999999,28.2,79.6,39,1110.1,1172.0
2025-08-18 14:00:00,14,0,0,1110.1,1019.6,898.9,442.3,1009.5333333333336,826.6666666666666,27.98,79.1,40,1172.0,1216.1
2025-08-18 15:00:00,15,0,0,1172.0,1110.1,1019.6,432.2,1100.5666666666668,934.2166666666667,28.35,77.4,39,1216.1,1224.3
2025-08-18 16:00:00,16,0,0,1216.1,1172.0,1110.1,428.3,1166.0666666666668,1030.033333333333,27.96,77.3,37,1224.3,1209.2
2025-08-18 17:00:00,17,0,0,1224.3,1216.1,1172.0,423.6,1204.1333333333334,1106.8333333333333,27.68,76.2,34,1209.2,1190.9
2025-08-18 18:00:00,18,0,0,1209.2,1224.3,1216.1,413.6,1216.5333333333335,1158.55,27.28,77.5,29,1190.9,1141.0
2025-08-18 19:00:00,19,0,0,1190.9,1209.2,1224.3,421.8,1208.1333333333337,1187.1,26.63,76.9,22,1141.0,1070.5
2025-08-18 20:00:00,20,0,0,1141.0,1190.9,1209.2,410.4,1180.366666666667,1192.25,26.64,79.6,14,1070.5,952.6
2025-08-18 21:00:00,21,0,0,1070.5,1141.0,1190.9,422.0,1134.1333333333337,1175.3333333333333,26.14,82.0,0,952.6,866.1
2025-08-18 22:00:00,22,0,0,952.6,1070.5,1141.0,419.0,1054.7000000000003,1131.4166666666667,25.3,82.0,0,866.1,780.3
2025-08-18 23:00:00,23,0,0,866.1,952.6,1070.5,415.2,963.066666666667,1071.7166666666667,24.95,84.9,0,780.3,702.8
2025-08-19 00:00:00,0,1,0,780.3,866.1,952.6,426.3,866.3333333333336,1000.2333333333335,24.64,82.7,0,702.8,648.6
2025-08-19 01:00:00,1,1,0,702.8,780.3,866.1,421.4,783.066666666667,918.8833333333333,24.12,83.6,0,648.6,614.0
2025-08-19 02:00:00,2,1,0,648.6,702.8,780.3,425.5,710.566666666667,836.8166666666666,24.16,86.0,0,614.0,588.2
2025-08-19 03:00:00,3,1,0,614.0,648.6,702.8,430.9,655.1333333333337,760.7333333333332,24.18,86.8,0,588.2,543.2
2025-08-19 04:00:00,4,1,0,588.2,614.0,648.6,431.0,616.9333333333337,700.0,24.11,86.1,0,543.2,514.5
2025-08-19 05:00:00,5,1,0,543.2,588.2,614.0,423.0,581.8000000000003,646.1833333333333,24.54,87.6,0,514.5,501.1
2025-08-19 06:00:00,6,1,0,514.5,543.2,588.2,422.0,548.6333333333337,601.8833333333333,24.9,83.5,0,501.1,495.0
2025-08-19 07:00:00,7,1,0,501.1,514.5,543.2,427.8,519.6000000000003,568.2666666666667,25.38,84.0,0,495.0,577.6
2025-08-19 08:00:00,8,1,0,495.0,501.1,514.5,526.7,503.5333333333336,542.6666666666666,25.44,82.2,14,577.6,682.7
2025-08-19 09:00:00,9,1,0,577.6,495.0,501.1,641.2,524.566666666667,536.6,26.49,78.8,22,682.7,802.2
2025-08-19 10:00:00,10,1,0,682.7,577.6,495.0,763.5,585.1000000000003,552.35,26.77,78.5,29,802.2,920.0
2025-08-19 11:00:00,11,1,0,802.2,682.7,577.6,898.9,687.5000000000003,595.5166666666667,27.37,78.8,34,920.0,1030.6
2025-08-19 12:00:00,12,1,0,920.0,802.2,682.7,1019.6,801.6333333333337,663.1,27.6,76.4,37,1030.6,1108.2
2025-08-19 13:00:00,13,1,0,1030.6,920.0,802.2,1110.1,917.6000000000004,751.35,27.92,76.9,39,1108.2,1176.0
2025-08-19 14:00:00,14,1,0,1108.2,1030.6,920.0,1172.0,1019.6000000000004,853.5500000000001,28.04,76.1,40,1176.0,1215.2
2025-08-19 15:00:00,15,1,0,1176.0,1108.2,1030.6,1216.1,1104.9333333333336,953.2833333333333,28.29,78.2,39,1215.2,1229.9
2025-08-19 16:00:00,16,1,0,1215.2,1176.0,1108.2,1224.3,1166.466666666667,1042.0333333333333,28.18,79.3,37,1229.9,1210.3
2025-08-19 17:00:00,17,1,0,1229.9,1215.2,1176.0,1209.2,1207.0333333333335,1113.3166666666666,27.83,79.1,34,1210.3,1175.8
2025-08-19 18:00:00,18,1,0,1210.3,1229.9,1215.2,1190.9,1218.4666666666672,1161.7,27.83,80.5,29,1175.8,1136.0
2025-08-19 19:00:00,19,1,0,1175.8,1210.3,1229.9,1141.0,1205.3333333333337,1185.9,27.32,82.6,22,1136.0,1061.6
2025-08-19 20:00:00,20,1,0,1136.0,1175.8,1210.3,1070.5,1174.0333333333335,1190.5333333333333,26.5,82.5,14,1061.6,947.9
2025-08-19 21:00:00,21,1,0,1061.6,1136.0,1175.8,952.6,1124.466666666667,1171.4666666666665,26.38,82.4,0,947.9,848.1
2025-08-19 22:00:00,22,1,0,947.9,1061.6,1136.0,866.1,1048.5000000000002,1126.9166666666667,25.98,82.0,0,848.1,780.2
2025-08-19 23:00:00,23,1,0,848.1,947.9,1061.6,780.3,952.5333333333336,1063.2833333333335,25.33,81.0,0,780.2,708.4
2025-08-20 00:00:00,0,2,0,780.2,848.1,947.9,702.8,858.7333333333336,991.6,24.47,83.9,0,708.4,659.7
2025-08-20 01:00:00,1,2,0,708.4,780.2,848.1,648.6,778.9000000000002,913.6999999999999,24.01,85.6,0,659.7,615.5
2025-08-20 02:00:00,2,2,0,659.7,708.4,780.2,614.0,716.1000000000004,834.3166666666666,23.98,83.7,0,615.5,585.6
2025-08-20 03:00:00,3,2,0,615.5,659.7,708.4,588.2,661.2000000000003,759.9666666666667,24.11,83.6,0,585.6,549.5
2025-08-20 04:00:00,4,2,0,585.6,615.5,659.7,543.2,620.266666666667,699.5833333333334,23.79,82.7,0,549.5,528.3
2025-08-20 05:00:00,5,2,0,549.5,585.6,615.5,514.5,583.5333333333336,649.8166666666667,24.47,81.9,0,528.3,514.2
2025-08-20 06:00:00,6,2,0,528.3,549.5,585.6,501.1,554.4666666666669,607.8333333333334,24.81,79.7,0,514.2,501.4
2025-08-20 07:00:00,7,2,0,514.2,528.3,549.5,495.0,530.666666666667,575.4666666666667,25.17,80.9,0,501.4,565.9
2025-08-20 08:00:00,8,2,0,501.4,514.2,528.3,577.6,514.6333333333337,549.0833333333334,25.59,82.0,14,565.9,673.9
2025-08-20 09:00:00,9,2,0,565.9,501.4,514.2,682.7,527.166666666667,540.8166666666666,26.17,83.1,22,673.9,799.1
2025-08-20 10:00:00,10,2,0,673.9,565.9,501.4,802.2,580.4000000000002,555.5333333333333,26.53,85.0,29,799.1,911.0
2025-08-20 11:00:00,11,2,0,799.1,673.9,565.9,920.0,679.6333333333336,597.1333333333333,26.92,85.2,34,911.0,1012.6
2025-08-20 12:00:00,12,2,0,911.0,799.1,673.9,1030.6,794.666666666667,660.9166666666666,27.44,82.4,37,1012.6,1110.5
2025-08-20 13:00:00,13,2,0,1012.6,911.0,799.1,1108.2,907.566666666667,743.9833333333332,27.59,79.5,39,1110.5,1182.2
2025-08-20 14:00:00,14,2,0,1110.5,1012.6,911.0,1176.0,1011.3666666666669,845.5,27.8,78.9,40,1182.2,1218.5
2025-08-20 15:00:00,15,2,0,1182.2,1110.5,1012.6,1215.2,1101.766666666667,948.2166666666667,28.07,78.2,39,1218.5,1228.6
2025-08-20 16:00:00,16,2,0,1218.5,1182.2,1110.5,1229.9,1170.4000000000003,1038.9833333333333,27.92,81.5,37,1228.6,1207.4
2025-08-20 17:00:00,17,2,0,1228.6,1218.5,1182.2,1210.3,1209.766666666667,1110.5666666666668,28.07,81.4,34,1207.4,1189.0
2025-08-20 18:00:00,18,2,0,1207.4,1228.6,1218.5,1175.8,1218.166666666667,1159.9666666666667,27.35,82.5,29,1189.0,1131.1
2025-08-20 19:00:00,19,2,0,1189.0,1207.4,1228.6,1136.0,1208.3333333333337,1189.3666666666666,26.98,82.1,22,1131.1,1066.5
2025-08-20 20:00:00,20,2,0,1131.1,1189.0,1207.4,1061.6,1175.8333333333337,1192.8,26.6,80.9,14,1066.5,951.3
2025-08-20 21:00:00,21,2,0,1066.5,1131.1,1189.0,947.9,1128.866666666667,1173.5166666666667,26.02,81.8,0,951.3,856.4
2025-08-20 22:00:00,22,2,0,951.3,1066.5,1131.1,848.1,1049.6333333333337,1128.9833333333333,25.82,80.9,0,856.4,776.7
2025-08-20 23:00:00,23,2,0,856.4,951.3,1066.5,780.2,958.066666666667,1066.95,25.1,82.9,0,776.7,705.7
2025-08-21 00:00:00,0,3,0,776.7,856.4,951.3,708.4,861.466666666667,995.1666666666666,24.49,82.8,0,705.7,654.7
2025-08-21 01:00:00,1,3,0,705.7,776.7,856.4,659.7,779.6000000000004,914.6166666666667,24.29,83.3,0,654.7,612.1
2025-08-21 02:00:00,2,3,0,654.7,705.7,776.7,615.5,712.3666666666669,835.2166666666667,24.07,86.5,0,612.1,588.6
2025-08-21 03:00:00,3,3,0,612.1,654.7,705.7,585.6,657.5000000000003,759.4833333333332,24.32,84.9,0,588.6,558.2
2025-08-21 04:00:00,4,3,0,588.6,612.1,654.7,549.5,618.466666666667,699.0333333333333,24.65,85.8,0,558.2,528.4
2025-08-21 05:00:00,5,3,0,558.2,588.6,612.1,528.3,586.3000000000003,649.3333333333334,24.84,84.3,0,528.4,508.4
2025-08-21 06:00:00,6,3,0,528.4,558.2,588.6,514.2,558.4000000000003,607.95,25.03,83.7,0,508.4,500.4
2025-08-21 07:00:00,7,3,0,508.4,528.4,558.2,501.4,531.666666666667,575.0666666666667,25.39,84.2,0,500.4,580.4
2025-08-21 08:00:00,8,3,0,500.4,508.4,528.4,565.9,512.4000000000003,549.35,25.63,83.7,14,580.4,680.4
2025-08-21 09:00:00,9,3,0,580.4,500.4,508.4,673.9,529.7333333333336,544.0666666666666,26.51,83.8,22,680.4,800.8
2025-08-21 10:00:00,10,3,0,680.4,580.4,500.4,799.1,587.066666666667,559.3666666666667,26.69,83.4,29,800.8,920.4
2025-08-21 11:00:00,11,3,0,800.8,680.4,580.4,911.0,687.2000000000003,599.8000000000001,26.8,83.4,34,920.4,1029.8
2025-08-21 12:00:00,12,3,0,920.4,800.8,680.4,1012.6,800.5333333333336,665.1333333333333,27.31,82.9,37,1029.8,1114.8
2025-08-21 13:00:00,13,3,0,1029.8,920.4,800.8,1110.5,917.0000000000003,752.0333333333333,27.42,82.6,39,1114.8,1179.8
2025-08-21 14:00:00,14,3,0,1114.8,1029.8,920.4,1182.2,1021.666666666667,854.4333333333334,27.94,80.2,40,1179.8,1210.0
2025-08-21 15:00:00,15,3,0,1179.8,1114.8,1029.8,1218.5,1108.1333333333334,954.3333333333334,28.16,78.8,39,1210.0,1224.9
2025-08-21 16:00:00,16,3,0,1210.0,1179.8,1114.8,1228.6,1168.2000000000003,1042.6000000000001,28.18,79.7,37,1224.9,1209.7
2025-08-21 17:00:00,17,3,0,1224.9,1210.0,1179.8,1207.4,1204.9000000000003,1113.2833333333333,27.58,81.3,34,1209.7,1188.0
2025-08-21 18:00:00,18,3,0,1209.7,1224.9,1210.0,1189.0,1214.866666666667,1161.5,27.64,79.2,29,1188.0,1139.5
2025-08-21 19:00:00,19,3,0,1188.0,1209.7,1224.9,1131.1,1207.5333333333338,1187.8666666666666,27.63,79.3,22,1139.5,1060.8
2025-08-21 20:00:00,20,3,0,1139.5,1188.0,1209.7,1066.5,1179.0666666666668,1191.9833333333333,26.91,80.0,14,1060.8,948.2
2025-08-21 21:00:00,21,3,0,1060.8,1139.5,1188.0,951.3,1129.4333333333336,1172.15,26.43,82.2,0,948.2,849.4
2025-08-21 22:00:00,22,3,0,948.2,1060.8,1139.5,856.4,1049.5000000000002,1128.5166666666667,25.98,81.7,0,849.4,774.9
2025-08-21 23:00:00,23,3,0,849.4,948.2,1060.8,776.7,952.8000000000003,1065.9333333333334,25.18,85.6,0,774.9,696.9
2025-08-22 00:00:00,0,4,0,774.9,849.4,948.2,705.7,857.5000000000003,993.4666666666667,24.82,85.7,0,696.9,655.0
2025-08-22 01:00:00,1,4,0,696.9,774.9,849.4,654.7,773.7333333333336,911.6166666666667,24.32,85.8,0,655.0,617.5
2025-08-22 02:00:00,2,4,0,655.0,696.9,774.9,612.1,708.9333333333335,830.8666666666667,24.45,85.6,0,617.5,578.0
2025-08-22 03:00:00,3,4,0,617.5,655.0,696.9,588.6,656.466666666667,756.9833333333332,24.29,82.0,0,578.0,563.3
2025-08-22 04:00:00,4,4,0,578.0,617.5,655.0,558.2,616.8333333333336,695.2833333333333,24.06,83.9,0,563.3,538.3
2025-08-22 05:00:00,5,4,0,563.3,578.0,617.5,528.4,586.2666666666669,647.6,24.2,84.7,0,538.3,514.9
2025-08-22 06:00:00,6,4,0,538.3,563.3,578.0,508.4,559.8666666666669,608.1666666666666,24.26,86.0,0,514.9,500.4
2025-08-22 07:00:00,7,4,0,514.9,538.3,563.3,500.4,538.8333333333336,577.8333333333334,24.76,84.9,0,500.4,573.2
2025-08-22 08:00:00,8,4,0,500.4,514.9,538.3,580.4,517.8666666666669,552.0666666666666,25.52,84.8,14,573.2,681.8
2025-08-22 09:00:00,9,4,0,573.2,500.4,514.9,680.4,529.5000000000003,544.6833333333333,25.96,85.4,22,681.8,802.7
2025-08-22 10:00:00,10,4,0,681.8,573.2,500.4,800.8,585.1333333333336,561.9833333333332,26.78,83.6,29,802.7,915.6
2025-08-22 11:00:00,11,4,0,802.7,681.8,573.2,920.4,685.9000000000002,601.8833333333333,27.46,80.3,34,915.6,1018.2
2025-08-22 12:00:00,12,4,0,915.6,802.7,681.8,1029.8,800.0333333333336,664.7666666666667,28.17,79.5,37,1018.2,1117.1
2025-08-22 13:00:00,13,4,0,1018.2,915.6,802.7,1114.8,912.166666666667,748.65,28.25,78.5,39,1117.1,1176.8
2025-08-22 14:00:00,14,4,0,1117.1,1018.2,915.6,1179.8,1016.9666666666668,851.4333333333334,28.12,78.1,40,1176.8,1211.7
2025-08-22 15:00:00,15,4,0,1176.8,1117.1,1018.2,1210.0,1104.0333333333335,952.0333333333334,27.86,78.4,39,1211.7,1222.0
2025-08-22 16:00:00,16,4,0,1211.7,1176.8,1117.1,1224.9,1168.5333333333335,1040.3500000000001,27.8,78.7,37,1222.0,1209.8
2025-08-22 17:00:00,17,4,0,1222.0,1211.7,1176.8,1209.7,1203.5000000000002,1110.2333333333333,27.82,78.5,34,1209.8,1188.4
2025-08-22 18:00:00,18,4,0,1209.8,1222.0,1211.7,1188.0,1214.5000000000002,1159.2666666666667,27.35,79.0,29,1188.4,1129.8
2025-08-22 19:00:00,19,4,0,1188.4,1209.8,1222.0,1139.5,1206.7333333333336,1187.6333333333334,26.89,79.8,22,1129.8,1054.9
2025-08-22 20:00:00,20,4,0,1129.8,1188.4,1209.8,1060.8,1176.0000000000002,1189.75,26.43,82.9,14,1054.9,933.9
2025-08-22 21:00:00,21,4,0,1054.9,1129.8,1188.4,948.2,1124.3666666666668,1169.4333333333334,25.51,83.3,0,933.9,849.9
2025-08-22 22:00:00,22,4,0,933.9,1054.9,1129.8,849.4,1039.5333333333335,1123.1333333333334,25.24,84.9,0,849.9,770.6
2025-08-22 23:00:00,23,4,0,849.9,933.9,1054.9,774.9,946.2333333333336,1061.1166666666666,24.96,87.3,0,770.6,711.0
2025-08-23 00:00:00,0,5,1,770.6,849.9,933.9,696.9,851.4666666666668,987.9166666666666,24.63,88.9,0,711.0,655.9
2025-08-23 01:00:00,1,5,1,711.0,770.6,849.9,655.0,777.1666666666669,908.35,24.44,89.3,0,655.9,612.9
2025-08-23 02:00:00,2,5,1,655.9,711.0,770.6,617.5,712.5000000000003,829.3666666666667,24.29,89.2,0,612.9,584.7
2025-08-23 03:00:00,3,5,1,612.9,655.9,711.0,578.0,659.9333333333335,755.6999999999999,24.34,85.2,0,584.7,555.6
2025-08-23 04:00:00,4,5,1,584.7,612.9,655.9,563.3,617.8333333333336,697.5,24.42,88.8,0,555.6,539.4
2025-08-23 05:00:00,5,5,1,555.6,584.7,612.9,538.3,584.4000000000002,648.4499999999999,24.4,86.5,0,539.4,509.9
2025-08-23 06:00:00,6,5,1,539.4,555.6,584.7,514.9,559.9000000000002,609.9166666666666,24.8,85.3,0,509.9,495.2
2025-08-23 07:00:00,7,5,1,509.9,539.4,555.6,500.4,534.9666666666669,576.4,25.2,82.0,0,495.2,479.2
2025-08-23 08:00:00,8,5,1,495.2,509.9,539.4,573.2,514.8333333333336,549.6166666666667,25.41,82.5,0,479.2,541.1
2025-08-23 09:00:00,9,5,1,479.2,495.2,509.9,681.8,494.7666666666669,527.3333333333334,25.95,83.3,10,541.1,614.5
2025-08-23 10:00:00,10,5,1,541.1,479.2,495.2,802.7,505.1666666666669,520.0666666666667,26.59,83.2,16,614.5,686.4
2025-08-23 11:00:00,11,5,1,614.5,541.1,479.2,915.6,544.9333333333335,529.8833333333333,26.78,84.4,19,686.4,736.8
2025-08-23 12:00:00,12,5,1,686.4,614.5,541.1,1018.2,614.0000000000003,554.3833333333333,27.3,80.3,20,736.8,769.9
2025-08-23 13:00:00,13,5,1,736.8,686.4,614.5,1117.1,679.2333333333336,592.1999999999999,27.94,82.7,19,769.9,765.9
2025-08-23 14:00:00,14,5,1,769.9,736.8,686.4,1176.8,731.0333333333334,637.9833333333333,28.18,82.5,16,765.9,745.6
2025-08-23 15:00:00,15,5,1,765.9,769.9,736.8,1211.7,757.5333333333334,685.7666666666665,28.31,82.4,10,745.6,684.4
2025-08-23 16:00:00,16,5,1,745.6,765.9,769.9,1222.0,760.4666666666668,719.85,28.16,81.4,0,684.4,635.5
2025-08-23 17:00:00,17,5,1,684.4,745.6,765.9,1209.8,731.9666666666668,731.5,27.85,78.0,0,635.5,609.5
2025-08-23 18:00:00,18,5,1,635.5,684.4,745.6,1188.4,688.5000000000001,723.0166666666665,27.38,79.7,0,609.5,573.3
2025-08-23 19:00:00,19,5,1,609.5,635.5,684.4,1129.8,643.1333333333336,701.8000000000001,27.06,80.7,0,573.3,547.4
2025-08-23 20:00:00,20,5,1,573.3,609.5,635.5,1054.9,606.1000000000003,669.0333333333333,26.76,78.9,0,547.4,526.1
2025-08-23 21:00:00,21,5,1,547.4,573.3,609.5,933.9,576.7333333333335,632.6166666666667,26.11,79.9,0,526.1,511.5
2025-08-23 22:00:00,22,5,1,526.1,547.4,573.3,849.9,548.9333333333335,596.0333333333333,25.36,80.3,0,511.5,496.5
2025-08-23 23:00:00,23,5,1,511.5,526.1,547.4,770.6,528.3333333333335,567.2166666666666,24.86,81.0,0,496.5,479.0
2025-08-24 00:00:00,0,6,1,496.5,511.5,526.1,711.0,511.36666666666696,544.05,24.6,83.4,0,479.0,470.2
2025-08-24 01:00:00,1,6,1,479.0,496.5,511.5,655.9,495.6666666666669,522.3,24.51,85.2,0,470.2,466.6
2025-08-24 02:00:00,2,6,1,470.2,479.0,496.5,612.9,481.90000000000026,505.11666666666673,24.07,83.0,0,466.6,460.3
2025-08-24 03:00:00,3,6,1,466.6,470.2,479.0,584.7,471.93333333333356,491.65000000000003,23.83,82.7,0,460.3,454.2
2025-08-24 04:00:00,4,6,1,460.3,466.6,470.2,555.6,465.7000000000003,480.6833333333334,24.12,86.3,0,454.2,448.4
2025-08-24 05:00:00,5,6,1,454.2,460.3,466.6,539.4,460.36666666666684,471.1333333333334,24.2,83.2,0,448.4,448.6
2025-08-24 06:00:00,6,6,1,448.4,454.2,460.3,509.9,454.30000000000024,463.11666666666673,24.69,82.8,0,448.6,454.5
2025-08-24 07:00:00,7,6,1,448.6,448.4,454.2,495.2,450.40000000000026,458.05,25.09,84.5,0,454.5,439.6
2025-08-24 08:00:00,8,6,1,454.5,448.6,448.4,479.2,450.5000000000002,455.43333333333334,25.67,80.3,0,439.6,431.3
2025-08-24 09:00:00,9,6,1,439.6,454.5,448.6,541.1,447.5666666666669,450.93333333333334,26.85,81.3,0,431.3,439.5
2025-08-24 10:00:00,10,6,1,431.3,439.6,454.5,614.5,441.8000000000002,446.1000000000001,27.31,79.6,0,439.5,425.1
2025-08-24 11:00:00,11,6,1,439.5,431.3,439.6,686.4,436.8000000000002,443.65000000000003,27.21,82.2,0,425.1,427.9
2025-08-24 12:00:00,12,6,1,425.1,439.5,431.3,736.8,431.9666666666669,439.76666666666665,27.72,78.5,0,427.9,421.9
2025-08-24 13:00:00,13,6,1,427.9,425.1,439.5,769.9,430.83333333333354,436.31666666666666,27.61,78.5,0,421.9,427.9
2025-08-24 14:00:00,14,6,1,421.9,427.9,425.1,765.9,424.96666666666687,430.8833333333334,27.93,79.4,0,427.9,429.8
2025-08-24 15:00:00,15,6,1,427.9,421.9,427.9,745.6,425.90000000000026,428.93333333333334,28.09,80.9,0,429.8,428.3
2025-08-24 16:00:00,16,6,1,429.8,427.9,421.9,684.4,426.53333333333353,428.68333333333334,28.43,79.8,0,428.3,424.0
2025-08-24 17:00:00,17,6,1,428.3,429.8,427.9,635.5,428.6666666666669,426.8166666666666,28.41,79.3,0,424.0,432.2
2025-08-24 18:00:00,18,6,1,424.0,428.3,429.8,609.5,427.36666666666696,426.6333333333334,27.89,81.6,0,432.2,430.0
2025-08-24 19:00:00,19,6,1,432.2,424.0,428.3,573.3,428.1666666666669,427.34999999999997,27.24,81.0,0,430.0,424.9
2025-08-24 20:00:00,20,6,1,430.0,432.2,424.0,547.4,428.7333333333336,428.7,26.83,81.8,0,424.9,426.7
2025-08-24 21:00:00,21,6,1,424.9,430.0,432.2,526.1,429.03333333333353,428.20000000000005,26.07,84.1,0,426.7,425.0
2025-08-24 22:00:00,22,6,1,426.7,424.9,430.0,511.5,427.2000000000002,427.68333333333334,25.83,85.0,0,425.0,427.3
2025-08-24 23:00:00,23,6,1,425.0,426.7,424.9,496.5,425.53333333333353,427.1333333333334,24.89,87.3,0,427.3,412.9
2025-08-25 00:00:00,0,0,0,427.3,425.0,426.7,479.0,426.33333333333354,427.6833333333334,24.4,86.9,0,412.9,414.5
2025-08-25 01:00:00,1,0,0,412.9,427.3,425.0,470.2,421.7333333333336,424.46666666666664,24.04,86.6,0,414.5,415.5
2025-08-25 02:00:00,2,0,0,414.5,412.9,427.3,466.6,418.2333333333336,421.88333333333327,23.97,87.1,0,415.5,418.6
2025-08-25 03:00:00,3,0,0,415.5,414.5,412.9,460.3,414.30000000000024,420.3166666666666,23.75,89.0,0,418.6,427.9
2025-08-25 04:00:00,4,0,0,418.6,415.5,414.5,454.2,416.2000000000002,418.9666666666667,24.04,88.8,0,427.9,420.3
2025-08-25 05:00:00,5,0,0,427.9,418.6,415.5,448.4,420.6666666666669,419.45,24.34,85.8,0,420.3,411.6
2025-08-25 06:00:00,6,0,0,420.3,427.9,418.6,448.6,422.2666666666669,418.2833333333333,24.5,82.2,0,411.6,428.3
2025-08-25 07:00:00,7,0,0,411.6,420.3,427.9,454.5,419.93333333333356,418.06666666666666,24.73,81.6,0,428.3,517.0
2025-08-25 08:00:00,8,0,0,428.3,411.6,420.3,439.6,420.0666666666669,420.36666666666673,25.36,81.4,14,517.0,654.1
2025-08-25 09:00:00,9,0,0,517.0,428.3,411.6,431.3,452.30000000000024,437.28333333333336,26.23,80.4,22,654.1,777.6
2025-08-25 10:00:00,10,0,0,654.1,517.0,428.3,439.5,533.1333333333336,476.5333333333333,26.74,77.3,29,777.6,908.3
2025-08-25 11:00:00,11,0,0,777.6,654.1,517.0,425.1,649.566666666667,534.8166666666667,27.02,78.7,34,908.3,1011.6
2025-08-25 12:00:00,12,0,0,908.3,777.6,654.1,427.9,780.0000000000003,616.15,27.43,80.0,37,1011.6,1115.0
2025-08-25 13:00:00,13,0,0,1011.6,908.3,777.6,421.9,899.166666666667,716.1500000000001,27.8,80.1,39,1115.0,1169.6
2025-08-25 14:00:00,14,0,0,1115.0,1011.6,908.3,427.9,1011.6333333333336,830.6,28.18,77.3,40,1169.6,1214.1
2025-08-25 15:00:00,15,0,0,1169.6,1115.0,1011.6,429.8,1098.7333333333336,939.3666666666667,28.53,79.4,39,1214.1,1217.6
2025-08-25 16:00:00,16,0,0,1214.1,1169.6,1115.0,428.3,1166.2333333333336,1032.6999999999998,28.08,80.6,37,1217.6,1201.9
2025-08-25 17:00:00,17,0,0,1217.6,1214.1,1169.6,424.0,1200.4333333333334,1106.0333333333333,27.66,81.2,34,1201.9,1172.8
2025-08-25 18:00:00,18,0,0,1201.9,1217.6,1214.1,432.2,1211.2,1154.9666666666665,27.38,80.6,29,1172.8,1129.3
2025-08-25 19:00:00,19,0,0,1172.8,1201.9,1217.6,430.0,1197.4333333333336,1181.8333333333333,26.98,82.5,22,1129.3,1068.5
2025-08-25 20:00:00,20,0,0,1129.3,1172.8,1201.9,424.9,1168.0000000000002,1184.2166666666667,26.4,83.1,14,1068.5,948.6
2025-08-25 21:00:00,21,0,0,1068.5,1129.3,1172.8,426.7,1123.5333333333335,1167.3666666666666,25.8,83.7,0,948.6,864.8
2025-08-25 22:00:00,22,0,0,948.6,1068.5,1129.3,425.0,1048.8000000000002,1123.1166666666668,25.3,85.2,0,864.8,768.5
2025-08-25 23:00:00,23,0,0,864.8,948.6,1068.5,427.3,960.6333333333336,1064.3166666666666,24.79,84.0,0,768.5,713.8
2025-08-26 00:00:00,0,1,0,768.5,864.8,948.6,412.9,860.6333333333336,992.0833333333334,24.53,85.7,0,713.8,656.7
2025-08-26 01:00:00,1,1,0,713.8,768.5,864.8,414.5,782.3666666666669,915.5833333333334,24.57,86.7,0,656.7,612.6
2025-08-26 02:00:00,2,1,0,656.7,713.8,768.5,415.5,713.0000000000001,836.8166666666666,24.46,85.2,0,612.6,581.4
2025-08-26 03:00:00,3,1,0,612.6,656.7,713.8,418.6,661.0333333333335,760.8333333333334,24.42,85.6,0,581.4,542.5
2025-08-26 04:00:00,4,1,0,581.4,612.6,656.7,427.9,616.9000000000002,699.6333333333333,24.39,85.4,0,542.5,516.1
2025-08-26 05:00:00,5,1,0,542.5,581.4,612.6,420.3,578.8333333333336,645.9166666666666,24.55,86.1,0,516.1,506.0
2025-08-26 06:00:00,6,1,0,516.1,542.5,581.4,411.6,546.6666666666669,603.85,24.66,84.6,0,506.0,487.7
2025-08-26 07:00:00,7,1,0,506.0,516.1,542.5,428.3,521.5333333333336,569.2166666666667,25.02,84.3,0,487.7,557.2
2025-08-26 08:00:00,8,1,0,487.7,506.0,516.1,517.0,503.2666666666669,541.05,25.43,83.3,14,557.2,669.4
2025-08-26 09:00:00,9,1,0,557.2,487.7,506.0,654.1,516.9666666666668,531.8166666666667,25.77,85.6,22,669.4,789.7
2025-08-26 10:00:00,10,1,0,669.4,557.2,487.7,777.6,571.4333333333335,546.4833333333333,26.3,84.5,29,789.7,928.3
2025-08-26 11:00:00,11,1,0,789.7,669.4,557.2,908.3,672.1000000000003,587.6833333333333,26.95,84.1,34,928.3,1031.2
2025-08-26 12:00:00,12,1,0,928.3,789.7,669.4,1011.6,795.8000000000002,656.3833333333333,27.42,82.0,37,1031.2,1114.8
2025-08-26 13:00:00,13,1,0,1031.2,928.3,789.7,1115.0,916.4000000000002,743.9166666666666,28.04,80.5,39,1114.8,1168.4
2025-08-26 14:00:00,14,1,0,1114.8,1031.2,928.3,1169.6,1024.7666666666669,848.4333333333334,28.2,78.4,40,1168.4,1205.1
2025-08-26 15:00:00,15,1,0,1168.4,1114.8,1031.2,1214.1,1104.8000000000002,950.2999999999998,28.19,75.0,39,1205.1,1220.5
2025-08-26 16:00:00,16,1,0,1205.1,1168.4,1114.8,1217.6,1162.7666666666669,1039.5833333333333,27.85,77.4,37,1220.5,1206.1
2025-08-26 17:00:00,17,1,0,1220.5,1205.1,1168.4,1201.9,1198.0000000000002,1111.3833333333334,27.73,79.0,34,1206.1,1178.1
2025-08-26 18:00:00,18,1,0,1206.1,1220.5,1205.1,1172.8,1210.5666666666668,1157.6833333333332,27.33,80.1,29,1178.1,1119.9
2025-08-26 19:00:00,19,1,0,1178.1,1206.1,1220.5,1129.3,1201.5666666666668,1182.1666666666667,27.11,79.2,22,1119.9,1051.5
2025-08-26 20:00:00,20,1,0,1119.9,1178.1,1206.1,1068.5,1168.0333333333335,1183.0166666666667,26.63,80.7,14,1051.5,942.6
2025-08-26 21:00:00,21,1,0,1051.5,1119.9,1178.1,948.6,1116.5000000000002,1163.5333333333333,26.33,83.5,0,942.6,856.9
2025-08-26 22:00:00,22,1,0,942.6,1051.5,1119.9,864.8,1038.0000000000002,1119.7833333333333,25.5,81.8,0,856.9,778.4
2025-08-26 23:00:00,23,1,0,856.9,942.6,1051.5,768.5,950.3333333333336,1059.1833333333332,25.09,83.8,0,778.4,719.0
2025-08-27 00:00:00,0,2,0,778.4,856.9,942.6,713.8,859.3000000000002,987.9000000000001,24.52,84.6,0,719.0,666.1
2025-08-27 01:00:00,1,2,0,719.0,778.4,856.9,656.7,784.7666666666669,911.3833333333333,24.33,85.9,0,666.1,610.3
2025-08-27 02:00:00,2,2,0,666.1,719.0,778.4,612.6,721.166666666667,835.75,23.98,85.7,0,610.3,579.2
2025-08-27 03:00:00,3,2,0,610.3,666.1,719.0,581.4,665.1333333333336,762.2166666666667,24.17,82.0,0,579.2,551.6
2025-08-27 04:00:00,4,2,0,579.2,610.3,666.1,542.5,618.5333333333335,701.65,24.09,85.3,0,551.6,515.7
2025-08-27 05:00:00,5,2,0,551.6,579.2,610.3,516.1,580.3666666666669,650.7666666666668,24.29,85.4,0,515.7,499.3
2025-08-27 06:00:00,6,2,0,515.7,551.6,579.2,506.0,548.8333333333336,606.9833333333333,24.53,85.9,0,499.3,488.9
2025-08-27 07:00:00,7,2,0,499.3,515.7,551.6,487.7,522.2000000000003,570.3666666666667,24.57,82.8,0,488.9,573.7
2025-08-27 08:00:00,8,2,0,488.9,499.3,515.7,557.2,501.30000000000024,540.8333333333334,25.49,87.0,14,573.7,672.7
2025-08-27 09:00:00,9,2,0,573.7,488.9,499.3,669.4,520.6333333333336,534.7333333333333,25.89,85.2,22,672.7,803.0
2025-08-27 10:00:00,10,2,0,672.7,573.7,488.9,789.7,578.4333333333336,550.3166666666666,26.39,85.7,29,803.0,912.8
2025-08-27 11:00:00,11,2,0,803.0,672.7,573.7,928.3,683.1333333333336,592.2166666666667,26.83,85.1,34,912.8,1020.4
2025-08-27 12:00:00,12,2,0,912.8,803.0,672.7,1031.2,796.166666666667,658.4,27.64,84.5,37,1020.4,1109.6
2025-08-27 13:00:00,13,2,0,1020.4,912.8,803.0,1114.8,912.066666666667,745.25,28.13,84.7,39,1109.6,1163.3
2025-08-27 14:00:00,14,2,0,1109.6,1020.4,912.8,1168.4,1014.2666666666669,848.6999999999999,28.04,80.0,40,1163.3,1200.8
2025-08-27 15:00:00,15,2,0,1163.3,1109.6,1020.4,1205.1,1097.766666666667,946.9666666666667,27.77,82.5,39,1200.8,1219.6
2025-08-27 16:00:00,16,2,0,1200.8,1163.3,1109.6,1220.5,1157.9000000000003,1034.9833333333333,27.76,78.9,37,1219.6,1204.8
2025-08-27 17:00:00,17,2,0,1219.6,1200.8,1163.3,1206.1,1194.5666666666668,1104.4166666666667,27.36,82.1,34,1204.8,1174.7
2025-08-27 18:00:00,18,2,0,1204.8,1219.6,1200.8,1178.1,1208.4000000000003,1153.0833333333333,27.1,83.7,29,1174.7,1137.3
2025-08-27 19:00:00,19,2,0,1174.7,1204.8,1219.6,1119.9,1199.7000000000003,1178.8,26.85,85.4,22,1137.3,1056.6
2025-08-27 20:00:00,20,2,0,1137.3,1174.7,1204.8,1051.5,1172.266666666667,1183.4166666666667,26.54,84.1,14,1056.6,941.5
2025-08-27 21:00:00,21,2,0,1056.6,1137.3,1174.7,942.6,1122.8666666666668,1165.6333333333332,26.11,83.3,0,941.5,847.5
2025-08-27 22:00:00,22,2,0,941.5,1056.6,1137.3,856.9,1045.1333333333334,1122.4166666666667,25.48,84.2,0,847.5,767.2
2025-08-27 23:00:00,23,2,0,847.5,941.5,1056.6,778.4,948.5333333333336,1060.3999999999999,24.96,85.9,0,767.2,701.2
2025-08-28 00:00:00,0,3,0,767.2,847.5,941.5,719.0,852.066666666667,987.4666666666666,24.46,87.3,0,701.2,638.8
2025-08-28 01:00:00,1,3,0,701.2,767.2,847.5,666.1,771.966666666667,908.5500000000001,24.08,86.3,0,638.8,606.4
2025-08-28 02:00:00,2,3,0,638.8,701.2,767.2,610.3,702.4000000000002,825.4666666666666,23.97,86.7,0,606.4,574.5
2025-08-28 03:00:00,3,3,0,606.4,638.8,701.2,579.2,648.8000000000003,750.4333333333334,24.01,83.9,0,574.5,548.5
2025-08-28 04:00:00,4,3,0,574.5,606.4,638.8,551.6,606.566666666667,689.2666666666668,24.27,82.1,0,548.5,536.0
2025-08-28 05:00:00,5,3,0,548.5,574.5,606.4,515.7,576.466666666667,639.4333333333334,24.57,79.0,0,536.0,510.4
2025-08-28 06:00:00,6,3,0,536.0,548.5,574.5,499.3,553.0000000000003,600.9,24.73,81.8,0,510.4,494.2
2025-08-28 07:00:00,7,3,0,510.4,536.0,548.5,488.9,531.6333333333336,569.0999999999999,24.9,82.7,0,494.2,567.2
2025-08-28 08:00:00,8,3,0,494.2,510.4,536.0,573.7,513.5333333333336,545.0,25.33,81.3,14,567.2,678.0
2025-08-28 09:00:00,9,3,0,567.2,494.2,510.4,672.7,523.9333333333337,538.4666666666667,25.61,82.5,22,678.0,805.5
2025-08-28 10:00:00,10,3,0,678.0,567.2,494.2,803.0,579.8000000000003,555.7166666666667,26.61,82.3,29,805.5,924.3
2025-08-28 11:00:00,11,3,0,805.5,678.0,567.2,912.8,683.5666666666671,598.5500000000001,27.23,80.0,34,924.3,1021.2
2025-08-28 12:00:00,12,3,0,924.3,805.5,678.0,1020.4,802.6000000000004,663.2666666666667,27.9,82.4,37,1021.2,1115.5
2025-08-28 13:00:00,13,3,0,1021.2,924.3,805.5,1109.6,917.0000000000003,748.4,27.76,80.7,39,1115.5,1176.1
2025-08-28 14:00:00,14,3,0,1115.5,1021.2,924.3,1163.3,1020.3333333333336,851.9499999999999,27.63,80.0,40,1176.1,1214.4
2025-08-28 15:00:00,15,3,0,1176.1,1115.5,1021.2,1200.8,1104.2666666666669,953.4333333333334,27.88,83.8,39,1214.4,1223.4
2025-08-28 16:00:00,16,3,0,1214.4,1176.1,1115.5,1219.6,1168.666666666667,1042.8333333333333,27.69,84.1,37,1223.4,1209.9
2025-08-28 17:00:00,17,3,0,1223.4,1214.4,1176.1,1204.8,1204.6333333333337,1112.4833333333333,27.38,84.0,34,1209.9,1177.3
2025-08-28 18:00:00,18,3,0,1209.9,1223.4,1214.4,1174.7,1215.9000000000003,1160.0833333333333,27.42,85.1,29,1177.3,1124.0
2025-08-28 19:00:00,19,3,0,1177.3,1209.9,1223.4,1137.3,1203.5333333333338,1186.1000000000001,26.91,83.9,22,1124.0,1059.6
2025-08-28 20:00:00,20,3,0,1124.0,1177.3,1209.9,1056.6,1170.4000000000003,1187.5166666666667,26.86,82.5,14,1059.6,943.7
2025-08-28 21:00:00,21,3,0,1059.6,1124.0,1177.3,941.5,1120.3000000000002,1168.1000000000001,26.66,82.5,0,943.7,850.8
2025-08-28 22:00:00,22,3,0,943.7,1059.6,1124.0,847.5,1042.4333333333336,1122.9833333333333,25.43,84.9,0,850.8,780.6
2025-08-28 23:00:00,23,3,0,850.8,943.7,1059.6,767.2,951.3666666666669,1060.8833333333332,25.16,82.8,0,780.6,708.0
2025-08-29 00:00:00,0,4,0,780.6,850.8,943.7,701.2,858.3666666666669,989.3333333333334,24.51,81.3,0,708.0,653.6
2025-08-29 01:00:00,1,4,0,708.0,780.6,850.8,638.8,779.8000000000003,911.1166666666667,24.07,87.4,0,653.6,610.1
2025-08-29 02:00:00,2,4,0,653.6,708.0,780.6,606.4,714.066666666667,832.7166666666667,23.89,86.9,0,610.1,576.3
2025-08-29 03:00:00,3,4,0,610.1,653.6,708.0,574.5,657.2333333333337,757.8000000000001,24.22,85.7,0,576.3,545.4
2025-08-29 04:00:00,4,4,0,576.3,610.1,653.6,548.5,613.3333333333336,696.5666666666667,24.28,84.3,0,545.4,513.9
2025-08-29 05:00:00,5,4,0,545.4,576.3,610.1,536.0,577.266666666667,645.6666666666666,24.1,83.0,0,513.9,500.7
2025-08-29 06:00:00,6,4,0,513.9,545.4,576.3,510.4,545.2000000000003,601.2166666666667,24.12,80.2,0,500.7,500.4
2025-08-29 07:00:00,7,4,0,500.7,513.9,545.4,494.2,520.0000000000003,566.6666666666666,24.94,82.4,0,500.4,581.5
2025-08-29 08:00:00,8,4,0,500.4,500.7,513.9,567.2,505.0000000000003,541.1333333333333,25.71,82.9,14,581.5,693.2
2025-08-29 09:00:00,9,4,0,581.5,500.4,500.7,678.0,527.5333333333336,536.3666666666667,25.92,82.5,22,693.2,806.1
2025-08-29 10:00:00,10,4,0,693.2,581.5,500.4,805.5,591.7000000000003,555.85,26.62,80.5,29,806.1,929.4
2025-08-29 11:00:00,11,4,0,806.1,693.2,581.5,924.3,693.6000000000004,599.3000000000001,27.09,81.7,34,929.4,1022.2
2025-08-29 12:00:00,12,4,0,929.4,806.1,693.2,1021.2,809.5666666666671,668.5500000000001,27.73,83.4,37,1022.2,1110.4
2025-08-29 13:00:00,13,4,0,1022.2,929.4,806.1,1115.5,919.2333333333337,755.4666666666667,27.87,82.4,39,1110.4,1176.3
2025-08-29 14:00:00,14,4,0,1110.4,1022.2,929.4,1176.1,1020.6666666666671,857.1333333333333,27.88,81.1,40,1176.3,1216.5
2025-08-29 15:00:00,15,4,0,1176.3,1110.4,1022.2,1214.4,1102.9666666666672,956.2666666666668,28.38,80.4,39,1216.5,1228.2
2025-08-29 16:00:00,16,4,0,1216.5,1176.3,1110.4,1223.4,1167.7333333333338,1043.4833333333333,27.72,81.8,37,1228.2,1212.4
2025-08-29 17:00:00,17,4,0,1228.2,1216.5,1176.3,1209.9,1207.0000000000002,1113.8333333333333,27.71,84.7,34,1212.4,1187.3
2025-08-29 18:00:00,18,4,0,1212.4,1228.2,1216.5,1177.3,1219.0333333333338,1161.0,27.25,85.1,29,1187.3,1135.8
2025-08-29 19:00:00,19,4,0,1187.3,1212.4,1228.2,1124.0,1209.3000000000004,1188.5166666666667,27.26,83.4,22,1135.8,1059.5
2025-08-29 20:00:00,20,4,0,1135.8,1187.3,1212.4,1059.6,1178.5000000000005,1192.75,26.46,80.8,14,1059.5,946.5
2025-08-29 21:00:00,21,4,0,1059.5,1135.8,1187.3,943.7,1127.5333333333338,1173.2833333333333,25.71,83.8,0,946.5,843.1
2025-08-29 22:00:00,22,4,0,946.5,1059.5,1135.8,850.8,1047.266666666667,1128.2833333333333,24.55,84.2,0,843.1,769.4
2025-08-29 23:00:00,23,4,0,843.1,946.5,1059.5,780.6,949.7000000000004,1064.1000000000001,24.26,85.1,0,769.4,709.7
2025-08-30 00:00:00,0,5,1,769.4,843.1,946.5,708.0,853.0000000000003,990.2666666666668,24.57,85.0,0,709.7,661.4
2025-08-30 01:00:00,1,5,1,709.7,769.4,843.1,653.6,774.0666666666671,910.6666666666666,24.33,85.2,0,661.4,618.6
2025-08-30 02:00:00,2,5,1,661.4,709.7,769.4,610.1,713.5000000000005,831.6,23.97,88.0,0,618.6,579.1
2025-08-30 03:00:00,3,5,1,618.6,661.4,709.7,576.3,663.2333333333337,758.1166666666667,23.85,88.5,0,579.1,546.3
2025-08-30 04:00:00,4,5,1,579.1,618.6,661.4,545.4,619.7000000000004,696.8833333333333,24.04,88.5,0,546.3,521.8
2025-08-30 05:00:00,5,5,1,546.3,579.1,618.6,513.9,581.3333333333336,647.4166666666666,24.42,86.5,0,521.8,501.2
2025-08-30 06:00:00,6,5,1,521.8,546.3,579.1,500.7,549.0666666666671,606.15,24.36,87.3,0,501.2,491.0
2025-08-30 07:00:00,7,5,1,501.2,521.8,546.3,500.4,523.1000000000004,571.4,24.61,84.9,0,491.0,479.5
2025-08-30 08:00:00,8,5,1,491.0,501.2,521.8,581.5,504.666666666667,543.0,25.52,85.3,0,479.5,542.0
2025-08-30 09:00:00,9,5,1,479.5,491.0,501.2,693.2,490.56666666666706,519.8166666666666,25.58,82.7,10,542.0,617.0
2025-08-30 10:00:00,10,5,1,542.0,479.5,491.0,806.1,504.166666666667,513.6333333333333,26.51,83.8,16,617.0,697.1
2025-08-30 11:00:00,11,5,1,617.0,542.0,479.5,929.4,546.1666666666671,525.4166666666666,27.14,81.2,19,697.1,749.4
2025-08-30 12:00:00,12,5,1,697.1,617.0,542.0,1022.2,618.7000000000004,554.6333333333333,27.44,80.7,20,749.4,774.5
2025-08-30 13:00:00,13,5,1,749.4,697.1,617.0,1110.4,687.8333333333336,596.0,28.02,81.5,19,774.5,770.7
2025-08-30 14:00:00,14,5,1,774.5,749.4,697.1,1176.3,740.3333333333336,643.25,27.73,81.5,16,770.7,752.9
2025-08-30 15:00:00,15,5,1,770.7,774.5,749.4,1216.5,764.8666666666671,691.7833333333333,27.72,79.9,10,752.9,684.0
2025-08-30 16:00:00,16,5,1,752.9,770.7,774.5,1228.2,766.0333333333338,726.9333333333334,27.98,82.3,0,684.0,638.5
2025-08-30 17:00:00,17,5,1,684.0,752.9,770.7,1212.4,735.8666666666671,738.1,28.4,80.7,0,638.5,607.0
2025-08-30 18:00:00,18,5,1,638.5,684.0,752.9,1187.3,691.8000000000003,728.3333333333334,27.77,80.9,0,607.0,573.1
2025-08-30 19:00:00,19,5,1,607.0,638.5,684.0,1135.8,643.166666666667,704.6,27.15,82.9,0,573.1,541.7
2025-08-30 20:00:00,20,5,1,573.1,607.0,638.5,1059.5,606.2000000000004,671.0333333333333,26.75,81.7,0,541.7,521.1
2025-08-30 21:00:00,21,5,1,541.7,573.1,607.0,946.5,573.9333333333337,632.8666666666667,26.17,80.7,0,521.1,512.8
2025-08-30 22:00:00,22,5,1,521.1,541.7,573.1,843.1,545.3000000000003,594.2333333333333,25.76,82.5,0,512.8,486.9
2025-08-30 23:00:00,23,5,1,512.8,521.1,541.7,769.4,525.2000000000004,565.7,25.21,84.6,0,486.9,482.7
2025-08-31 00:00:00,0,6,1,486.9,512.8,521.1,709.7,506.9333333333337,540.4333333333334,25.19,85.6,0,482.7,458.5
2025-08-31 01:00:00,1,6,1,482.7,486.9,512.8,661.4,494.13333333333367,519.7166666666667,24.63,85.9,0,458.5,463.8
2025-08-31 02:00:00,2,6,1,458.5,482.7,486.9,618.6,476.0333333333337,500.6166666666666,24.3,85.2,0,463.8,458.0
2025-08-31 03:00:00,3,6,1,463.8,458.5,482.7,579.1,468.3333333333337,487.6333333333334,23.88,85.1,0,458.0,451.6
2025-08-31 04:00:00,4,6,1,458.0,463.8,458.5,546.3,460.10000000000036,477.1166666666666,23.85,84.2,0,451.6,449.3
2025-08-31 05:00:00,5,6,1,451.6,458.0,463.8,521.8,457.80000000000035,466.9166666666667,23.82,84.5,0,449.3,440.0
2025-08-31 06:00:00,6,6,1,449.3,451.6,458.0,501.2,452.9666666666671,460.65000000000003,24.41,84.7,0,440.0,434.8
2025-08-31 07:00:00,7,6,1,440.0,449.3,451.6,491.0,446.9666666666671,453.5333333333333,25.26,84.2,0,434.8,428.3
2025-08-31 08:00:00,8,6,1,434.8,440.0,449.3,479.5,441.3666666666671,449.5833333333333,25.66,85.6,0,428.3,428.3
2025-08-31 09:00:00,9,6,1,428.3,434.8,440.0,542.0,434.3666666666671,443.6666666666667,26.17,86.0,0,428.3,415.7
2025-08-31 10:00:00,10,6,1,428.3,428.3,434.8,617.0,430.4666666666671,438.71666666666664,26.67,82.8,0,415.7,416.5
2025-08-31 11:00:00,11,6,1,415.7,428.3,428.3,697.1,424.10000000000036,432.73333333333335,27.44,83.0,0,416.5,412.7
2025-08-31 12:00:00,12,6,1,416.5,415.7,428.3,749.4,420.166666666667,427.2666666666667,27.83,82.5,0,412.7,434.3
2025-08-31 13:00:00,13,6,1,412.7,416.5,415.7,774.5,414.966666666667,422.7166666666667,27.92,82.2,0,434.3,433.2
2025-08-31 14:00:00,14,6,1,434.3,412.7,416.5,770.7,421.166666666667,422.6333333333334,28.09,83.4,0,433.2,413.2
2025-08-31 15:00:00,15,6,1,433.2,434.3,412.7,752.9,426.73333333333375,423.45,28.21,83.3,0,413.2,420.6
2025-08-31 16:00:00,16,6,1,413.2,433.2,434.3,684.0,426.9000000000004,420.93333333333334,28.09,80.9,0,420.6,430.5
2025-08-31 17:00:00,17,6,1,420.6,413.2,433.2,638.5,422.3333333333337,421.75,27.97,83.6,0,430.5,434.2
2025-08-31 18:00:00,18,6,1,430.5,420.6,413.2,607.0,421.4333333333337,424.0833333333333,27.39,81.1,0,434.2,426.7
2025-08-31 19:00:00,19,6,1,434.2,430.5,420.6,573.1,428.4333333333337,427.6666666666667,27.01,82.3,0,426.7,424.1
2025-08-31 20:00:00,20,6,1,426.7,434.2,430.5,541.7,430.4666666666671,426.3999999999999,26.55,83.1,0,424.1,424.4
2025-08-31 21:00:00,21,6,1,424.1,426.7,434.2,521.1,428.3333333333337,424.8833333333334,26.09,82.5,0,424.4,423.1
2025-08-31 22:00:00,22,6,1,424.4,424.1,426.7,512.8,425.06666666666706,426.75,25.32,81.8,0,423.1,427.7
2025-08-31 23:00:00,23,6,1,423.1,424.4,424.1,486.9,423.866666666667,427.1666666666667,24.62,83.8,0,427.7,429.0
2025-09-01 00:00:00,0,0,0,427.7,423.1,424.4,482.7,425.06666666666706,426.7,23.99,83.4,0,429.0,433.0
2025-09-01 01:00:00,1,0,0,429.0,427.7,423.1,458.5,426.60000000000036,425.8333333333333,23.56,87.0,0,433.0,437.5
2025-09-01 02:00:00,2,0,0,433.0,429.0,427.7,463.8,429.9000000000004,426.8833333333334,23.13,86.8,0,437.5,424.0
2025-09-01 03:00:00,3,0,0,437.5,433.0,429.0,458.0,433.166666666667,429.1166666666666,23.36,82.8,0,424.0,420.6
2025-09-01 04:00:00,4,0,0,424.0,437.5,433.0,451.6,431.5000000000004,429.05,23.79,83.4,0,420.6,419.1
2025-09-01 05:00:00,5,0,0,420.6,424.0,437.5,449.3,427.3666666666671,428.63333333333327,24.09,85.0,0,419.1,427.3
2025-09-01 06:00:00,6,0,0,419.1,420.6,424.0,440.0,421.23333333333375,427.2,24.73,82.2,0,427.3,426.5
2025-09-01 07:00:00,7,0,0,427.3,419.1,420.6,434.8,422.3333333333337,426.9166666666667,25.24,82.4,0,426.5,523.9
2025-09-01 08:00:00,8,0,0,426.5,427.3,419.1,428.3,424.3000000000004,425.8333333333333,25.55,82.4,14,523.9,657.0
2025-09-01 09:00:00,9,0,0,523.9,426.5,427.3,428.3,459.23333333333375,440.23333333333335,26.09,85.3,22,657.0,782.3
2025-09-01 10:00:00,10,0,0,657.0,523.9,426.5,415.7,535.8000000000003,479.06666666666666,26.29,85.5,29,782.3,896.1
2025-09-01 11:00:00,11,0,0,782.3,657.0,523.9,416.5,654.4000000000004,539.35,26.86,84.3,34,896.1,1009.7
2025-09-01 12:00:00,12,0,0,896.1,782.3,657.0,412.7,778.466666666667,618.85,27.27,83.5,37,1009.7,1090.4
2025-09-01 13:00:00,13,0,0,1009.7,896.1,782.3,434.3,896.0333333333338,715.9166666666666,27.63,81.8,39,1090.4,1163.4
2025-09-01 14:00:00,14,0,0,1090.4,1009.7,896.1,433.2,998.7333333333337,826.5666666666666,28.36,80.9,40,1163.4,1209.1
2025-09-01 15:00:00,15,0,0,1163.4,1090.4,1009.7,413.2,1087.8333333333337,933.1500000000001,28.26,84.3,39,1209.1,1210.6
2025-09-01 16:00:00,16,0,0,1209.1,1163.4,1090.4,420.6,1154.3000000000004,1025.1666666666667,28.51,83.8,37,1210.6,1212.7
2025-09-01 17:00:00,17,0,0,1210.6,1209.1,1163.4,430.5,1194.366666666667,1096.55,28.11,82.8,34,1212.7,1183.8
2025-09-01 18:00:00,18,0,0,1212.7,1210.6,1209.1,434.2,1210.8000000000002,1149.3166666666666,27.27,82.7,29,1183.8,1134.5
2025-09-01 19:00:00,19,0,0,1183.8,1212.7,1210.6,426.7,1202.366666666667,1178.3333333333333,26.84,83.2,22,1134.5,1059.0
2025-09-01 20:00:00,20,0,0,1134.5,1183.8,1212.7,424.1,1177.0000000000002,1185.6833333333334,26.41,85.7,14,1059.0,941.1
2025-09-01 21:00:00,21,0,0,1059.0,1134.5,1183.8,424.4,1125.766666666667,1168.2833333333333,26.03,85.3,0,941.1,851.2
2025-09-01 22:00:00,22,0,0,941.1,1059.0,1134.5,423.1,1044.866666666667,1123.6166666666668,25.24,86.0,0,851.2,774.4
2025-09-01 23:00:00,23,0,0,851.2,941.1,1059.0,427.7,950.4333333333337,1063.7166666666667,24.95,84.7,0,774.4,704.7
2025-09-02 00:00:00,0,1,0,774.4,851.2,941.1,429.0,855.566666666667,990.6666666666666,24.48,83.3,0,704.7,646.2
2025-09-02 01:00:00,1,1,0,704.7,774.4,851.2,433.0,776.766666666667,910.8166666666666,24.34,86.2,0,646.2,614.1
2025-09-02 02:00:00,2,1,0,646.2,704.7,774.4,437.5,708.4333333333337,829.4333333333334,24.24,84.8,0,614.1,578.5
2025-09-02 03:00:00,3,1,0,614.1,646.2,704.7,424.0,655.0000000000003,755.2833333333333,24.31,85.5,0,578.5,547.0
2025-09-02 04:00:00,4,1,0,578.5,614.1,646.2,420.6,612.9333333333337,694.85,24.47,86.4,0,547.0,525.0
2025-09-02 05:00:00,5,1,0,547.0,578.5,614.1,419.1,579.8666666666669,644.15,24.31,85.9,0,525.0,499.8
2025-09-02 06:00:00,6,1,0,525.0,547.0,578.5,427.3,550.166666666667,602.5833333333334,24.76,84.7,0,499.8,493.2
2025-09-02 07:00:00,7,1,0,499.8,525.0,547.0,426.5,523.9333333333337,568.4333333333333,25.13,86.5,0,493.2,573.4
2025-09-02 08:00:00,8,1,0,493.2,499.8,525.0,523.9,506.0000000000003,542.9333333333333,25.77,87.4,14,573.4,686.6
2025-09-02 09:00:00,9,1,0,573.4,493.2,499.8,657.0,522.1333333333337,536.15,26.11,87.2,22,686.6,806.3
2025-09-02 10:00:00,10,1,0,686.6,573.4,493.2,782.3,584.4000000000003,554.1666666666666,26.78,85.3,29,806.3,920.6
2025-09-02 11:00:00,11,1,0,806.3,686.6,573.4,896.1,688.766666666667,597.3833333333333,26.92,82.1,34,920.6,1026.1
2025-09-02 12:00:00,12,1,0,920.6,806.3,686.6,1009.7,804.5000000000003,663.3166666666666,27.44,82.2,37,1026.1,1099.0
2025-09-02 13:00:00,13,1,0,1026.1,920.6,806.3,1090.4,917.666666666667,751.0333333333333,27.89,84.3,39,1099.0,1153.3
2025-09-02 14:00:00,14,1,0,1099.0,1026.1,920.6,1163.4,1015.2333333333336,852.0,28.51,81.1,40,1153.3,1194.4
2025-09-02 15:00:00,15,1,0,1153.3,1099.0,1026.1,1209.1,1092.8000000000004,948.65,28.64,79.3,39,1194.4,1203.4
2025-09-02 16:00:00,16,1,0,1194.4,1153.3,1099.0,1210.6,1148.9000000000003,1033.2833333333333,28.13,79.1,37,1203.4,1204.2
2025-09-02 17:00:00,17,1,0,1203.4,1194.4,1153.3,1212.7,1183.7000000000005,1099.4666666666665,27.84,80.7,34,1204.2,1176.4
2025-09-02 18:00:00,18,1,0,1204.2,1203.4,1194.4,1183.8,1200.666666666667,1146.7333333333333,27.62,79.3,29,1176.4,1124.6
2025-09-02 19:00:00,19,1,0,1176.4,1204.2,1203.4,1134.5,1194.6666666666672,1171.7833333333333,27.4,79.3,22,1124.6,1046.0
2025-09-02 20:00:00,20,1,0,1124.6,1176.4,1204.2,1059.0,1168.4000000000003,1176.05,26.67,79.7,14,1046.0,943.1
2025-09-02 21:00:00,21,1,0,1046.0,1124.6,1176.4,941.1,1115.666666666667,1158.1666666666667,25.8,82.9,0,943.1,847.2
2025-09-02 22:00:00,22,1,0,943.1,1046.0,1124.6,851.2,1037.9000000000003,1116.2833333333333,25.76,80.1,0,847.2,767.3
2025-09-02 23:00:00,23,1,0,847.2,943.1,1046.0,774.4,945.4333333333337,1056.9166666666667,24.97,80.9,0,767.3,701.3
2025-09-03 00:00:00,0,2,0,767.3,847.2,943.1,704.7,852.5333333333338,984.0999999999999,24.57,82.2,0,701.3,654.4
2025-09-03 01:00:00,1,2,0,701.3,767.3,847.2,646.2,771.9333333333337,904.9166666666666,24.38,81.5,0,654.4,606.9
2025-09-03 02:00:00,2,2,0,654.4,701.3,767.3,614.1,707.666666666667,826.5499999999998,24.43,83.1,0,606.9,573.4
2025-09-03 03:00:00,3,2,0,606.9,654.4,701.3,578.5,654.2000000000004,753.3666666666667,24.28,82.8,0,573.4,541.9
2025-09-03 04:00:00,4,2,0,573.4,606.9,654.4,547.0,611.566666666667,691.75,24.51,84.9,0,541.9,522.8
2025-09-03 05:00:00,5,2,0,541.9,573.4,606.9,525.0,574.0666666666671,640.8666666666667,24.6,85.7,0,522.8,497.2
2025-09-03 06:00:00,6,2,0,522.8,541.9,573.4,499.8,546.0333333333336,600.1166666666667,24.58,86.5,0,497.2,480.6
2025-09-03 07:00:00,7,2,0,497.2,522.8,541.9,493.2,520.6333333333337,566.1,25.02,83.3,0,480.6,560.4
2025-09-03 08:00:00,8,2,0,480.6,497.2,522.8,573.4,500.20000000000033,537.1333333333333,25.42,84.0,14,560.4,672.9
2025-09-03 09:00:00,9,2,0,560.4,480.6,497.2,686.6,512.7333333333337,529.3833333333333,26.02,82.6,22,672.9,805.0
2025-09-03 10:00:00,10,2,0,672.9,560.4,480.6,806.3,571.3000000000003,545.9666666666666,26.65,81.1,29,805.0,926.9
2025-09-03 11:00:00,11,2,0,805.0,672.9,560.4,920.6,679.4333333333337,589.8166666666667,27.36,79.6,34,926.9,1012.3
2025-09-03 12:00:00,12,2,0,926.9,805.0,672.9,1026.1,801.6000000000004,657.1666666666666,27.6,78.3,37,1012.3,1099.8
2025-09-03 13:00:00,13,2,0,1012.3,926.9,805.0,1099.0,914.7333333333336,743.0166666666668,27.79,78.3,39,1099.8,1172.3
2025-09-03 14:00:00,14,2,0,1099.8,1012.3,926.9,1153.3,1013.0000000000003,846.2166666666667,27.57,80.3,40,1172.3,1210.1
2025-09-03 15:00:00,15,2,0,1172.3,1099.8,1012.3,1194.4,1094.8000000000004,948.1999999999998,28.01,81.7,39,1210.1,1221.7
2025-09-03 16:00:00,16,2,0,1210.1,1172.3,1099.8,1203.4,1160.7333333333336,1037.7333333333333,27.84,82.6,37,1221.7,1212.9
2025-09-03 17:00:00,17,2,0,1221.7,1210.1,1172.3,1204.2,1201.366666666667,1107.1833333333332,27.5,83.3,34,1212.9,1176.0
2025-09-03 18:00:00,18,2,0,1212.9,1221.7,1210.1,1176.4,1214.9000000000003,1154.8500000000001,27.51,84.5,29,1176.0,1127.9
2025-09-03 19:00:00,19,2,0,1176.0,1212.9,1221.7,1124.6,1203.5333333333338,1182.1333333333334,27.08,81.3,22,1127.9,1050.8
2025-09-03 20:00:00,20,2,0,1127.9,1176.0,1212.9,1046.0,1172.266666666667,1186.8166666666666,26.26,83.2,14,1050.8,934.0
2025-09-03 21:00:00,21,2,0,1050.8,1127.9,1176.0,943.1,1118.2333333333338,1166.5666666666668,25.75,84.6,0,934.0,837.1
2025-09-03 22:00:00,22,2,0,934.0,1050.8,1127.9,847.2,1037.5666666666673,1120.55,25.29,87.0,0,837.1,772.1
2025-09-03 23:00:00,23,2,0,837.1,934.0,1050.8,767.3,940.6333333333337,1056.45,24.79,88.8,0,772.1,714.4
2025-09-04 00:00:00,0,3,0,772.1,837.1,934.0,701.3,847.7333333333337,982.9833333333332,24.66,88.0,0,714.4,655.4
2025-09-04 01:00:00,1,3,0,714.4,772.1,837.1,654.4,774.5333333333338,906.0500000000001,24.42,86.5,0,655.4,610.1
2025-09-04 02:00:00,2,3,0,655.4,714.4,772.1,606.9,713.9666666666672,827.3000000000001,23.97,86.2,0,610.1,575.3
2025-09-04 03:00:00,3,3,0,610.1,655.4,714.4,573.4,659.966666666667,753.85,23.75,86.7,0,575.3,548.7
2025-09-04 04:00:00,4,3,0,575.3,610.1,655.4,541.9,613.6000000000004,694.0666666666666,24.2,82.2,0,548.7,528.2
2025-09-04 05:00:00,5,3,0,548.7,575.3,610.1,522.8,578.0333333333338,646.0,24.14,83.5,0,528.2,509.5
2025-09-04 06:00:00,6,3,0,528.2,548.7,575.3,497.2,550.7333333333337,605.35,24.68,81.5,0,509.5,492.5
2025-09-04 07:00:00,7,3,0,509.5,528.2,548.7,480.6,528.8000000000003,571.2,25.05,78.8,0,492.5,576.2
2025-09-04 08:00:00,8,3,0,492.5,509.5,528.2,560.4,510.06666666666706,544.0500000000001,25.38,77.9,14,576.2,671.8
2025-09-04 09:00:00,9,3,0,576.2,492.5,509.5,672.9,526.0666666666671,538.4,26.1,79.0,22,671.8,788.1
2025-09-04 10:00:00,10,3,0,671.8,576.2,492.5,805.0,580.1666666666671,554.4833333333333,26.83,78.5,29,788.1,915.8
2025-09-04 11:00:00,11,3,0,788.1,671.8,576.2,926.9,678.7000000000004,594.3833333333333,27.23,77.1,34,915.8,1033.1
2025-09-04 12:00:00,12,3,0,915.8,788.1,671.8,1012.3,791.9000000000004,658.9833333333332,27.34,80.1,37,1033.1,1115.2
2025-09-04 13:00:00,13,3,0,1033.1,915.8,788.1,1099.8,912.3333333333336,746.25,27.82,80.2,39,1115.2,1177.9
2025-09-04 14:00:00,14,3,0,1115.2,1033.1,915.8,1172.3,1021.3666666666671,850.0333333333333,27.78,80.7,40,1177.9,1211.0
2025-09-04 15:00:00,15,3,0,1177.9,1115.2,1033.1,1210.1,1108.7333333333338,950.3166666666666,28.41,79.7,39,1211.0,1224.8
2025-09-04 16:00:00,16,3,0,1211.0,1177.9,1115.2,1221.7,1168.0333333333338,1040.1833333333334,28.33,78.9,37,1224.8,1211.9
2025-09-04 17:00:00,17,3,0,1224.8,1211.0,1177.9,1212.9,1204.5666666666673,1112.9666666666665,28.42,81.0,34,1211.9,1183.9
2025-09-04 18:00:00,18,3,0,1211.9,1224.8,1211.0,1176.0,1215.9000000000003,1162.3166666666668,27.61,82.1,29,1183.9,1137.5
2025-09-04 19:00:00,19,3,0,1183.9,1211.9,1224.8,1127.9,1206.866666666667,1187.45,27.29,85.5,22,1137.5,1056.9
2025-09-04 20:00:00,20,3,0,1137.5,1183.9,1211.9,1050.8,1177.766666666667,1191.1666666666667,26.47,85.7,14,1056.9,944.7
2025-09-04 21:00:00,21,3,0,1056.9,1137.5,1183.9,934.0,1126.1000000000004,1171.0000000000002,26.22,85.5,0,944.7,852.2
2025-09-04 22:00:00,22,3,0,944.7,1056.9,1137.5,837.1,1046.366666666667,1126.6166666666666,25.47,86.6,0,852.2,764.5
2025-09-04 23:00:00,23,3,0,852.2,944.7,1056.9,772.1,951.266666666667,1064.5166666666667,24.93,88.9,0,764.5,705.6
2025-09-05 00:00:00,0,4,0,764.5,852.2,944.7,714.4,853.8000000000005,989.9499999999999,24.34,88.2,0,705.6,649.2
2025-09-05 01:00:00,1,4,0,705.6,764.5,852.2,655.4,774.1000000000004,910.2333333333335,24.29,88.0,0,649.2,609.4
2025-09-05 02:00:00,2,4,0,649.2,705.6,764.5,610.1,706.4333333333337,828.85,23.82,87.7,0,609.4,577.7
2025-09-05 03:00:00,3,4,0,609.4,649.2,705.6,575.3,654.7333333333337,754.2666666666668,23.97,87.3,0,577.7,558.1
2025-09-05 04:00:00,4,4,0,577.7,609.4,649.2,548.7,612.1000000000005,693.1,24.27,85.4,0,558.1,536.3
2025-09-05 05:00:00,5,4,0,558.1,577.7,609.4,528.2,581.7333333333337,644.0833333333334,25.08,85.8,0,536.3,505.5
2025-09-05 06:00:00,6,4,0,536.3,558.1,577.7,509.5,557.3666666666671,606.05,24.46,86.7,0,505.5,483.0
2025-09-05 07:00:00,7,4,0,505.5,536.3,558.1,492.5,533.3000000000003,572.6999999999999,25.07,82.8,0,483.0,574.4
2025-09-05 08:00:00,8,4,0,483.0,505.5,536.3,576.2,508.26666666666705,545.0,25.67,84.8,14,574.4,686.5
2025-09-05 09:00:00,9,4,0,574.4,483.0,505.5,671.8,520.966666666667,539.1666666666666,26.24,82.9,22,686.5,805.9
2025-09-05 10:00:00,10,4,0,686.5,574.4,483.0,788.1,581.3000000000003,557.3000000000001,26.84,82.6,29,805.9,919.2
2025-09-05 11:00:00,11,4,0,805.9,686.5,574.4,915.8,688.9333333333337,598.6,27.2,81.7,34,919.2,1027.2
2025-09-05 12:00:00,12,4,0,919.2,805.9,686.5,1033.1,803.8666666666671,662.4166666666666,27.54,79.9,37,1027.2,1102.4
2025-09-05 13:00:00,13,4,0,1027.2,919.2,805.9,1115.2,917.4333333333337,749.3666666666668,27.75,80.6,39,1102.4,1156.3
2025-09-05 14:00:00,14,4,0,1102.4,1027.2,919.2,1177.9,1016.266666666667,852.6,27.85,79.7,40,1156.3,1194.9
2025-09-05 15:00:00,15,4,0,1156.3,1102.4,1027.2,1211.0,1095.3000000000004,949.5833333333335,27.74,82.6,39,1194.9,1211.5
2025-09-05 16:00:00,16,4,0,1194.9,1156.3,1102.4,1224.8,1151.2000000000005,1034.3166666666666,27.68,81.3,37,1211.5,1206.0
2025-09-05 17:00:00,17,4,0,1211.5,1194.9,1156.3,1211.9,1187.566666666667,1101.9166666666667,27.69,80.9,34,1206.0,1172.3
2025-09-05 18:00:00,18,4,0,1206.0,1211.5,1194.9,1183.9,1204.133333333334,1149.7166666666667,27.56,81.6,29,1172.3,1129.3
2025-09-05 19:00:00,19,4,0,1172.3,1206.0,1211.5,1137.5,1196.6000000000004,1173.9,27.43,80.1,22,1129.3,1043.6
2025-09-05 20:00:00,20,4,0,1129.3,1172.3,1206.0,1056.9,1169.2000000000003,1178.3833333333334,26.76,83.1,14,1043.6,929.7
2025-09-05 21:00:00,21,4,0,1043.6,1129.3,1172.3,944.7,1115.066666666667,1159.6,25.84,82.9,0,929.7,841.7
2025-09-05 22:00:00,22,4,0,929.7,1043.6,1129.3,852.2,1034.2000000000005,1115.3999999999999,25.49,82.3,0,841.7,771.2
2025-09-05 23:00:00,23,4,0,841.7,929.7,1043.6,764.5,938.3333333333336,1053.7666666666667,25.25,84.7,0,771.2,708.4
2025-09-06 00:00:00,0,5,1,771.2,841.7,929.7,705.6,847.5333333333338,981.3000000000001,24.68,83.1,0,708.4,658.9
2025-09-06 01:00:00,1,5,1,708.4,771.2,841.7,649.2,773.766666666667,903.9833333333332,24.26,85.8,0,658.9,612.5
2025-09-06 02:00:00,2,5,1,658.9,708.4,771.2,609.4,712.8333333333336,825.5833333333334,24.13,85.5,0,612.5,588.4
2025-09-06 03:00:00,3,5,1,612.5,658.9,708.4,577.7,659.9333333333337,753.7333333333335,24.17,83.8,0,588.4,547.9
2025-09-06 04:00:00,4,5,1,588.4,612.5,658.9,558.1,619.9333333333337,696.85,23.86,83.8,0,547.9,524.5
2025-09-06 05:00:00,5,5,1,547.9,588.4,612.5,536.3,582.9333333333337,647.8833333333333,24.12,82.8,0,524.5,504.7
2025-09-06 06:00:00,6,5,1,524.5,547.9,588.4,505.5,553.6000000000004,606.7666666666667,24.75,84.1,0,504.7,493.2
2025-09-06 07:00:00,7,5,1,504.7,524.5,547.9,483.0,525.7000000000004,572.8166666666666,25.14,84.7,0,493.2,482.4
2025-09-06 08:00:00,8,5,1,493.2,504.7,524.5,574.4,507.466666666667,545.2,25.44,85.4,0,482.4,524.0
2025-09-06 09:00:00,9,5,1,482.4,493.2,504.7,686.5,493.4333333333337,523.5166666666665,25.42,86.9,10,524.0,606.7
2025-09-06 10:00:00,10,5,1,524.0,482.4,493.2,805.9,499.866666666667,512.7833333333333,26.36,85.9,16,606.7,686.3
2025-09-06 11:00:00,11,5,1,606.7,524.0,482.4,919.2,537.7000000000004,522.5833333333334,27.02,85.3,19,686.3,737.3
2025-09-06 12:00:00,12,5,1,686.3,606.7,524.0,1027.2,605.666666666667,549.5500000000001,27.43,83.2,20,737.3,779.4
2025-09-06 13:00:00,13,5,1,737.3,686.3,606.7,1102.4,676.766666666667,588.3166666666667,27.86,78.3,19,779.4,775.4
2025-09-06 14:00:00,14,5,1,779.4,737.3,686.3,1156.3,734.3333333333336,636.0166666666667,28.4,79.3,16,775.4,758.7
2025-09-06 15:00:00,15,5,1,775.4,779.4,737.3,1194.9,764.0333333333336,684.8499999999999,28.56,82.8,10,758.7,691.9
2025-09-06 16:00:00,16,5,1,758.7,775.4,779.4,1211.5,771.1666666666671,723.9666666666666,28.25,81.6,0,691.9,647.7
2025-09-06 17:00:00,17,5,1,691.9,758.7,775.4,1206.0,742.0000000000003,738.1666666666666,27.99,82.9,0,647.7,612.6
2025-09-06 18:00:00,18,5,1,647.7,691.9,758.7,1172.3,699.4333333333337,731.7333333333332,27.73,81.6,0,612.6,586.4
2025-09-06 19:00:00,19,5,1,612.6,647.7,691.9,1129.3,650.7333333333337,710.9499999999999,26.85,82.1,0,586.4,543.6
2025-09-06 20:00:00,20,5,1,586.4,612.6,647.7,1043.6,615.5666666666671,678.7833333333333,26.55,82.5,0,543.6,518.6
2025-09-06 21:00:00,21,5,1,543.6,586.4,612.6,929.7,580.8666666666671,640.1500000000001,26.25,82.7,0,518.6,499.9
2025-09-06 22:00:00,22,5,1,518.6,543.6,586.4,841.7,549.5333333333338,600.1333333333333,25.56,81.1,0,499.9,491.0
2025-09-06 23:00:00,23,5,1,499.9,518.6,543.6,771.2,520.7000000000004,568.1333333333333,24.77,81.6,0,491.0,482.5
2025-09-07 00:00:00,0,6,1,491.0,499.9,518.6,708.4,503.166666666667,542.0166666666668,24.86,82.6,0,482.5,469.5
2025-09-07 01:00:00,1,6,1,482.5,491.0,499.9,658.9,491.13333333333367,520.3333333333334,24.42,86.2,0,469.5,462.7
2025-09-07 02:00:00,2,6,1,469.5,482.5,491.0,612.5,481.0000000000004,500.8500000000001,23.99,89.3,0,462.7,446.5
2025-09-07 03:00:00,3,6,1,462.7,469.5,482.5,588.4,471.56666666666706,487.3666666666666,24.1,88.7,0,446.5,441.2
2025-09-07 04:00:00,4,6,1,446.5,462.7,469.5,547.9,459.56666666666706,475.34999999999997,23.92,87.7,0,441.2,431.1
2025-09-07 05:00:00,5,6,1,441.2,446.5,462.7,524.5,450.13333333333367,465.5666666666666,23.98,85.5,0,431.1,438.2
2025-09-07 06:00:00,6,6,1,431.1,441.2,446.5,504.7,439.60000000000036,455.5833333333333,24.48,87.4,0,438.2,440.7
2025-09-07 07:00:00,7,6,1,438.2,431.1,441.2,493.2,436.8333333333337,448.2,24.96,84.4,0,440.7,424.1
2025-09-07 08:00:00,8,6,1,440.7,438.2,431.1,482.4,436.666666666667,443.3999999999999,25.43,82.4,0,424.1,433.2
2025-09-07 09:00:00,9,6,1,424.1,440.7,438.2,524.0,434.3333333333337,436.9666666666667,25.83,83.5,0,433.2,423.6
2025-09-07 10:00:00,10,6,1,433.2,424.1,440.7,606.7,432.666666666667,434.75,26.14,85.0,0,423.6,417.5
2025-09-07 11:00:00,11,6,1,423.6,433.2,424.1,686.3,426.9666666666671,431.81666666666666,26.94,81.2,0,417.5,410.9
2025-09-07 12:00:00,12,6,1,417.5,423.6,433.2,737.3,424.76666666666705,429.55,27.49,79.0,0,410.9,412.8
2025-09-07 13:00:00,13,6,1,410.9,417.5,423.6,779.4,417.3333333333337,425.0,27.81,78.3,0,412.8,417.6
2025-09-07 14:00:00,14,6,1,412.8,410.9,417.5,775.4,413.73333333333375,420.3500000000001,28.38,78.9,0,417.6,405.9
2025-09-07 15:00:00,15,6,1,417.6,412.8,410.9,758.7,413.76666666666705,419.26666666666665,28.63,77.1,0,405.9,408.0
2025-09-07 16:00:00,16,6,1,405.9,417.6,412.8,691.9,412.10000000000036,414.7166666666667,28.57,73.8,0,408.0,421.4
2025-09-07 17:00:00,17,6,1,408.0,405.9,417.6,647.7,410.5000000000004,412.1166666666666,28.15,73.6,0,421.4,424.6
2025-09-07 18:00:00,18,6,1,421.4,408.0,405.9,612.6,411.76666666666705,412.76666666666665,27.6,77.7,0,424.6,425.7
2025-09-07 19:00:00,19,6,1,424.6,421.4,408.0,586.4,418.0000000000004,415.05,27.63,80.1,0,425.7,415.0
2025-09-07 20:00:00,20,6,1,425.7,424.6,421.4,543.6,423.9000000000004,417.2,27.02,83.1,0,415.0,427.6
2025-09-07 21:00:00,21,6,1,415.0,425.7,424.6,518.6,421.76666666666705,416.76666666666665,26.39,83.0,0,427.6,425.8
2025-09-07 22:00:00,22,6,1,427.6,415.0,425.7,499.9,422.76666666666705,420.38333333333327,25.85,81.4,0,425.8,415.0
2025-09-07 23:00:00,23,6,1,425.8,427.6,415.0,491.0,422.80000000000035,423.3500000000001,25.44,85.5,0,415.0,410.0
2025-09-08 00:00:00,0,0,0,415.0,425.8,427.6,482.5,422.80000000000035,422.28333333333336,24.68,87.7,0,410.0,421.2
2025-09-08 01:00:00,1,0,0,410.0,415.0,425.8,469.5,416.9333333333337,419.8500000000001,24.65,88.1,0,421.2,423.3
2025-09-08 02:00:00,2,0,0,421.2,410.0,415.0,462.7,415.4000000000004,419.09999999999997,24.13,86.9,0,423.3,428.1
2025-09-08 03:00:00,3,0,0,423.3,421.2,410.0,446.5,418.166666666667,420.48333333333335,23.84,85.9,0,428.1,420.7
2025-09-08 04:00:00,4,0,0,428.1,423.3,421.2,441.2,424.20000000000044,420.56666666666666,24.1,87.0,0,420.7,413.4
2025-09-08 05:00:00,5,0,0,420.7,428.1,423.3,431.1,424.0333333333337,419.71666666666664,23.98,84.6,0,413.4,412.0
2025-09-08 06:00:00,6,0,0,413.4,420.7,428.1,438.2,420.73333333333375,419.45,24.5,82.9,0,412.0,417.8
2025-09-08 07:00:00,7,0,0,412.0,413.4,420.7,440.7,415.366666666667,419.7833333333333,24.96,82.9,0,417.8,508.1
2025-09-08 08:00:00,8,0,0,417.8,412.0,413.4,424.1,414.4000000000004,419.2166666666667,25.26,83.0,14,508.1,647.0
2025-09-08 09:00:00,9,0,0,508.1,417.8,412.0,433.2,445.9666666666671,433.34999999999997,25.8,82.3,22,647.0,783.3
2025-09-08 10:00:00,10,0,0,647.0,508.1,417.8,423.6,524.3000000000004,469.8333333333333,26.31,81.9,29,783.3,909.0
2025-09-08 11:00:00,11,0,0,783.3,647.0,508.1,417.5,646.1333333333338,530.2666666666668,26.9,81.4,34,909.0,1027.3
2025-09-08 12:00:00,12,0,0,909.0,783.3,647.0,410.9,779.766666666667,612.8666666666667,27.04,83.2,37,1027.3,1111.4
2025-09-08 13:00:00,13,0,0,1027.3,909.0,783.3,412.8,906.5333333333338,715.4166666666666,27.72,81.0,39,1111.4,1164.6
2025-09-08 14:00:00,14,0,0,1111.4,1027.3,909.0,417.6,1015.9000000000004,831.0166666666668,28.1,78.6,40,1164.6,1197.9
2025-09-08 15:00:00,15,0,0,1164.6,1111.4,1027.3,405.9,1101.1000000000004,940.4333333333333,28.19,79.0,39,1197.9,1215.7
2025-09-08 16:00:00,16,0,0,1197.9,1164.6,1111.4,408.0,1157.966666666667,1032.25,27.94,74.8,37,1215.7,1204.1
2025-09-08 17:00:00,17,0,0,1215.7,1197.9,1164.6,421.4,1192.7333333333336,1104.3166666666668,27.82,76.1,34,1204.1,1178.4
2025-09-08 18:00:00,18,0,0,1204.1,1215.7,1197.9,424.6,1205.9000000000005,1153.5,27.76,77.5,29,1178.4,1136.6
2025-09-08 19:00:00,19,0,0,1178.4,1204.1,1215.7,425.7,1199.4000000000003,1178.6833333333334,27.3,79.7,22,1136.6,1055.3
2025-09-08 20:00:00,20,0,0,1136.6,1178.4,1204.1,415.0,1173.0333333333338,1182.8833333333334,26.87,78.7,14,1055.3,941.5
2025-09-08 21:00:00,21,0,0,1055.3,1136.6,1178.4,427.6,1123.4333333333336,1164.6666666666667,26.03,78.3,0,941.5,845.1
2025-09-08 22:00:00,22,0,0,941.5,1055.3,1136.6,425.8,1044.466666666667,1121.9333333333334,25.23,77.5,0,845.1,771.4
2025-09-08 23:00:00,23,0,0,845.1,941.5,1055.3,415.0,947.3000000000003,1060.1666666666667,25.03,78.1,0,771.4,713.8
2025-09-09 00:00:00,0,1,0,771.4,845.1,941.5,410.0,852.666666666667,988.0500000000001,24.65,79.5,0,713.8,655.6
2025-09-09 01:00:00,1,1,0,713.8,771.4,845.1,421.2,776.766666666667,910.6166666666667,24.52,80.3,0,655.6,618.1
2025-09-09 02:00:00,2,1,0,655.6,713.8,771.4,423.3,713.6000000000004,830.4499999999999,24.4,80.3,0,618.1,579.2
2025-09-09 03:00:00,3,1,0,618.1,655.6,713.8,428.1,662.5000000000003,757.5833333333334,24.46,83.5,0,579.2,546.1
2025-09-09 04:00:00,4,1,0,579.2,618.1,655.6,420.7,617.6333333333338,697.1999999999999,24.42,82.2,0,546.1,514.4
2025-09-09 05:00:00,5,1,0,546.1,579.2,618.1,413.4,581.1333333333337,647.3666666666667,24.43,80.5,0,514.4,491.3
2025-09-09 06:00:00,6,1,0,514.4,546.1,579.2,412.0,546.5666666666671,604.5333333333333,24.95,79.5,0,491.3,466.2
2025-09-09 07:00:00,7,1,0,491.3,514.4,546.1,417.8,517.266666666667,567.4499999999999,25.22,79.8,0,466.2,558.5
2025-09-09 08:00:00,8,1,0,466.2,491.3,514.4,508.1,490.63333333333367,535.8833333333333,25.3,81.5,14,558.5,670.9
2025-09-09 09:00:00,9,1,0,558.5,466.2,491.3,647.0,505.3333333333337,525.9499999999999,26.07,82.6,22,670.9,799.3
2025-09-09 10:00:00,10,1,0,670.9,558.5,466.2,783.3,565.2000000000004,541.2333333333333,26.44,82.3,29,799.3,924.8
2025-09-09 11:00:00,11,1,0,799.3,670.9,558.5,909.0,676.2333333333337,583.4333333333333,26.84,78.6,34,924.8,1019.3
2025-09-09 12:00:00,12,1,0,924.8,799.3,670.9,1027.3,798.3333333333336,651.8333333333333,27.14,78.1,37,1019.3,1117.8
2025-09-09 13:00:00,13,1,0,1019.3,924.8,799.3,1111.4,914.466666666667,739.8333333333334,27.19,78.5,39,1117.8,1177.1
2025-09-09 14:00:00,14,1,0,1117.8,1019.3,924.8,1164.6,1020.6333333333337,848.4333333333334,27.59,79.0,40,1177.1,1215.6
2025-09-09 15:00:00,15,1,0,1177.1,1117.8,1019.3,1197.9,1104.7333333333336,951.5333333333333,27.99,80.3,39,1215.6,1215.5
2025-09-09 16:00:00,16,1,0,1215.6,1177.1,1117.8,1215.7,1170.166666666667,1042.3166666666666,28.02,81.7,37,1215.5,1195.2
2025-09-09 17:00:00,17,1,0,1215.5,1215.6,1177.1,1204.1,1202.7333333333336,1111.6833333333334,27.87,79.4,34,1195.2,1172.7
2025-09-09 18:00:00,18,1,0,1195.2,1215.5,1215.6,1178.4,1208.766666666667,1156.75,27.4,80.6,29,1172.7,1127.4
2025-09-09 19:00:00,19,1,0,1172.7,1195.2,1215.5,1136.6,1194.466666666667,1182.3166666666666,27.22,79.3,22,1127.4,1063.6
2025-09-09 20:00:00,20,1,0,1127.4,1172.7,1195.2,1055.3,1165.1000000000004,1183.9166666666667,26.36,81.9,14,1063.6,944.5
2025-09-09 21:00:00,21,1,0,1063.6,1127.4,1172.7,941.5,1121.2333333333338,1165.0,26.02,83.8,0,944.5,846.9
2025-09-09 22:00:00,22,1,0,944.5,1063.6,1127.4,845.1,1045.166666666667,1119.8166666666666,25.61,82.9,0,846.9,765.9
2025-09-09 23:00:00,23,1,0,846.9,944.5,1063.6,771.4,951.666666666667,1058.3833333333332,24.93,85.3,0,765.9,702.6
2025-09-10 00:00:00,0,2,0,765.9,846.9,944.5,713.8,852.4333333333337,986.8333333333334,24.46,83.8,0,702.6,657.4
2025-09-10 01:00:00,1,2,0,702.6,765.9,846.9,655.6,771.8000000000003,908.4833333333332,24.4,88.1,0,657.4,632.0
2025-09-10 02:00:00,2,2,0,657.4,702.6,765.9,618.1,708.6333333333336,830.1500000000001,24.62,86.4,0,632.0,584.8
2025-09-10 03:00:00,3,2,0,632.0,657.4,702.6,579.2,664.0000000000003,758.2166666666667,24.28,86.0,0,584.8,547.7
2025-09-10 04:00:00,4,2,0,584.8,632.0,657.4,546.1,624.7333333333337,698.2666666666668,24.22,88.7,0,547.7,530.8
2025-09-10 05:00:00,5,2,0,547.7,584.8,632.0,514.4,588.166666666667,648.4,24.4,89.2,0,530.8,505.2
2025-09-10 06:00:00,6,2,0,530.8,547.7,584.8,491.3,554.4333333333336,609.2166666666667,25.21,86.8,0,505.2,486.6
2025-09-10 07:00:00,7,2,0,505.2,530.8,547.7,466.2,527.9000000000003,576.3166666666666,25.43,85.0,0,486.6,573.1
2025-09-10 08:00:00,8,2,0,486.6,505.2,530.8,558.5,507.5333333333336,547.85,25.6,86.8,14,573.1,681.3
2025-09-10 09:00:00,9,2,0,573.1,486.6,505.2,670.9,521.6333333333337,538.0333333333334,26.27,84.2,22,681.3,807.7
2025-09-10 10:00:00,10,2,0,681.3,573.1,486.6,799.3,580.3333333333336,554.1166666666667,26.7,83.6,29,807.7,922.6
2025-09-10 11:00:00,11,2,0,807.7,681.3,573.1,924.8,687.3666666666671,597.45,27.35,82.2,34,922.6,1031.7
2025-09-10 12:00:00,12,2,0,922.6,807.7,681.3,1019.3,803.8666666666669,662.75,27.65,81.0,37,1031.7,1107.8
2025-09-10 13:00:00,13,2,0,1031.7,922.6,807.7,1117.8,920.666666666667,750.5,28.01,81.2,39,1107.8,1166.8
2025-09-10 14:00:00,14,2,0,1107.8,1031.7,922.6,1177.1,1020.7000000000004,854.0333333333333,27.96,80.1,40,1166.8,1209.3
2025-09-10 15:00:00,15,2,0,1166.8,1107.8,1031.7,1215.6,1102.1000000000004,952.9833333333335,28.25,79.0,39,1209.3,1216.3
2025-09-10 16:00:00,16,2,0,1209.3,1166.8,1107.8,1215.5,1161.3000000000002,1040.9833333333333,28.29,80.3,37,1216.3,1206.9
2025-09-10 17:00:00,17,2,0,1216.3,1209.3,1166.8,1195.2,1197.466666666667,1109.0833333333333,27.92,81.2,34,1206.9,1187.1
2025-09-10 18:00:00,18,2,0,1206.9,1216.3,1209.3,1172.7,1210.8333333333337,1156.4666666666667,27.46,79.1,29,1187.1,1132.7
2025-09-10 19:00:00,19,2,0,1187.1,1206.9,1216.3,1127.4,1203.4333333333336,1182.3666666666668,27.39,79.4,22,1132.7,1063.9
2025-09-10 20:00:00,20,2,0,1132.7,1187.1,1206.9,1063.6,1175.5666666666668,1186.5166666666667,26.94,79.5,14,1063.9,945.9
2025-09-10 21:00:00,21,2,0,1063.9,1132.7,1187.1,944.5,1127.9000000000003,1169.3666666666666,26.63,77.0,0,945.9,845.9
2025-09-10 22:00:00,22,2,0,945.9,1063.9,1132.7,846.9,1047.5000000000002,1125.4666666666667,25.81,81.2,0,845.9,768.3
2025-09-10 23:00:00,23,2,0,845.9,945.9,1063.9,765.9,951.9000000000002,1063.7333333333333,25.29,82.0,0,768.3,711.5
2025-09-11 00:00:00,0,3,0,768.3,845.9,945.9,702.6,853.3666666666669,990.6333333333333,24.79,82.1,0,711.5,660.3
2025-09-11 01:00:00,1,3,0,711.5,768.3,845.9,657.4,775.2333333333336,911.3666666666668,24.54,80.6,0,660.3,620.5
2025-09-11 02:00:00,2,3,0,660.3,711.5,768.3,632.0,713.3666666666669,832.6333333333332,24.37,84.0,0,620.5,591.5
2025-09-11 03:00:00,3,3,0,620.5,660.3,711.5,584.8,664.1000000000003,758.7333333333332,24.01,84.7,0,591.5,552.7
2025-09-11 04:00:00,4,3,0,591.5,620.5,660.3,547.7,624.1000000000003,699.6666666666666,24.14,83.6,0,552.7,530.6
2025-09-11 05:00:00,5,3,0,552.7,591.5,620.5,530.8,588.2333333333337,650.8000000000001,24.63,84.2,0,530.6,506.2
2025-09-11 06:00:00,6,3,0,530.6,552.7,591.5,505.2,558.266666666667,611.1833333333333,25.16,81.1,0,506.2,485.1
2025-09-11 07:00:00,7,3,0,506.2,530.6,552.7,486.6,529.8333333333336,576.9666666666667,25.44,83.5,0,485.1,561.3
2025-09-11 08:00:00,8,3,0,485.1,506.2,530.6,573.1,507.30000000000035,547.7666666666667,26.06,86.1,14,561.3,675.8
2025-09-11 09:00:00,9,3,0,561.3,485.1,506.2,681.3,517.5333333333336,537.9,26.81,83.1,22,675.8,799.3
2025-09-11 10:00:00,10,3,0,675.8,561.3,485.1,807.7,574.066666666667,551.9499999999999,26.75,81.0,29,799.3,928.3
2025-09-11 11:00:00,11,3,0,799.3,675.8,561.3,922.6,678.8000000000003,593.0500000000001,27.21,78.2,34,928.3,1027.0
2025-09-11 12:00:00,12,3,0,928.3,799.3,675.8,1031.7,801.1333333333337,659.3333333333334,27.75,78.4,37,1027.0,1104.1
2025-09-11 13:00:00,13,3,0,1027.0,928.3,799.3,1107.8,918.2000000000004,746.1333333333333,27.82,79.2,39,1104.1,1170.5
2025-09-11 14:00:00,14,3,0,1104.1,1027.0,928.3,1166.8,1019.8000000000003,849.3000000000001,28.31,79.8,40,1170.5,1204.7
2025-09-11 15:00:00,15,3,0,1170.5,1104.1,1027.0,1209.3,1100.5333333333338,950.8333333333334,28.33,82.3,39,1204.7,1222.2
2025-09-11 16:00:00,16,3,0,1204.7,1170.5,1104.1,1216.3,1159.766666666667,1038.9833333333333,28.38,80.8,37,1222.2,1209.6
2025-09-11 17:00:00,17,3,0,1222.2,1204.7,1170.5,1206.9,1199.1333333333337,1109.4666666666667,28.0,82.6,34,1209.6,1174.7
2025-09-11 18:00:00,18,3,0,1209.6,1222.2,1204.7,1187.1,1212.1666666666672,1156.3500000000001,27.53,81.4,29,1174.7,1128.8
2025-09-11 19:00:00,19,3,0,1174.7,1209.6,1222.2,1132.7,1202.166666666667,1180.9666666666667,26.77,82.7,22,1128.8,1058.1
2025-09-11 20:00:00,20,3,0,1128.8,1174.7,1209.6,1063.9,1171.0333333333338,1185.0833333333333,26.0,82.8,14,1058.1,945.0
2025-09-11 21:00:00,21,3,0,1058.1,1128.8,1174.7,945.9,1120.5333333333335,1166.35,25.62,78.0,0,945.0,840.3
2025-09-11 22:00:00,22,3,0,945.0,1058.1,1128.8,845.9,1043.966666666667,1123.0666666666666,25.04,80.0,0,840.3,771.2
2025-09-11 23:00:00,23,3,0,840.3,945.0,1058.1,768.3,947.8000000000003,1059.4166666666667,25.0,79.7,0,771.2,704.0
2025-09-12 00:00:00,0,4,0,771.2,840.3,945.0,711.5,852.166666666667,986.3499999999999,24.94,84.6,0,704.0,669.9
2025-09-12 01:00:00,1,4,0,704.0,771.2,840.3,660.3,771.8333333333336,907.9,24.45,86.0,0,669.9,627.0
2025-09-12 02:00:00,2,4,0,669.9,704.0,771.2,620.5,715.0333333333338,831.4166666666666,24.59,86.0,0,627.0,594.3
2025-09-12 03:00:00,3,4,0,627.0,669.9,704.0,591.5,666.966666666667,759.5666666666667,24.31,87.8,0,594.3,556.1
2025-09-12 04:00:00,4,4,0,594.3,627.0,669.9,552.7,630.4000000000004,701.1166666666667,24.62,88.2,0,556.1,519.0
2025-09-12 05:00:00,5,4,0,556.1,594.3,627.0,530.6,592.466666666667,653.75,24.74,87.5,0,519.0,497.5
2025-09-12 06:00:00,6,4,0,519.0,556.1,594.3,506.2,556.466666666667,611.7166666666667,24.87,86.6,0,497.5,481.4
2025-09-12 07:00:00,7,4,0,497.5,519.0,556.1,485.1,524.2000000000004,577.3000000000001,25.66,86.1,0,481.4,563.8
2025-09-12 08:00:00,8,4,0,481.4,497.5,519.0,561.3,499.30000000000035,545.8833333333333,25.99,84.4,14,563.8,676.4
2025-09-12 09:00:00,9,4,0,563.8,481.4,497.5,675.8,514.2333333333337,535.35,26.69,82.7,22,676.4,815.5
2025-09-12 10:00:00,10,4,0,676.4,563.8,481.4,799.3,573.866666666667,549.0333333333333,26.87,82.3,29,815.5,921.7
2025-09-12 11:00:00,11,4,0,815.5,676.4,563.8,928.3,685.2333333333337,592.2666666666667,27.53,85.6,34,921.7,1028.1
2025-09-12 12:00:00,12,4,0,921.7,815.5,676.4,1027.0,804.5333333333338,659.3833333333333,27.72,85.5,37,1028.1,1112.1
2025-09-12 13:00:00,13,4,0,1028.1,921.7,815.5,1104.1,921.766666666667,747.8166666666666,27.98,83.2,39,1112.1,1177.6
2025-09-12 14:00:00,14,4,0,1112.1,1028.1,921.7,1170.5,1020.6333333333337,852.9333333333333,28.28,81.2,40,1177.6,1203.4
2025-09-12 15:00:00,15,4,0,1177.6,1112.1,1028.1,1204.7,1105.9333333333336,955.2333333333332,28.34,84.0,39,1203.4,1220.9
2025-09-12 16:00:00,16,4,0,1203.4,1177.6,1112.1,1222.2,1164.366666666667,1043.0666666666666,28.03,81.3,37,1220.9,1201.0
2025-09-12 17:00:00,17,4,0,1220.9,1203.4,1177.6,1209.6,1200.6333333333337,1110.6333333333334,27.77,81.6,34,1201.0,1183.9
2025-09-12 18:00:00,18,4,0,1201.0,1220.9,1203.4,1174.7,1208.4333333333336,1157.1833333333334,27.59,81.9,29,1183.9,1129.5
2025-09-12 19:00:00,19,4,0,1183.9,1201.0,1220.9,1128.8,1201.9333333333338,1183.1499999999999,26.93,83.1,22,1129.5,1057.4
2025-09-12 20:00:00,20,4,0,1129.5,1183.9,1201.0,1058.1,1171.4666666666672,1186.05,26.57,81.7,14,1057.4,942.2
2025-09-12 21:00:00,21,4,0,1057.4,1129.5,1183.9,945.0,1123.6000000000006,1166.0166666666667,26.1,86.0,0,942.2,843.2
2025-09-12 22:00:00,22,4,0,942.2,1057.4,1129.5,840.3,1043.0333333333338,1122.4833333333333,25.59,84.7,0,843.2,761.3
2025-09-12 23:00:00,23,4,0,843.2,942.2,1057.4,771.2,947.6000000000004,1059.5333333333333,24.96,84.8,0,761.3,707.4
2025-09-13 00:00:00,0,5,1,761.3,843.2,942.2,704.0,848.9000000000004,986.25,24.57,84.9,0,707.4,669.9
2025-09-13 01:00:00,1,5,1,707.4,761.3,843.2,669.9,770.6333333333337,906.8333333333334,23.73,86.4,0,669.9,626.2
2025-09-13 02:00:00,2,5,1,669.9,707.4,761.3,627.0,712.8666666666671,830.2333333333335,23.55,87.1,0,626.2,589.6
2025-09-13 03:00:00,3,5,1,626.2,669.9,707.4,594.3,667.8333333333337,758.3666666666667,24.06,87.8,0,589.6,561.1
2025-09-13 04:00:00,4,5,1,589.6,626.2,669.9,556.1,628.5666666666671,699.6,24.31,87.8,0,561.1,542.1
2025-09-13 05:00:00,5,5,1,561.1,589.6,626.2,519.0,592.3000000000004,652.5833333333334,24.59,85.9,0,542.1,511.5
2025-09-13 06:00:00,6,5,1,542.1,561.1,589.6,497.5,564.266666666667,616.0500000000001,25.07,85.4,0,511.5,491.8
2025-09-13 07:00:00,7,5,1,511.5,542.1,561.1,481.4,538.2333333333337,583.4,25.26,88.3,0,491.8,475.7
2025-09-13 08:00:00,8,5,1,491.8,511.5,542.1,563.8,515.1333333333338,553.7166666666666,26.0,84.7,0,475.7,535.0
2025-09-13 09:00:00,9,5,1,475.7,491.8,511.5,676.4,493.0000000000004,528.6333333333333,26.45,82.3,10,535.0,606.7
2025-09-13 10:00:00,10,5,1,535.0,475.7,491.8,815.5,500.8333333333337,519.5333333333334,26.6,82.5,16,606.7,681.5
2025-09-13 11:00:00,11,5,1,606.7,535.0,475.7,921.7,539.1333333333338,527.1333333333333,27.09,82.3,19,681.5,733.3
2025-09-13 12:00:00,12,5,1,681.5,606.7,535.0,1028.1,607.7333333333337,550.3666666666667,27.66,80.9,20,733.3,764.8
2025-09-13 13:00:00,13,5,1,733.3,681.5,606.7,1112.1,673.8333333333337,587.3333333333334,28.18,79.3,19,764.8,771.0
2025-09-13 14:00:00,14,5,1,764.8,733.3,681.5,1177.6,726.5333333333338,632.8333333333334,28.17,81.4,16,771.0,744.7
2025-09-13 15:00:00,15,5,1,771.0,764.8,733.3,1203.4,756.3666666666671,682.05,28.29,80.7,10,744.7,685.4
2025-09-13 16:00:00,16,5,1,744.7,771.0,764.8,1220.9,760.166666666667,717.0,28.39,80.9,0,685.4,630.1
2025-09-13 17:00:00,17,5,1,685.4,744.7,771.0,1201.0,733.7000000000004,730.1166666666667,28.27,78.4,0,630.1,588.1
2025-09-13 18:00:00,18,5,1,630.1,685.4,744.7,1183.9,686.7333333333337,721.5500000000001,27.77,77.8,0,588.1,564.3
2025-09-13 19:00:00,19,5,1,588.1,630.1,685.4,1129.5,634.5333333333338,697.35,27.45,81.7,0,564.3,527.2
2025-09-13 20:00:00,20,5,1,564.3,588.1,630.1,1057.4,594.166666666667,663.9333333333334,26.56,84.9,0,527.2,511.5
2025-09-13 21:00:00,21,5,1,527.2,564.3,588.1,942.2,559.8666666666671,623.3000000000001,26.09,86.3,0,511.5,504.8
2025-09-13 22:00:00,22,5,1,511.5,527.2,564.3,843.2,534.3333333333338,584.4333333333333,25.79,86.2,0,504.8,487.8
2025-09-13 23:00:00,23,5,1,504.8,511.5,527.2,761.3,514.5000000000003,554.3333333333334,25.01,86.8,0,487.8,477.6
2025-09-14 00:00:00,0,6,1,487.8,504.8,511.5,707.4,501.3666666666671,530.6166666666667,24.67,87.4,0,477.6,470.2
2025-09-14 01:00:00,1,6,1,477.6,487.8,504.8,669.9,490.06666666666706,512.1999999999999,24.04,88.3,0,470.2,452.2
2025-09-14 02:00:00,2,6,1,470.2,477.6,487.8,626.2,478.53333333333376,496.51666666666665,23.98,86.8,0,452.2,449.5
2025-09-14 03:00:00,3,6,1,452.2,470.2,477.6,589.6,466.666666666667,484.01666666666665,24.04,87.3,0,449.5,449.0
2025-09-14 04:00:00,4,6,1,449.5,452.2,470.2,561.1,457.30000000000035,473.68333333333334,24.34,85.6,0,449.0,439.7
2025-09-14 05:00:00,5,6,1,449.0,449.5,452.2,542.1,450.23333333333375,464.38333333333327,24.71,83.9,0,439.7,440.1
2025-09-14 06:00:00,6,6,1,439.7,449.0,449.5,511.5,446.06666666666706,456.36666666666673,25.2,81.4,0,440.1,436.1
2025-09-14 07:00:00,7,6,1,440.1,439.7,449.0,491.8,442.9333333333337,450.11666666666673,25.36,82.3,0,436.1,436.4
2025-09-14 08:00:00,8,6,1,436.1,440.1,439.7,475.7,438.6333333333337,444.43333333333334,25.66,82.6,0,436.4,432.8
2025-09-14 09:00:00,9,6,1,436.4,436.1,440.1,535.0,437.5333333333337,441.8,26.26,80.5,0,432.8,432.0
2025-09-14 10:00:00,10,6,1,432.8,436.4,436.1,606.7,435.10000000000036,439.0166666666667,26.85,79.9,0,432.0,431.7
2025-09-14 11:00:00,11,6,1,432.0,432.8,436.4,681.5,433.73333333333375,436.1833333333334,27.19,78.9,0,431.7,431.6
2025-09-14 12:00:00,12,6,1,431.7,432.0,432.8,733.3,432.166666666667,434.84999999999997,27.7,79.2,0,431.6,429.8
2025-09-14 13:00:00,13,6,1,431.6,431.7,432.0,764.8,431.76666666666705,433.43333333333334,28.19,78.9,0,429.8,418.4
2025-09-14 14:00:00,14,6,1,429.8,431.6,431.7,771.0,431.03333333333376,432.3833333333334,28.15,79.2,0,418.4,417.6
2025-09-14 15:00:00,15,6,1,418.4,429.8,431.6,744.7,426.60000000000036,429.3833333333334,28.38,82.2,0,417.6,430.9
2025-09-14 16:00:00,16,6,1,417.6,418.4,429.8,685.4,421.9333333333337,426.84999999999997,28.19,83.4,0,430.9,431.4
2025-09-14 17:00:00,17,6,1,430.9,417.6,418.4,630.1,422.30000000000035,426.6666666666667,28.24,82.9,0,431.4,433.1
2025-09-14 18:00:00,18,6,1,431.4,430.9,417.6,588.1,426.63333333333367,426.6166666666666,27.73,85.3,0,433.1,428.5
2025-09-14 19:00:00,19,6,1,433.1,431.4,430.9,564.3,431.80000000000035,426.8666666666666,27.51,84.4,0,428.5,431.4
2025-09-14 20:00:00,20,6,1,428.5,433.1,431.4,527.2,431.0000000000004,426.6499999999999,26.76,85.4,0,431.4,427.1
2025-09-14 21:00:00,21,6,1,431.4,428.5,433.1,511.5,431.0000000000004,428.81666666666666,26.36,84.1,0,427.1,411.9
2025-09-14 22:00:00,22,6,1,427.1,431.4,428.5,504.8,429.0000000000004,430.3999999999999,25.85,82.0,0,411.9,415.1
2025-09-14 23:00:00,23,6,1,411.9,427.1,431.4,487.8,423.466666666667,427.23333333333335,25.52,81.8,0,415.1,416.4
2025-09-15 00:00:00,0,0,0,415.1,411.9,427.1,477.6,418.03333333333376,424.5166666666667,25.21,84.0,0,416.4,428.8
2025-09-15 01:00:00,1,0,0,416.4,415.1,411.9,470.2,414.466666666667,421.7333333333333,24.86,86.5,0,428.8,429.3
2025-09-15 02:00:00,2,0,0,428.8,416.4,415.1,452.2,420.10000000000036,421.7833333333333,24.55,85.7,0,429.3,427.4
2025-09-15 03:00:00,3,0,0,429.3,428.8,416.4,449.5,424.8333333333337,421.4333333333334,24.57,85.4,0,427.4,414.9
2025-09-15 04:00:00,4,0,0,427.4,429.3,428.8,449.0,428.5000000000004,421.4833333333333,24.6,84.0,0,414.9,413.2
2025-09-15 05:00:00,5,0,0,414.9,427.4,429.3,439.7,423.8666666666671,421.98333333333335,24.68,82.6,0,413.2,415.9
2025-09-15 06:00:00,6,0,0,413.2,414.9,427.4,440.1,418.5000000000004,421.6666666666667,25.02,81.4,0,415.9,417.8
2025-09-15 07:00:00,7,0,0,415.9,413.2,414.9,436.1,414.666666666667,421.5833333333333,25.29,81.7,0,417.8,519.9
2025-09-15 08:00:00,8,0,0,417.8,415.9,413.2,436.4,415.63333333333367,419.75,25.88,80.8,14,519.9,652.5
2025-09-15 09:00:00,9,0,0,519.9,417.8,415.9,432.8,451.20000000000033,434.8499999999999,26.39,78.7,22,652.5,786.9
2025-09-15 10:00:00,10,0,0,652.5,519.9,417.8,432.0,530.0666666666671,472.3666666666666,26.67,80.9,29,786.9,907.1
2025-09-15 11:00:00,11,0,0,786.9,652.5,519.9,431.7,653.1000000000004,534.3666666666667,27.49,79.3,34,907.1,1024.7
2025-09-15 12:00:00,12,0,0,907.1,786.9,652.5,431.6,782.166666666667,616.6833333333334,27.99,80.4,37,1024.7,1115.7
2025-09-15 13:00:00,13,0,0,1024.7,907.1,786.9,429.8,906.2333333333337,718.15,28.03,79.4,39,1115.7,1173.5
2025-09-15 14:00:00,14,0,0,1115.7,1024.7,907.1,418.4,1015.8333333333336,834.4666666666667,27.79,79.0,40,1173.5,1209.3
2025-09-15 15:00:00,15,0,0,1173.5,1115.7,1024.7,417.6,1104.633333333334,943.4000000000001,27.69,83.3,39,1209.3,1222.6
2025-09-15 16:00:00,16,0,0,1209.3,1173.5,1115.7,430.9,1166.1666666666672,1036.2,28.21,81.9,37,1222.6,1215.2
2025-09-15 17:00:00,17,0,0,1222.6,1209.3,1173.5,431.4,1201.8000000000004,1108.8166666666666,28.03,83.9,34,1215.2,1174.7
2025-09-15 18:00:00,18,0,0,1215.2,1222.6,1209.3,433.1,1215.7000000000005,1160.1666666666667,27.57,83.0,29,1174.7,1117.6
2025-09-15 19:00:00,19,0,0,1174.7,1215.2,1222.6,428.5,1204.166666666667,1185.1666666666667,27.3,85.9,22,1117.6,1051.1
2025-09-15 20:00:00,20,0,0,1117.6,1174.7,1215.2,431.4,1169.1666666666672,1185.4833333333333,26.74,86.9,14,1051.1,944.1
2025-09-15 21:00:00,21,0,0,1051.1,1117.6,1174.7,427.1,1114.466666666667,1165.0833333333333,26.36,85.9,0,944.1,845.2
2025-09-15 22:00:00,22,0,0,944.1,1051.1,1117.6,411.9,1037.6000000000001,1120.8833333333334,25.69,88.8,0,845.2,768.3
2025-09-15 23:00:00,23,0,0,845.2,944.1,1051.1,415.1,946.8000000000003,1057.9833333333333,25.33,85.8,0,768.3,705.3
2025-09-16 00:00:00,0,1,0,768.3,845.2,944.1,416.4,852.5333333333338,983.5,24.77,83.6,0,705.3,650.2
2025-09-16 01:00:00,1,1,0,705.3,768.3,845.2,428.8,772.9333333333337,905.2666666666665,24.72,84.3,0,650.2,610.2
2025-09-16 02:00:00,2,1,0,650.2,705.3,768.3,429.3,707.9333333333337,827.3666666666667,24.49,82.9,0,610.2,570.1
2025-09-16 03:00:00,3,1,0,610.2,650.2,705.3,427.4,655.2333333333337,753.8833333333333,24.21,82.7,0,570.1,548.3
2025-09-16 04:00:00,4,1,0,570.1,610.2,650.2,414.9,610.1666666666671,691.5500000000001,24.2,85.1,0,548.3,526.2
2025-09-16 05:00:00,5,1,0,548.3,570.1,610.2,413.2,576.2000000000004,642.0666666666666,24.42,84.4,0,526.2,519.9
2025-09-16 06:00:00,6,1,0,526.2,548.3,570.1,415.9,548.2000000000004,601.7166666666667,25.28,83.2,0,519.9,504.5
2025-09-16 07:00:00,7,1,0,519.9,526.2,548.3,417.8,531.466666666667,570.8166666666667,25.48,81.3,0,504.5,562.0
2025-09-16 08:00:00,8,1,0,504.5,519.9,526.2,519.9,516.8666666666671,546.5333333333334,26.04,82.2,14,562.0,675.4
2025-09-16 09:00:00,9,1,0,562.0,504.5,519.9,652.5,528.8000000000003,538.5,26.33,81.6,22,675.4,802.5
2025-09-16 10:00:00,10,1,0,675.4,562.0,504.5,786.9,580.6333333333337,556.0500000000001,26.57,82.5,29,802.5,919.8
2025-09-16 11:00:00,11,1,0,802.5,675.4,562.0,907.1,679.966666666667,598.4166666666666,27.06,83.1,34,919.8,1027.1
2025-09-16 12:00:00,12,1,0,919.8,802.5,675.4,1024.7,799.2333333333336,664.0166666666667,27.37,82.2,37,1027.1,1119.0
2025-09-16 13:00:00,13,1,0,1027.1,919.8,802.5,1115.7,916.466666666667,748.5499999999998,27.96,83.0,39,1119.0,1173.2
2025-09-16 14:00:00,14,1,0,1119.0,1027.1,919.8,1173.5,1021.966666666667,850.9666666666666,28.25,82.4,40,1173.2,1199.9
2025-09-16 15:00:00,15,1,0,1173.2,1119.0,1027.1,1209.3,1106.4333333333336,952.8333333333334,28.28,79.4,39,1199.9,1209.7
2025-09-16 16:00:00,16,1,0,1199.9,1173.2,1119.0,1222.6,1164.0333333333338,1040.25,27.82,79.6,37,1209.7,1209.7
2025-09-16 17:00:00,17,1,0,1209.7,1199.9,1173.2,1215.2,1194.266666666667,1108.1166666666668,27.78,79.3,34,1209.7,1182.1
2025-09-16 18:00:00,18,1,0,1209.7,1209.7,1199.9,1174.7,1206.4333333333336,1156.4333333333334,27.46,77.8,29,1182.1,1131.8
2025-09-16 19:00:00,19,1,0,1182.1,1209.7,1209.7,1117.6,1200.5000000000002,1182.2666666666667,27.13,80.3,22,1131.8,1062.2
2025-09-16 20:00:00,20,1,0,1131.8,1182.1,1209.7,1051.1,1174.5333333333338,1184.4,26.76,79.8,14,1062.2,950.0
2025-09-16 21:00:00,21,1,0,1062.2,1131.8,1182.1,944.1,1125.366666666667,1165.8999999999999,26.21,79.0,0,950.0,857.9
2025-09-16 22:00:00,22,1,0,950.0,1062.2,1131.8,845.2,1048.0000000000002,1124.25,25.85,79.3,0,857.9,770.1
2025-09-16 23:00:00,23,1,0,857.9,950.0,1062.2,768.3,956.7000000000004,1065.6166666666666,25.61,79.8,0,770.1,707.4
2025-09-17 00:00:00,0,2,0,770.1,857.9,950.0,705.3,859.3333333333336,992.3499999999999,25.16,81.8,0,707.4,646.0
2025-09-17 01:00:00,1,2,0,707.4,770.1,857.9,650.2,778.466666666667,913.2333333333335,24.61,81.4,0,646.0,605.3
2025-09-17 02:00:00,2,2,0,646.0,707.4,770.1,610.2,707.8333333333336,832.2666666666668,24.62,81.7,0,605.3,577.0
2025-09-17 03:00:00,3,2,0,605.3,646.0,707.4,570.1,652.9000000000004,756.1166666666667,24.57,79.6,0,577.0,547.5
2025-09-17 04:00:00,4,2,0,577.0,605.3,646.0,548.3,609.4333333333337,693.9499999999999,24.76,80.3,0,547.5,530.5
2025-09-17 05:00:00,5,2,0,547.5,577.0,605.3,526.2,576.6000000000004,642.2166666666667,24.99,78.6,0,530.5,501.8
2025-09-17 06:00:00,6,2,0,530.5,547.5,577.0,519.9,551.6666666666671,602.2833333333333,25.17,80.0,0,501.8,493.0
2025-09-17 07:00:00,7,2,0,501.8,530.5,547.5,504.5,526.6000000000005,568.0166666666667,25.73,79.2,0,493.0,578.5
2025-09-17 08:00:00,8,2,0,493.0,501.8,530.5,562.0,508.4333333333337,542.5166666666667,25.89,78.3,14,578.5,696.8
2025-09-17 09:00:00,9,2,0,578.5,493.0,501.8,675.4,524.4333333333337,538.0500000000001,26.22,80.9,22,696.8,820.8
2025-09-17 10:00:00,10,2,0,696.8,578.5,493.0,802.5,589.4333333333337,558.0166666666667,26.78,81.4,29,820.8,920.3
2025-09-17 11:00:00,11,2,0,820.8,696.8,578.5,919.8,698.7000000000004,603.5666666666666,27.54,77.5,34,920.3,1035.9
2025-09-17 12:00:00,12,2,0,920.3,820.8,696.8,1027.1,812.6333333333337,668.5333333333333,27.65,79.0,37,1035.9,1122.7
2025-09-17 13:00:00,13,2,0,1035.9,920.3,820.8,1119.0,925.666666666667,757.5500000000001,28.28,79.3,39,1122.7,1185.0
2025-09-17 14:00:00,14,2,0,1122.7,1035.9,920.3,1173.2,1026.3000000000004,862.5,28.27,80.6,40,1185.0,1219.3
2025-09-17 15:00:00,15,2,0,1185.0,1122.7,1035.9,1199.9,1114.5333333333338,963.5833333333334,28.28,80.5,39,1219.3,1230.9
2025-09-17 16:00:00,16,2,0,1219.3,1185.0,1122.7,1209.7,1175.6666666666672,1050.6666666666667,28.31,82.5,37,1230.9,1216.5
2025-09-17 17:00:00,17,2,0,1230.9,1219.3,1185.0,1209.7,1211.7333333333338,1119.0166666666667,27.95,80.9,34,1216.5,1181.6
2025-09-17 18:00:00,18,2,0,1216.5,1230.9,1219.3,1182.1,1222.2333333333338,1168.3833333333334,27.69,82.9,29,1181.6,1124.6
2025-09-17 19:00:00,19,2,0,1181.6,1216.5,1230.9,1131.8,1209.6666666666672,1192.6666666666667,27.5,81.5,22,1124.6,1056.2
2025-09-17 20:00:00,20,2,0,1124.6,1181.6,1216.5,1062.2,1174.2333333333338,1192.9833333333333,26.81,81.5,14,1056.2,939.2
2025-09-17 21:00:00,21,2,0,1056.2,1124.6,1181.6,950.0,1120.8000000000002,1171.5166666666667,26.25,83.1,0,939.2,841.8
2025-09-17 22:00:00,22,2,0,939.2,1056.2,1124.6,857.9,1040.0000000000005,1124.8333333333333,25.4,83.5,0,841.8,764.2
2025-09-17 23:00:00,23,2,0,841.8,939.2,1056.2,770.1,945.7333333333337,1059.9833333333333,25.27,85.5,0,764.2,702.6
2025-09-18 00:00:00,0,3,0,764.2,841.8,939.2,707.4,848.4000000000004,984.5999999999999,24.96,86.6,0,702.6,654.9
2025-09-18 01:00:00,1,3,0,702.6,764.2,841.8,646.0,769.5333333333338,904.7666666666668,24.42,90.0,0,654.9,609.3
2025-09-18 02:00:00,2,3,0,654.9,702.6,764.2,605.3,707.2333333333337,826.4833333333332,24.55,87.0,0,609.3,582.2
2025-09-18 03:00:00,3,3,0,609.3,654.9,702.6,577.0,655.6000000000004,752.0,24.55,85.8,0,582.2,542.1
2025-09-18 04:00:00,4,3,0,582.2,609.3,654.9,547.5,615.466666666667,692.5,24.59,84.2,0,542.1,519.4
2025-09-18 05:00:00,5,3,0,542.1,582.2,609.3,530.5,577.8666666666671,642.55,24.29,83.0,0,519.4,494.2
2025-09-18 06:00:00,6,3,0,519.4,542.1,582.2,501.8,547.9000000000004,601.75,24.34,83.2,0,494.2,479.7
2025-09-18 07:00:00,7,3,0,494.2,519.4,542.1,493.0,518.5666666666671,567.0166666666667,25.49,81.5,0,479.7,563.5
2025-09-18 08:00:00,8,3,0,479.7,494.2,519.4,578.5,497.76666666666705,537.8166666666667,25.75,78.5,14,563.5,687.6
2025-09-18 09:00:00,9,3,0,563.5,479.7,494.2,696.8,512.466666666667,530.1833333333334,26.03,82.2,22,687.6,815.8
2025-09-18 10:00:00,10,3,0,687.6,563.5,479.7,820.8,576.9333333333337,547.75,27.04,81.2,29,815.8,927.4
2025-09-18 11:00:00,11,3,0,815.8,687.6,563.5,920.3,688.9666666666672,593.3666666666667,27.33,83.9,34,927.4,1035.7
2025-09-18 12:00:00,12,3,0,927.4,815.8,687.6,1035.9,810.266666666667,661.3666666666667,28.11,81.3,37,1035.7,1108.6
2025-09-18 13:00:00,13,3,0,1035.7,927.4,815.8,1122.7,926.3000000000005,751.6166666666668,28.34,79.6,39,1108.6,1168.4
2025-09-18 14:00:00,14,3,0,1108.6,1035.7,927.4,1185.0,1023.9000000000004,856.4333333333334,28.61,80.3,40,1168.4,1191.2
2025-09-18 15:00:00,15,3,0,1168.4,1108.6,1035.7,1219.3,1104.2333333333338,957.25,28.84,77.2,39,1191.2,1216.3
2025-09-18 16:00:00,16,3,0,1191.2,1168.4,1108.6,1230.9,1156.0666666666673,1041.1833333333332,28.14,78.8,37,1216.3,1213.1
2025-09-18 17:00:00,17,3,0,1216.3,1191.2,1168.4,1216.5,1191.9666666666672,1107.9333333333334,27.7,80.7,34,1213.1,1176.6
2025-09-18 18:00:00,18,3,0,1213.1,1216.3,1191.2,1181.6,1206.866666666667,1155.55,27.75,80.1,29,1176.6,1126.4
2025-09-18 19:00:00,19,3,0,1176.6,1213.1,1216.3,1124.6,1202.0000000000005,1179.0333333333333,27.02,78.7,22,1126.4,1046.5
2025-09-18 20:00:00,20,3,0,1126.4,1176.6,1213.1,1056.2,1172.0333333333338,1182.0,26.88,78.1,14,1046.5,929.3
2025-09-18 21:00:00,21,3,0,1046.5,1126.4,1176.6,939.2,1116.5000000000005,1161.6833333333334,26.24,76.2,0,929.3,841.8
2025-09-18 22:00:00,22,3,0,929.3,1046.5,1126.4,841.8,1034.0666666666673,1118.0333333333333,25.76,79.0,0,841.8,765.0
2025-09-18 23:00:00,23,3,0,841.8,929.3,1046.5,764.2,939.2000000000004,1055.6166666666666,25.39,83.2,0,765.0,690.6
2025-09-19 00:00:00,0,4,0,765.0,841.8,929.3,702.6,845.3666666666671,980.9333333333334,24.99,84.5,0,690.6,648.2
2025-09-19 01:00:00,1,4,0,690.6,765.0,841.8,654.9,765.8000000000005,899.9333333333334,24.53,82.3,0,648.2,614.6
2025-09-19 02:00:00,2,4,0,648.2,690.6,765.0,609.3,701.2666666666672,820.2333333333335,24.31,84.7,0,614.6,582.0
2025-09-19 03:00:00,3,4,0,614.6,648.2,690.6,582.2,651.1333333333338,748.25,24.28,82.9,0,582.0,547.1
2025-09-19 04:00:00,4,4,0,582.0,614.6,648.2,542.1,614.9333333333338,690.3666666666667,24.5,82.8,0,547.1,536.8
2025-09-19 05:00:00,5,4,0,547.1,582.0,614.6,519.4,581.2333333333337,641.25,24.74,84.5,0,536.8,508.8
2025-09-19 06:00:00,6,4,0,536.8,547.1,582.0,494.2,555.3000000000005,603.2166666666667,25.34,82.9,0,508.8,482.5
2025-09-19 07:00:00,7,4,0,508.8,536.8,547.1,479.7,530.9000000000004,572.9166666666666,25.23,81.9,0,482.5,567.3
2025-09-19 08:00:00,8,4,0,482.5,508.8,536.8,563.5,509.3666666666671,545.3,25.29,84.0,14,567.3,672.2
2025-09-19 09:00:00,9,4,0,567.3,482.5,508.8,687.6,519.5333333333338,537.4166666666666,26.03,81.4,22,672.2,802.0
2025-09-19 10:00:00,10,4,0,672.2,567.3,482.5,815.8,574.0000000000005,552.4499999999999,27.03,81.3,29,802.0,924.6
2025-09-19 11:00:00,11,4,0,802.0,672.2,567.3,927.4,680.5000000000005,594.9333333333334,27.43,80.3,34,924.6,1032.4
2025-09-19 12:00:00,12,4,0,924.6,802.0,672.2,1035.7,799.6000000000005,659.5666666666667,27.99,79.4,37,1032.4,1109.1
2025-09-19 13:00:00,13,4,0,1032.4,924.6,802.0,1108.6,919.6666666666673,746.8333333333334,28.37,78.2,39,1109.1,1164.8
2025-09-19 14:00:00,14,4,0,1109.1,1032.4,924.6,1168.4,1022.0333333333338,851.2666666666668,28.38,76.9,40,1164.8,1196.9
2025-09-19 15:00:00,15,4,0,1164.8,1109.1,1032.4,1191.2,1102.1000000000006,950.85,28.3,79.7,39,1196.9,1211.9
2025-09-19 16:00:00,16,4,0,1196.9,1164.8,1109.1,1216.3,1156.9333333333338,1038.3,28.43,82.4,37,1211.9,1204.2
2025-09-19 17:00:00,17,4,0,1211.9,1196.9,1164.8,1213.1,1191.2000000000005,1106.6166666666668,28.38,78.3,34,1204.2,1180.3
2025-09-19 18:00:00,18,4,0,1204.2,1211.9,1196.9,1176.6,1204.333333333334,1153.2166666666667,27.76,75.0,29,1180.3,1121.4
2025-09-19 19:00:00,19,4,0,1180.3,1204.2,1211.9,1126.4,1198.8000000000004,1177.8666666666666,27.69,78.4,22,1121.4,1054.0
2025-09-19 20:00:00,20,4,0,1121.4,1180.3,1204.2,1046.5,1168.633333333334,1179.9166666666667,27.22,81.5,14,1054.0,946.8
2025-09-19 21:00:00,21,4,0,1054.0,1121.4,1180.3,929.3,1118.5666666666673,1161.45,26.61,83.1,0,946.8,848.4
2025-09-19 22:00:00,22,4,0,946.8,1054.0,1121.4,841.8,1040.7333333333338,1119.7666666666667,25.71,80.7,0,848.4,777.7
2025-09-19 23:00:00,23,4,0,848.4,946.8,1054.0,765.0,949.7333333333339,1059.1833333333332,25.29,79.5,0,777.7,708.7
2025-09-20 00:00:00,0,5,1,777.7,848.4,946.8,690.6,857.6333333333338,988.1,24.98,80.6,0,708.7,660.7
2025-09-20 01:00:00,1,5,1,708.7,777.7,848.4,648.2,778.2666666666672,909.5,24.58,82.8,0,660.7,616.0
2025-09-20 02:00:00,2,5,1,660.7,708.7,777.7,614.6,715.7000000000006,832.7166666666667,24.46,80.7,0,616.0,585.5
2025-09-20 03:00:00,3,5,1,616.0,660.7,708.7,582.0,661.8000000000006,759.7166666666667,24.55,84.4,0,585.5,551.2
2025-09-20 04:00:00,4,5,1,585.5,616.0,660.7,547.1,620.7333333333339,699.5,24.53,84.7,0,551.2,539.5
2025-09-20 05:00:00,5,5,1,551.2,585.5,616.0,536.8,584.2333333333339,649.9666666666667,24.95,82.7,0,539.5,525.0
2025-09-20 06:00:00,6,5,1,539.5,551.2,585.5,508.8,558.7333333333339,610.2666666666668,25.22,80.2,0,525.0,496.3
2025-09-20 07:00:00,7,5,1,525.0,539.5,551.2,482.5,538.5666666666672,579.65,25.26,80.3,0,496.3,478.3
2025-09-20 08:00:00,8,5,1,496.3,525.0,539.5,567.3,520.2666666666672,552.25,25.89,82.4,0,478.3,525.2
2025-09-20 09:00:00,9,5,1,478.3,496.3,525.0,672.2,499.86666666666724,529.3000000000001,26.41,80.9,10,525.2,617.6
2025-09-20 10:00:00,10,5,1,525.2,478.3,496.3,802.0,499.93333333333385,519.25,26.98,82.7,16,617.6,693.9
2025-09-20 11:00:00,11,5,1,617.6,525.2,478.3,924.6,540.3666666666672,530.3166666666667,27.58,82.1,19,693.9,747.5
2025-09-20 12:00:00,12,5,1,693.9,617.6,525.2,1032.4,612.2333333333339,556.0500000000001,27.82,81.7,20,747.5,766.1
2025-09-20 13:00:00,13,5,1,747.5,693.9,617.6,1109.1,686.3333333333339,593.1333333333333,27.58,80.3,19,766.1,754.7
2025-09-20 14:00:00,14,5,1,766.1,747.5,693.9,1164.8,735.8333333333339,638.1,27.83,80.7,16,754.7,730.8
2025-09-20 15:00:00,15,5,1,754.7,766.1,747.5,1196.9,756.1000000000005,684.1666666666666,28.14,81.6,10,730.8,675.5
2025-09-20 16:00:00,16,5,1,730.8,754.7,766.1,1211.9,750.5333333333338,718.4333333333334,28.32,80.7,0,675.5,642.1
2025-09-20 17:00:00,17,5,1,675.5,730.8,754.7,1204.2,720.3333333333339,728.0833333333334,28.24,83.0,0,642.1,603.5
2025-09-20 18:00:00,18,5,1,642.1,675.5,730.8,1180.3,682.8000000000005,719.4500000000002,28.42,81.7,0,603.5,567.9
2025-09-20 19:00:00,19,5,1,603.5,642.1,675.5,1121.4,640.3666666666672,695.4500000000002,27.75,78.0,0,567.9,537.1
2025-09-20 20:00:00,20,5,1,567.9,603.5,642.1,1054.0,604.5000000000006,662.4166666666666,26.76,77.2,0,537.1,511.3
2025-09-20 21:00:00,21,5,1,537.1,567.9,603.5,946.8,569.5000000000005,626.15,26.36,79.4,0,511.3,485.8
2025-09-20 22:00:00,22,5,1,511.3,537.1,567.9,848.4,538.7666666666672,589.5666666666667,26.38,81.9,0,485.8,483.5
2025-09-20 23:00:00,23,5,1,485.8,511.3,537.1,777.7,511.40000000000055,557.9499999999999,25.87,83.1,0,483.5,475.3
2025-09-21 00:00:00,0,6,1,483.5,485.8,511.3,708.7,493.5333333333339,531.5166666666667,25.04,83.9,0,475.3,471.0
2025-09-21 01:00:00,1,6,1,475.3,483.5,485.8,660.7,481.5333333333339,510.15000000000003,24.91,82.4,0,471.0,453.6
2025-09-21 02:00:00,2,6,1,471.0,475.3,483.5,616.0,476.60000000000053,494.0,24.93,81.1,0,453.6,452.6
2025-09-21 03:00:00,3,6,1,453.6,471.0,475.3,585.5,466.6333333333339,480.0833333333333,24.63,83.9,0,452.6,435.3
2025-09-21 04:00:00,4,6,1,452.6,453.6,471.0,551.2,459.06666666666723,470.29999999999995,24.25,83.9,0,435.3,427.1
2025-09-21 05:00:00,5,6,1,435.3,452.6,453.6,539.5,447.16666666666725,461.8833333333334,24.69,87.0,0,427.1,433.9
2025-09-21 06:00:00,6,6,1,427.1,435.3,452.6,525.0,438.3333333333339,452.48333333333335,24.8,85.1,0,433.9,430.1
2025-09-21 07:00:00,7,6,1,433.9,427.1,435.3,496.3,432.10000000000053,445.5833333333333,25.23,83.8,0,430.1,440.7
2025-09-21 08:00:00,8,6,1,430.1,433.9,427.1,478.3,430.36666666666724,438.76666666666665,26.0,82.3,0,440.7,436.9
2025-09-21 09:00:00,9,6,1,440.7,430.1,433.9,525.2,434.90000000000055,436.61666666666673,26.32,78.9,0,436.9,439.3
2025-09-21 10:00:00,10,6,1,436.9,440.7,430.1,617.6,435.90000000000055,434.0,27.3,77.9,0,439.3,436.1
2025-09-21 11:00:00,11,6,1,439.3,436.9,440.7,693.9,438.96666666666715,434.6666666666667,27.69,77.9,0,436.1,438.5
2025-09-21 12:00:00,12,6,1,436.1,439.3,436.9,747.5,437.43333333333385,436.1666666666667,27.6,79.8,0,438.5,421.3
2025-09-21 13:00:00,13,6,1,438.5,436.1,439.3,766.1,437.9666666666672,436.93333333333334,27.89,81.4,0,421.3,421.8
2025-09-21 14:00:00,14,6,1,421.3,438.5,436.1,754.7,431.9666666666672,435.4666666666667,28.58,84.2,0,421.8,421.3
2025-09-21 15:00:00,15,6,1,421.8,421.3,438.5,730.8,427.20000000000056,432.3166666666666,28.53,82.9,0,421.3,427.3
2025-09-21 16:00:00,16,6,1,421.3,421.8,421.3,675.5,421.4666666666672,429.7166666666667,28.79,81.2,0,427.3,417.3
2025-09-21 17:00:00,17,6,1,427.3,421.3,421.8,642.1,423.4666666666672,427.7166666666667,28.25,82.2,0,417.3,423.5
2025-09-21 18:00:00,18,6,1,417.3,427.3,421.3,603.5,421.9666666666672,424.5833333333333,28.12,84.9,0,423.5,428.1
2025-09-21 19:00:00,19,6,1,423.5,417.3,427.3,567.9,422.70000000000056,422.0833333333333,27.44,85.8,0,428.1,418.3
2025-09-21 20:00:00,20,6,1,428.1,423.5,417.3,537.1,422.9666666666672,423.2166666666667,27.3,83.9,0,418.3,425.4
2025-09-21 21:00:00,21,6,1,418.3,428.1,423.5,511.3,423.3000000000006,422.63333333333327,26.51,85.1,0,425.4,418.4
2025-09-21 22:00:00,22,6,1,425.4,418.3,428.1,485.8,423.93333333333385,423.31666666666666,26.12,87.4,0,418.4,414.0
2025-09-21 23:00:00,23,6,1,418.4,425.4,418.3,483.5,420.7000000000005,421.8333333333333,25.64,86.9,0,414.0,423.7
2025-09-22 00:00:00,0,0,0,414.0,418.4,425.4,475.3,419.26666666666716,421.28333333333336,25.75,83.8,0,423.7,409.9
2025-09-22 01:00:00,1,0,0,423.7,414.0,418.4,471.0,418.7000000000005,421.31666666666666,25.6,84.4,0,409.9,415.1
2025-09-22 02:00:00,2,0,0,409.9,423.7,414.0,453.6,415.8666666666672,418.2833333333333,24.94,85.1,0,415.1,419.8
2025-09-22 03:00:00,3,0,0,415.1,409.9,423.7,452.6,416.23333333333386,417.75,24.31,85.7,0,419.8,411.9
2025-09-22 04:00:00,4,0,0,419.8,415.1,409.9,435.3,414.93333333333385,416.81666666666666,24.57,85.9,0,411.9,425.2
2025-09-22 05:00:00,5,0,0,411.9,419.8,415.1,427.1,415.60000000000053,415.7333333333333,24.49,85.2,0,425.2,425.8
2025-09-22 06:00:00,6,0,0,425.2,411.9,419.8,433.9,418.96666666666715,417.59999999999997,25.07,81.5,0,425.8,426.1
2025-09-22 07:00:00,7,0,0,425.8,425.2,411.9,430.1,420.96666666666715,417.95,25.79,83.7,0,426.1,532.9
2025-09-22 08:00:00,8,0,0,426.1,425.8,425.2,440.7,425.70000000000056,420.65000000000003,26.24,84.1,14,532.9,650.2
2025-09-22 09:00:00,9,0,0,532.9,426.1,425.8,436.9,461.60000000000053,440.2833333333333,26.96,82.2,22,650.2,792.7
2025-09-22 10:00:00,10,0,0,650.2,532.9,426.1,439.3,536.4000000000005,478.68333333333334,27.29,84.1,29,792.7,921.0
2025-09-22 11:00:00,11,0,0,792.7,650.2,532.9,436.1,658.6000000000006,542.15,27.62,81.6,34,921.0,1032.0
2025-09-22 12:00:00,12,0,0,921.0,792.7,650.2,438.5,787.9666666666672,624.7833333333333,27.97,81.7,37,1032.0,1105.7
2025-09-22 13:00:00,13,0,0,1032.0,921.0,792.7,421.3,915.2333333333339,725.8166666666666,28.36,79.3,39,1105.7,1165.3
2025-09-22 14:00:00,14,0,0,1105.7,1032.0,921.0,421.8,1019.5666666666672,839.0833333333334,28.74,77.8,40,1165.3,1210.8
2025-09-22 15:00:00,15,0,0,1165.3,1105.7,1032.0,421.3,1101.0000000000007,944.4833333333335,28.58,78.9,39,1210.8,1221.0
2025-09-22 16:00:00,16,0,0,1210.8,1165.3,1105.7,427.3,1160.6000000000006,1037.9166666666667,28.55,78.3,37,1221.0,1207.9
2025-09-22 17:00:00,17,0,0,1221.0,1210.8,1165.3,417.3,1199.0333333333338,1109.3,28.16,80.6,34,1207.9,1184.7
2025-09-22 18:00:00,18,0,0,1207.9,1221.0,1210.8,423.5,1213.2333333333338,1157.1166666666666,27.78,80.2,29,1184.7,1127.0
2025-09-22 19:00:00,19,0,0,1184.7,1207.9,1221.0,428.1,1204.5333333333338,1182.5666666666666,27.43,81.0,22,1127.0,1050.9
2025-09-22 20:00:00,20,0,0,1127.0,1184.7,1207.9,418.3,1173.2000000000005,1186.1166666666666,27.4,78.9,14,1050.9,947.7
2025-09-22 21:00:00,21,0,0,1050.9,1127.0,1184.7,425.4,1120.8666666666675,1167.05,26.47,78.8,0,947.7,851.5
2025-09-22 22:00:00,22,0,0,947.7,1050.9,1127.0,418.4,1041.8666666666672,1123.2,25.95,80.6,0,851.5,766.6
2025-09-22 23:00:00,23,0,0,851.5,947.7,1050.9,414.0,950.0333333333339,1061.6166666666668,25.39,82.0,0,766.6,719.7
2025-09-23 00:00:00,0,1,0,766.6,851.5,947.7,423.7,855.2666666666672,988.0666666666667,25.0,84.0,0,719.7,654.0
2025-09-23 01:00:00,1,1,0,719.7,766.6,851.5,409.9,779.2666666666672,910.5666666666667,24.78,81.8,0,654.0,608.6
2025-09-23 02:00:00,2,1,0,654.0,719.7,766.6,415.1,713.4333333333338,831.7333333333335,25.11,81.4,0,608.6,575.4
2025-09-23 03:00:00,3,1,0,608.6,654.0,719.7,419.8,660.7666666666672,758.0166666666668,24.93,79.1,0,575.4,548.2
2025-09-23 04:00:00,4,1,0,575.4,608.6,654.0,411.9,612.6666666666673,695.9666666666667,24.99,82.2,0,548.2,518.2
2025-09-23 05:00:00,5,1,0,548.2,575.4,608.6,425.2,577.4000000000005,645.4166666666666,24.97,82.9,0,518.2,499.1
2025-09-23 06:00:00,6,1,0,518.2,548.2,575.4,425.8,547.2666666666672,604.0166666666668,25.36,84.1,0,499.1,486.7
2025-09-23 07:00:00,7,1,0,499.1,518.2,548.2,426.1,521.8333333333338,567.25,25.84,82.9,0,486.7,570.9
2025-09-23 08:00:00,8,1,0,486.7,499.1,518.2,532.9,501.3333333333339,539.3666666666667,26.23,83.2,14,570.9,683.6
2025-09-23 09:00:00,9,1,0,570.9,486.7,499.1,650.2,518.9000000000005,533.0833333333334,26.99,82.9,22,683.6,811.5
2025-09-23 10:00:00,10,1,0,683.6,570.9,486.7,792.7,580.4000000000005,551.1166666666667,27.19,81.7,29,811.5,921.1
2025-09-23 11:00:00,11,1,0,811.5,683.6,570.9,921.0,688.6666666666673,595.0,27.52,81.9,34,921.1,1023.0
2025-09-23 12:00:00,12,1,0,921.1,811.5,683.6,1032.0,805.4000000000005,662.15,27.76,78.9,37,1023.0,1111.4
2025-09-23 13:00:00,13,1,0,1023.0,921.1,811.5,1105.7,918.5333333333339,749.4666666666667,28.12,78.6,39,1111.4,1176.0
2025-09-23 14:00:00,14,1,0,1111.4,1023.0,921.1,1165.3,1018.5000000000006,853.5833333333334,28.72,76.4,40,1176.0,1214.9
2025-09-23 15:00:00,15,1,0,1176.0,1111.4,1023.0,1210.8,1103.4666666666672,954.4333333333334,28.86,77.4,39,1214.9,1218.8
2025-09-23 16:00:00,16,1,0,1214.9,1176.0,1111.4,1221.0,1167.4333333333338,1042.9833333333333,28.59,78.4,37,1218.8,1202.7
2025-09-23 17:00:00,17,1,0,1218.8,1214.9,1176.0,1207.9,1203.2333333333338,1110.8666666666668,28.4,77.3,34,1202.7,1174.5
2025-09-23 18:00:00,18,1,0,1202.7,1218.8,1214.9,1184.7,1212.133333333334,1157.8,27.97,74.5,29,1174.5,1122.6
2025-09-23 19:00:00,19,1,0,1174.5,1202.7,1218.8,1127.0,1198.6666666666672,1183.05,27.99,73.5,22,1122.6,1043.1
2025-09-23 20:00:00,20,1,0,1122.6,1174.5,1202.7,1050.9,1166.6000000000006,1184.9166666666667,27.34,74.8,14,1043.1,939.9
2025-09-23 21:00:00,21,1,0,1043.1,1122.6,1174.5,947.7,1113.4000000000003,1162.7666666666667,26.92,76.9,0,939.9,854.8
2025-09-23 22:00:00,22,1,0,939.9,1043.1,1122.6,851.5,1035.2000000000005,1116.9333333333332,26.09,81.5,0,854.8,760.5
2025-09-23 23:00:00,23,1,0,854.8,939.9,1043.1,766.6,945.9333333333338,1056.2666666666667,25.68,80.7,0,760.5,701.6
2025-09-24 00:00:00,0,2,0,760.5,854.8,939.9,719.7,851.7333333333339,982.5666666666666,25.23,81.7,0,701.6,657.1
2025-09-24 01:00:00,1,2,0,701.6,760.5,854.8,654.0,772.3000000000005,903.75,24.53,84.1,0,657.1,611.0
2025-09-24 02:00:00,2,2,0,657.1,701.6,760.5,608.6,706.4000000000005,826.1666666666666,24.54,84.5,0,611.0,576.9
2025-09-24 03:00:00,3,2,0,611.0,657.1,701.6,575.4,656.5666666666672,754.15,24.61,84.9,0,576.9,554.1
2025-09-24 04:00:00,4,2,0,576.9,611.0,657.1,548.2,615.0000000000006,693.65,24.56,84.9,0,554.1,538.5
2025-09-24 05:00:00,5,2,0,554.1,576.9,611.0,518.2,580.6666666666671,643.5333333333333,24.86,83.5,0,538.5,519.3
2025-09-24 06:00:00,6,2,0,538.5,554.1,576.9,499.1,556.5000000000005,606.5333333333333,25.34,81.7,0,519.3,499.2
2025-09-24 07:00:00,7,2,0,519.3,538.5,554.1,486.7,537.3000000000005,576.15,25.99,85.3,0,499.2,566.5
2025-09-24 08:00:00,8,2,0,499.2,519.3,538.5,570.9,519.0000000000006,549.8333333333334,26.4,81.4,14,566.5,682.4
2025-09-24 09:00:00,9,2,0,566.5,499.2,519.3,683.6,528.3333333333338,542.4166666666666,26.81,79.7,22,682.4,811.6
2025-09-24 10:00:00,10,2,0,682.4,566.5,499.2,811.5,582.7000000000005,560.0,27.0,78.5,29,811.6,933.5
2025-09-24 11:00:00,11,2,0,811.6,682.4,566.5,921.1,686.8333333333338,602.9166666666666,27.56,79.6,34,933.5,1027.9
2025-09-24 12:00:00,12,2,0,933.5,811.6,682.4,1023.0,809.1666666666671,668.75,28.07,78.3,37,1027.9,1117.1
2025-09-24 13:00:00,13,2,0,1027.9,933.5,811.6,1111.4,924.3333333333338,753.5166666666668,28.15,77.8,39,1117.1,1181.0
2025-09-24 14:00:00,14,2,0,1117.1,1027.9,933.5,1176.0,1026.1666666666672,856.5,28.7,77.4,40,1181.0,1212.1
2025-09-24 15:00:00,15,2,0,1181.0,1117.1,1027.9,1214.9,1108.6666666666672,958.9166666666666,28.86,79.5,39,1212.1,1220.3
2025-09-24 16:00:00,16,2,0,1212.1,1181.0,1117.1,1218.8,1170.066666666667,1047.2,28.6,79.1,37,1220.3,1207.9
2025-09-24 17:00:00,17,2,0,1220.3,1212.1,1181.0,1202.7,1204.4666666666672,1115.3166666666666,28.33,81.4,34,1207.9,1179.9
2025-09-24 18:00:00,18,2,0,1207.9,1220.3,1212.1,1174.5,1213.4333333333336,1161.05,27.99,82.4,29,1179.9,1132.0
2025-09-24 19:00:00,19,2,0,1179.9,1207.9,1220.3,1122.6,1202.7000000000005,1186.3833333333332,27.66,82.8,22,1132.0,1052.7
2025-09-24 20:00:00,20,2,0,1132.0,1179.9,1207.9,1043.1,1173.266666666667,1188.8666666666666,27.06,81.0,14,1052.7,937.7
2025-09-24 21:00:00,21,2,0,1052.7,1132.0,1179.9,939.9,1121.533333333334,1167.4833333333333,26.41,82.2,0,937.7,838.5
2025-09-24 22:00:00,22,2,0,937.7,1052.7,1132.0,854.8,1040.8000000000004,1121.75,26.05,81.2,0,838.5,764.0
2025-09-24 23:00:00,23,2,0,838.5,937.7,1052.7,760.5,942.9666666666672,1058.1166666666668,25.42,81.8,0,764.0,696.3
2025-09-25 00:00:00,0,3,0,764.0,838.5,937.7,701.6,846.7333333333339,984.1333333333333,25.1,82.9,0,696.3,647.5
2025-09-25 01:00:00,1,3,0,696.3,764.0,838.5,657.1,766.266666666667,903.5333333333334,25.28,80.3,0,647.5,609.2
2025-09-25 02:00:00,2,3,0,647.5,696.3,764.0,611.0,702.6000000000004,822.7833333333334,24.83,83.7,0,609.2,576.5
2025-09-25 03:00:00,3,3,0,609.2,647.5,696.3,576.9,651.0000000000005,748.8666666666667,24.72,83.3,0,576.5,548.2
2025-09-25 04:00:00,4,3,0,576.5,609.2,647.5,554.1,611.0666666666672,688.6666666666666,24.87,83.6,0,548.2,519.3
2025-09-25 05:00:00,5,3,0,548.2,576.5,609.2,538.5,577.9666666666672,640.2833333333334,25.28,83.2,0,519.3,502.0
2025-09-25 06:00:00,6,3,0,519.3,548.2,576.5,519.3,548.0000000000005,599.5,25.46,82.6,0,502.0,481.7
2025-09-25 07:00:00,7,3,0,502.0,519.3,548.2,499.2,523.1666666666671,567.1166666666667,25.63,81.8,0,481.7,566.0
2025-09-25 08:00:00,8,3,0,481.7,502.0,519.3,566.5,501.00000000000045,539.4833333333333,25.96,79.0,14,566.0,678.8
2025-09-25 09:00:00,9,3,0,566.0,481.7,502.0,682.4,516.5666666666672,532.2833333333333,26.75,79.9,22,678.8,792.3
2025-09-25 10:00:00,10,3,0,678.8,566.0,481.7,811.6,575.5000000000005,549.3333333333334,27.57,79.0,29,792.3,920.6
2025-09-25 11:00:00,11,3,0,792.3,678.8,566.0,933.5,679.0333333333338,590.0166666666667,27.79,76.5,34,920.6,1030.0
2025-09-25 12:00:00,12,3,0,920.6,792.3,678.8,1027.9,797.2333333333337,656.9,27.88,78.8,37,1030.0,1109.5
2025-09-25 13:00:00,13,3,0,1030.0,920.6,792.3,1117.1,914.3000000000005,744.9,28.37,79.0,39,1109.5,1180.0
2025-09-25 14:00:00,14,3,0,1109.5,1030.0,920.6,1181.0,1020.0333333333338,849.5333333333333,28.54,79.4,40,1180.0,1220.3
2025-09-25 15:00:00,15,3,0,1180.0,1109.5,1030.0,1212.1,1106.5000000000005,951.8666666666667,28.6,77.1,39,1220.3,1220.1
2025-09-25 16:00:00,16,3,0,1220.3,1180.0,1109.5,1220.3,1169.9333333333336,1042.1166666666666,28.75,77.0,37,1220.1,1204.5
2025-09-25 17:00:00,17,3,0,1220.1,1220.3,1180.0,1207.9,1206.8000000000004,1113.4166666666665,28.81,82.2,34,1204.5,1183.2
2025-09-25 18:00:00,18,3,0,1204.5,1220.1,1220.3,1179.9,1214.9666666666672,1160.7333333333333,28.24,83.0,29,1183.2,1128.6
2025-09-25 19:00:00,19,3,0,1183.2,1204.5,1220.1,1132.0,1202.6000000000004,1186.2666666666667,27.74,81.6,22,1128.6,1056.2
2025-09-25 20:00:00,20,3,0,1128.6,1183.2,1204.5,1052.7,1172.1000000000006,1189.45,27.6,82.3,14,1056.2,948.2
2025-09-25 21:00:00,21,3,0,1056.2,1128.6,1183.2,937.7,1122.666666666667,1168.8166666666666,26.77,80.8,0,948.2,849.3
2025-09-25 22:00:00,22,3,0,948.2,1056.2,1128.6,838.5,1044.3333333333337,1123.4666666666665,26.48,80.3,0,849.3,778.3
2025-09-25 23:00:00,23,3,0,849.3,948.2,1056.2,764.0,951.2333333333339,1061.6666666666667,26.01,80.6,0,778.3,710.1
2025-09-26 00:00:00,0,4,0,778.3,849.3,948.2,696.3,858.6000000000004,990.6333333333333,25.76,82.6,0,710.1,661.6
2025-09-26 01:00:00,1,4,0,710.1,778.3,849.3,647.5,779.2333333333337,911.7833333333334,25.79,82.8,0,661.6,616.3
2025-09-26 02:00:00,2,4,0,661.6,710.1,778.3,609.2,716.6666666666671,833.9499999999999,25.41,83.6,0,616.3,583.5
2025-09-26 03:00:00,3,4,0,616.3,661.6,710.1,576.5,662.6666666666671,760.6333333333333,25.51,84.2,0,583.5,553.9
2025-09-26 04:00:00,4,4,0,583.5,616.3,661.6,548.2,620.4666666666672,699.85,25.3,82.9,0,553.9,514.3
2025-09-26 05:00:00,5,4,0,553.9,583.5,616.3,519.3,584.5666666666671,650.6166666666667,25.04,83.5,0,514.3,512.1
2025-09-26 06:00:00,6,4,0,514.3,553.9,583.5,502.0,550.5666666666671,606.6166666666667,25.29,83.0,0,512.1,498.8
2025-09-26 07:00:00,7,4,0,512.1,514.3,553.9,481.7,526.7666666666671,573.6166666666667,25.92,82.8,0,498.8,570.6
2025-09-26 08:00:00,8,4,0,498.8,512.1,514.3,566.0,508.4000000000005,546.4833333333332,26.61,80.9,14,570.6,689.9
2025-09-26 09:00:00,9,4,0,570.6,498.8,512.1,678.8,527.1666666666671,538.8666666666667,27.1,77.5,22,689.9,806.3
2025-09-26 10:00:00,10,4,0,689.9,570.6,498.8,792.3,586.4333333333338,556.6,27.44,76.0,29,806.3,922.8
2025-09-26 11:00:00,11,4,0,806.3,689.9,570.6,920.6,688.9333333333337,598.6666666666666,27.69,78.1,34,922.8,1029.0
2025-09-26 12:00:00,12,4,0,922.8,806.3,689.9,1030.0,806.3333333333338,666.75,28.46,79.5,37,1029.0,1117.1
2025-09-26 13:00:00,13,4,0,1029.0,922.8,806.3,1109.5,919.3666666666671,752.9,28.77,80.3,39,1117.1,1176.9
2025-09-26 14:00:00,14,4,0,1117.1,1029.0,922.8,1180.0,1022.9666666666672,855.9499999999999,29.07,79.2,40,1176.9,1218.5
2025-09-26 15:00:00,15,4,0,1176.9,1117.1,1029.0,1220.3,1107.6666666666672,957.0,28.85,78.5,39,1218.5,1220.8
2025-09-26 16:00:00,16,4,0,1218.5,1176.9,1117.1,1220.1,1170.8333333333337,1045.1000000000001,28.8,77.4,37,1220.8,1206.2
2025-09-26 17:00:00,17,4,0,1220.8,1218.5,1176.9,1204.5,1205.4000000000005,1114.1833333333332,28.12,79.2,34,1206.2,1187.7
2025-09-26 18:00:00,18,4,0,1206.2,1220.8,1218.5,1183.2,1215.1666666666672,1161.4166666666667,27.77,78.0,29,1187.7,1135.6
2025-09-26 19:00:00,19,4,0,1187.7,1206.2,1220.8,1128.6,1204.9000000000005,1187.8666666666666,27.22,78.1,22,1135.6,1069.1
2025-09-26 20:00:00,20,4,0,1135.6,1187.7,1206.2,1056.2,1176.5000000000002,1190.95,27.1,77.8,14,1069.1,938.9
2025-09-26 21:00:00,21,4,0,1069.1,1135.6,1187.7,948.2,1130.8000000000004,1172.9833333333333,26.79,77.8,0,938.9,847.0
2025-09-26 22:00:00,22,4,0,938.9,1069.1,1135.6,849.3,1047.866666666667,1126.3833333333332,26.24,80.3,0,847.0,762.6
2025-09-26 23:00:00,23,4,0,847.0,938.9,1069.1,778.3,951.6666666666671,1064.0833333333333,25.61,80.6,0,762.6,696.0
2025-09-27 00:00:00,0,5,1,762.6,847.0,938.9,710.1,849.5000000000005,990.15,24.87,80.6,0,696.0,665.2
2025-09-27 01:00:00,1,5,1,696.0,762.6,847.0,661.6,768.5333333333338,908.1999999999999,24.92,81.3,0,665.2,615.8
2025-09-27 02:00:00,2,5,1,665.2,696.0,762.6,616.3,707.9333333333337,829.8000000000001,24.63,83.0,0,615.8,580.3
2025-09-27 03:00:00,3,5,1,615.8,665.2,696.0,583.5,659.0000000000005,754.25,25.09,84.8,0,580.3,534.2
2025-09-27 04:00:00,4,5,1,580.3,615.8,665.2,553.9,620.4333333333337,694.4833333333332,25.4,83.0,0,534.2,515.4
2025-09-27 05:00:00,5,5,1,534.2,580.3,615.8,514.3,576.7666666666671,642.35,25.42,82.0,0,515.4,498.7
2025-09-27 06:00:00,6,5,1,515.4,534.2,580.3,512.1,543.3000000000005,601.15,25.75,83.6,0,498.7,487.9
2025-09-27 07:00:00,7,5,1,498.7,515.4,534.2,498.8,516.1000000000005,568.2666666666667,26.33,84.0,0,487.9,467.7
2025-09-27 08:00:00,8,5,1,487.9,498.7,515.4,570.6,500.66666666666714,538.7166666666666,26.6,83.1,0,467.7,526.4
2025-09-27 09:00:00,9,5,1,467.7,487.9,498.7,689.9,484.7666666666671,514.0333333333334,26.91,82.3,10,526.4,601.0
2025-09-27 10:00:00,10,5,1,526.4,467.7,487.9,806.3,494.00000000000045,505.05,27.49,80.3,16,601.0,679.2
2025-09-27 11:00:00,11,5,1,601.0,526.4,467.7,922.8,531.7000000000004,516.1833333333334,27.9,79.9,19,679.2,733.3
2025-09-27 12:00:00,12,5,1,679.2,601.0,526.4,1029.0,602.2000000000004,543.4833333333333,28.26,78.9,20,733.3,772.9
2025-09-27 13:00:00,13,5,1,733.3,679.2,601.0,1117.1,671.1666666666671,582.5833333333334,28.48,80.0,19,772.9,770.0
2025-09-27 14:00:00,14,5,1,772.9,733.3,679.2,1176.9,728.4666666666672,630.0833333333334,28.42,78.3,16,770.0,746.8
2025-09-27 15:00:00,15,5,1,770.0,772.9,733.3,1218.5,758.7333333333339,680.4666666666666,28.8,77.8,10,746.8,684.2
2025-09-27 16:00:00,16,5,1,746.8,770.0,772.9,1220.8,763.2333333333337,717.1999999999999,28.86,78.1,0,684.2,638.9
2025-09-27 17:00:00,17,5,1,684.2,746.8,770.0,1206.2,733.6666666666671,731.0666666666666,28.93,78.3,0,638.9,602.1
2025-09-27 18:00:00,18,5,1,638.9,684.2,746.8,1187.7,689.9666666666672,724.35,28.32,78.8,0,602.1,562.4
2025-09-27 19:00:00,19,5,1,602.1,638.9,684.2,1135.6,641.7333333333338,702.4833333333332,27.66,80.2,0,562.4,543.3
2025-09-27 20:00:00,20,5,1,562.4,602.1,638.9,1069.1,601.1333333333338,667.4,27.57,80.2,0,543.3,510.8
2025-09-27 21:00:00,21,5,1,543.3,562.4,602.1,938.9,569.266666666667,629.6166666666667,26.71,82.4,0,510.8,486.2
2025-09-27 22:00:00,22,5,1,510.8,543.3,562.4,847.0,538.8333333333338,590.2833333333333,26.43,84.4,0,486.2,487.3
2025-09-27 23:00:00,23,5,1,486.2,510.8,543.3,762.6,513.4333333333337,557.2833333333333,25.87,83.1,0,487.3,471.2
2025-09-28 00:00:00,0,6,1,487.3,486.2,510.8,696.0,494.7666666666671,532.0166666666667,25.61,84.8,0,471.2,465.9
2025-09-28 01:00:00,1,6,1,471.2,487.3,486.2,665.2,481.5666666666671,510.2,25.06,83.2,0,465.9,459.4
2025-09-28 02:00:00,2,6,1,465.9,471.2,487.3,615.8,474.80000000000047,494.1166666666666,25.05,82.3,0,459.4,458.7
2025-09-28 03:00:00,3,6,1,459.4,465.9,471.2,580.3,465.50000000000045,480.13333333333327,25.1,83.4,0,458.7,451.6
2025-09-28 04:00:00,4,6,1,458.7,459.4,465.9,534.2,461.33333333333377,471.45,25.18,85.8,0,451.6,445.2
2025-09-28 05:00:00,5,6,1,451.6,458.7,459.4,515.4,456.5666666666671,465.6833333333334,25.55,81.9,0,445.2,448.1
2025-09-28 06:00:00,6,6,1,445.2,451.6,458.7,498.7,451.83333333333377,458.6666666666667,25.67,83.4,0,448.1,438.8
2025-09-28 07:00:00,7,6,1,448.1,445.2,451.6,487.9,448.30000000000047,454.81666666666666,26.04,82.9,0,438.8,429.0
2025-09-28 08:00:00,8,6,1,438.8,448.1,445.2,467.7,444.0333333333338,450.3,26.11,84.2,0,429.0,418.0
2025-09-28 09:00:00,9,6,1,429.0,438.8,448.1,526.4,438.63333333333384,445.23333333333335,26.8,82.2,0,418.0,421.4
2025-09-28 10:00:00,10,6,1,418.0,429.0,438.8,601.0,428.6000000000004,438.45000000000005,27.44,81.0,0,421.4,409.9
2025-09-28 11:00:00,11,6,1,421.4,418.0,429.0,679.2,422.80000000000047,433.4166666666667,28.02,80.4,0,409.9,422.5
2025-09-28 12:00:00,12,6,1,409.9,421.4,418.0,733.3,416.4333333333338,427.5333333333333,28.51,82.5,0,422.5,423.2
2025-09-28 13:00:00,13,6,1,422.5,409.9,421.4,772.9,417.9333333333338,423.26666666666665,28.67,79.2,0,423.2,415.8
2025-09-28 14:00:00,14,6,1,423.2,422.5,409.9,770.0,418.53333333333376,420.6666666666667,28.88,77.8,0,415.8,416.3
2025-09-28 15:00:00,15,6,1,415.8,423.2,422.5,746.8,420.50000000000045,418.46666666666664,28.98,77.0,0,416.3,409.5
2025-09-28 16:00:00,16,6,1,416.3,415.8,423.2,684.2,418.43333333333385,418.18333333333334,28.74,78.6,0,409.5,413.5
2025-09-28 17:00:00,17,6,1,409.5,416.3,415.8,638.9,413.8666666666671,416.2,28.67,79.1,0,413.5,413.2
2025-09-28 18:00:00,18,6,1,413.5,409.5,416.3,602.1,413.10000000000053,416.8,28.11,82.2,0,413.2,415.9
2025-09-28 19:00:00,19,6,1,413.2,413.5,409.5,562.4,412.0666666666671,415.25,27.74,82.2,0,415.9,425.3
2025-09-28 20:00:00,20,6,1,415.9,413.2,413.5,543.3,414.20000000000044,414.0333333333333,27.59,82.0,0,425.3,420.2
2025-09-28 21:00:00,21,6,1,425.3,415.9,413.2,510.8,418.13333333333384,415.61666666666673,27.53,84.0,0,420.2,421.6
2025-09-28 22:00:00,22,6,1,420.2,425.3,415.9,486.2,420.4666666666671,416.26666666666665,26.67,80.9,0,421.6,416.6
2025-09-28 23:00:00,23,6,1,421.6,420.2,425.3,487.3,422.3666666666672,418.2833333333333,25.96,84.8,0,416.6,415.2
2025-09-29 00:00:00,0,0,0,416.6,421.6,420.2,471.2,419.46666666666715,418.8,25.67,84.8,0,415.2,411.7
2025-09-29 01:00:00,1,0,0,415.2,416.6,421.6,465.9,417.80000000000047,419.1333333333334,25.1,84.6,0,411.7,412.6
2025-09-29 02:00:00,2,0,0,411.7,415.2,416.6,459.4,414.50000000000045,418.43333333333334,24.97,83.3,0,412.6,426.9
2025-09-29 03:00:00,3,0,0,412.6,411.7,415.2,458.7,413.16666666666714,416.31666666666666,25.18,85.4,0,426.9,419.5
2025-09-29 04:00:00,4,0,0,426.9,412.6,411.7,451.6,417.0666666666671,417.43333333333334,25.2,83.4,0,419.5,414.7
2025-09-29 05:00:00,5,0,0,419.5,426.9,412.6,445.2,419.66666666666714,417.0833333333333,25.11,85.5,0,414.7,409.1
2025-09-29 06:00:00,6,0,0,414.7,419.5,426.9,448.1,420.3666666666671,416.76666666666665,25.49,83.4,0,409.1,402.1
2025-09-29 07:00:00,7,0,0,409.1,414.7,419.5,438.8,414.4333333333338,415.75,25.91,84.3,0,402.1,500.4
2025-09-29 08:00:00,8,0,0,402.1,409.1,414.7,429.0,408.63333333333384,414.15000000000003,26.03,84.3,14,500.4,633.3
2025-09-29 09:00:00,9,0,0,500.4,402.1,409.1,418.0,437.20000000000044,428.7833333333333,26.91,82.4,22,633.3,773.1
2025-09-29 10:00:00,10,0,0,633.3,500.4,402.1,421.4,511.9333333333338,463.1833333333334,27.72,80.9,29,773.1,898.7
2025-09-29 11:00:00,11,0,0,773.1,633.3,500.4,409.9,635.6000000000004,522.1166666666667,28.07,81.3,34,898.7,1004.7
2025-09-29 12:00:00,12,0,0,898.7,773.1,633.3,422.5,768.3666666666671,602.7833333333333,28.34,79.9,37,1004.7,1095.0
2025-09-29 13:00:00,13,0,0,1004.7,898.7,773.1,423.2,892.1666666666671,702.0500000000001,28.9,76.9,39,1095.0,1166.6
2025-09-29 14:00:00,14,0,0,1095.0,1004.7,898.7,415.8,999.4666666666672,817.5333333333334,29.36,77.9,40,1166.6,1201.6
2025-09-29 15:00:00,15,0,0,1166.6,1095.0,1004.7,416.3,1088.766666666667,928.5666666666667,29.11,78.5,39,1201.6,1205.0
2025-09-29 16:00:00,16,0,0,1201.6,1166.6,1095.0,409.5,1154.4000000000003,1023.2833333333334,28.99,79.3,37,1205.0,1187.9
2025-09-29 17:00:00,17,0,0,1205.0,1201.6,1166.6,413.5,1191.066666666667,1095.2666666666667,28.91,78.3,34,1187.9,1167.9
2025-09-29 18:00:00,18,0,0,1187.9,1205.0,1201.6,413.2,1198.1666666666672,1143.4666666666667,28.18,76.1,29,1167.9,1124.4
2025-09-29 19:00:00,19,0,0,1167.9,1187.9,1205.0,415.9,1186.9333333333338,1170.6666666666667,28.11,76.9,22,1124.4,1064.7
2025-09-29 20:00:00,20,0,0,1124.4,1167.9,1187.9,425.3,1160.0666666666673,1175.5666666666668,27.45,77.1,14,1064.7,935.5
2025-09-29 21:00:00,21,0,0,1064.7,1124.4,1167.9,420.2,1119.0000000000007,1158.5833333333333,26.77,79.4,0,935.5,841.3
2025-09-29 22:00:00,22,0,0,935.5,1064.7,1124.4,421.6,1041.5333333333338,1114.2333333333333,25.98,81.2,0,841.3,773.7
